OBJECTID,BP_NO,STATUS,ADDRESS,UNIT_NO,DESCRIPTION,SCOPE,FILE_TYPE,BLDG_TYPE,APP_DETAIL,APPL_AREA,STOREYS,EST_CON_VALUE,RES_UNITS,DEMO,POSTAL_CODE,BLDG_NO,WARD,ZAREA,LATITUDE,LONGITUDE,APPLICATION_DATE,ISSUE_DATE,COMPLETE_DATE,latitude,longitude
385,BP 3ALT 18-215,ISSUED PERMIT,1149 LAKESHORE RD E,,REVISION TO #17-8009 - STAIRCASE (REMOVE ELEVATOR)  REMOVE SKYLIGHTS  REDUCE MAIN FLR VEST & REROUTE DUCTWORK.,ALTERATION TO EXISTING BLDG,COMMERCIAL,COMMERCIAL OFFICE- SINGLE USER,,,,34000,,N,L5E 1E8,,1,06,43.57985951,-79.55617663,1516320000000,2018-02-14,,43.57985951254952,-79.55617663058196
643,BP 3ALT 18-456,ISSUED PERMIT,5025 CREEKBANK RD,3RD FLR,INTERIOR ALTERATIONS TO AN EXISTING OFFICE- MOBILITY TRAINING ROOM / BELL CANADA,ALTERATION TO EXISTING BLDG,COMMERCIAL,COMMERCIAL OFFICE- SINGLE USER,,,,84000,,N,L4W 0B6,,5,35e,43.64355775,-79.61316359,1517961600000,2018-03-13,,43.643557752249386,-79.61316359075859
740,SGNBLD 18-472,COMPLETED -ALL INSP SIGNED OFF,3111 WHARTON WAY,,ONE GROUND SIGN - MOVE MOBILITY INC.,PYLON SIGN,INDUSTRIAL,SINGLE TENANT INDUSTRIAL,,,,7000,,N,L4X 2B6,,3,19,43.62145012,-79.57622292,1517961600000,2018-03-22,1567641600000,43.62145012441377,-79.57622291738379
799,BP 3ALT 18-497,COMPLETED -ALL INSP SIGNED OFF,1400 COURTNEYPARK DR E,,INTERIOR ALTERATIONS- LIFTOW LTD,ALTERATION TO EXISTING BLDG,INDUSTRIAL,SINGLE TENANT INDUSTRIAL,,,,1024000,,N,L5T 1H1,,5,42w,43.66168874,-79.65890243,1518134400000,2018-03-28,1557187200000,43.66168873689719,-79.65890243228418
1031,BP 3NEW 18-951,COMPLETED -ALL INSP SIGNED OFF,5655 KENNEDY RD,4,REVISION TO BP 17-9126 - INTERIOR AND EXTERIOR ALTERATIONS ( NEW RAMP AND OVERHEAD DRIVE-IN DOOR) - AVAD CANADA LTD.,REVISIONS,INDUSTRIAL,MULTI-TENANT INDUSTRIAL,,,,104000,,N,L4Z 3E1,,5,36e,43.62851586,-79.65500017,1521158400000,2018-04-23,1537401600000,43.628515856089635,-79.65500017031954
1167,BP 3NEW 18-717,COMPLETED -ALL INSP SIGNED OFF,155 BRITANNIA RD E,200,INSTALLATION OF A TEMPORARY ACCESSIBLE RAMP,OTHER,INDUSTRIAL,MULTI-TENANT INDUSTRIAL,,,,25000,,N,L4Z 4C3,A,5,43w,43.63018919,-79.67799291,1519776000000,2018-05-03,1572480000000,43.6301891875521,-79.67799291147541
1178,BP 3ALT 18-1319,ISSUED PERMIT,93 DUNDAS ST E,1,INTERIOR ALTERATIONS- INTERIOR DEMOLITION AND NEW BARRIER FREE WASHROOM  - MODEL SUITE  LANDLORD WORK,ALTERATION TO EXISTING BLDG,COMMERCIAL,COMMERCIAL - OTHER,,,,34000,,N,L5A 1W7,,7,21,43.58249486,-79.61464684,1523491200000,2018-05-04,,43.582494858383946,-79.61464684101865
1248,BP 3NEW 18-1092,COMPLETED -ALL INSP SIGNED OFF,945 BLOOR ST,,NEW ELEVATOR ADDITION WITH BARRIER-FREE WASHROOMS; INTERIOR ALTERATIONS-WASHROOM RENOVATIONS  NEW BARRIER-FREE STAGE LIFT & STAIR LIFT-APPLEWOOD SECONDARY SCHOOL,ADDITION AND ALTERATION,PUBLIC,SCHOOL - SECONDARY,,40,,221000,,N,L4Y 2M8,,3,20,43.60765401,-79.60572093,1522022400000,2018-05-10,1573776000000,43.60765400924354,-79.60572093348556
1353,BP 3NEW 18-1306,COMPLETED -ALL INSP SIGNED OFF,2155 DUNWIN DR,101 & 102,NEW BARRIER-FREE RAMP - LANDLORD'S WORK,ALTERATION TO EXISTING BLDG,COMMERCIAL,COMMERCIAL OFFICE - MULTI-USER,,,,34000,,N,L5L 4M1,,8,25,43.53482367,-79.67097195,1523404800000,2018-05-22,1576713600000,43.53482366584531,-79.67097195242202
1582,BP 3NEW 13-4110,ISSUED PERMIT,3657 PONYTRAIL DR,,ADDITION & ALTERATIONS - 1 STOREY LOBBY ADDITION & NEW BARRIER-FREE RAMP  CHURCH OF THE NAZARENE,ADDITION AND ALTERATION,PUBLIC,CHURCH,,47,,118000,,N,L4X 1W5,,3,19,43.63325356,-79.59003543,1362528000000,2018-06-13,,43.63325355613109,-79.59003543416526
1609,FIRE 18-1802,COMPLETED -ALL INSP SIGNED OFF,5915 AIRPORT RD,11TH FLR,INSTALLATION OF (2) MAGLOCKS - ELEVATOR LOBBY - HOSTOPIA,ELECTROMAG LOCK DEVICE,COMMERCIAL,COMMERCIAL OFFICE - MULTI-USER,,,,14000,,N,L4V 1T1,,5,33,43.68719812,-79.6078483,1526515200000,2018-06-14,1536537600000,43.68719811927478,-79.60784830387172
1730,BP 3NEW 18-576,COMPLETED -ALL INSP SIGNED OFF,135 MATHESON BLVD E,,2ND STOREY ADDN  NEW CANOPY  EXTERIOR ELEVATOR  INT & EXT ALTS TO CONVERT EXISTING OFFICE/WAREHOUSE SPACE INTO SELF-STORAGE FACILITY - BLUEBIRD SELF STORAGE FACILITY,ADDITION AND ALTERATION,INDUSTRIAL,INDUSTRIAL - OTHER,,2656.8,2,6409000,,N,L4Z 1R2,,5,36w,43.62137967,-79.66589658,1518652800000,2018-06-25,1562630400000,43.621379667642735,-79.66589657941547
1780,BP 3NEW 18-1443,COMPLETED -ALL INSP SIGNED OFF,2524 BROMSGROVE RD,,(2) STOREY SIDE ADDITION (ELEVATOR AND WASHROOMS) & INTERIOR ALTERATIONS - CLARKSON SECONDARY SCHOOL,ADDITION AND ALTERATION,PUBLIC,SCHOOL - SECONDARY,,97.2,,340000,,N,L5J 1L8,,2,11,43.50403589,-79.64519872,1524441600000,2018-06-28,1552608000000,43.504035887385825,-79.64519872251311
1784,BP 3NEW 18-1734,COMPLETED -ALL INSP SIGNED OFF,3573 WOLFEDALE RD,,EXTERIOR ALTERATIONS - (4) ROOFTOP UNITS  NEW DOOR  CONCRETE PAD AND RAMP - ROGERS,ALTERATION TO EXISTING BLDG,COMMERCIAL,COMMERCIAL OFFICE- SINGLE USER,,,,187000,,N,L5C 3T6,,6,23,43.57495516,-79.65111789,1526256000000,2018-06-28,1542067200000,43.574955155119376,-79.65111788937956
1892,BP 3ALT 18-2428,COMPLETED -ALL INSP SIGNED OFF,515 HARTSDALE AVE,,INTERIOR ALTERATIONS - VERTICAL LIFT RETROFIT FOR STAGE - ST DOMINIC ELEMENTARY SCHOOL,OTHER,PUBLIC,SCHOOL - ELEMENTARY,,,,34000,,N,L5G 2G7,,1,07,43.57330864,-79.57974775,1530576000000,2018-07-09,1559088000000,43.573308635113484,-79.57974775074764
1896,FIRE 18-2152,COMPLETED -ALL INSP SIGNED OFF,100 QUEENSWAY  W,,UPGRADE OF EXISTING ELEVATOR C9- TRILLIUM HEALTH PARTNERS,OTHER,PUBLIC,PUBLIC/INSTIT (EXCEPT SCHOOLS),,,,34000,,N,L5B 1B8,,7,15,43.57147885,-79.60788718,1528934400000,2018-07-09,1593734400000,43.5714788514522,-79.6078871835314
2005,BP 3NEW 18-1569,COMPLETED -ALL INSP SIGNED OFF,100 QUEENSWAY  W,,NEW PARKING GARAGE ELEVATOR,ALTERATION TO EXISTING BLDG,PUBLIC,PUBLIC/INSTIT (EXCEPT SCHOOLS),,,,153000,,N,L5B 1B8,,7,15,43.57147885,-79.60788718,1525132800000,2018-07-17,1616112000000,43.5714788514522,-79.6078871835314
2024,MECH 18-2344,COMPLETED -ALL INSP SIGNED OFF,2200 EGLINTON AVE W,,UPGRADE (2) TURTLE ELEVATOR MECHANICAL SYSTEMS,OTHER,PUBLIC,PUBLIC/INSTIT (EXCEPT SCHOOLS),,,,96000,,N,L5M 2N1,,8,31,43.5590133,-79.70319941,1529971200000,2018-07-18,1580342400000,43.55901329932373,-79.7031994089758
2025,FIRE 18-2334,COMPLETED -ALL INSP SIGNED OFF,5995 AVEBURY RD,,FIRE ALARM UPGRADE FOR ELEVATOR MODERNIZATION,OTHER,COMMERCIAL,COMMERCIAL OFFICE - MULTI-USER,,,,69000,,N,L5R 3P9,,5,37e,43.62350119,-79.68100566,1529971200000,2018-07-18,1537401600000,43.62350118924941,-79.68100566300951
2028,BP 3ALT 18-2427,COMPLETED -ALL INSP SIGNED OFF,1300 MCBRIDE AVE,,INTERIOR ALTERATIONS - VERTICAL LIFT RETOFIT FOR STAGE - ST GERARD ELEMENTARY SCHOOL,ALTERATION TO EXISTING BLDG,PUBLIC,SCHOOL - ELEMENTARY,,,,34000,,N,L5C 1M8,,6,24,43.55894164,-79.65647749,1530576000000,2018-07-18,1550620800000,43.5589416437439,-79.65647749119866
2038,BP 3ALT 18-2426,COMPLETED -ALL INSP SIGNED OFF,4233 CENTRAL PKY E,,INTERIOR ALTERATIONS - VERTICAL LIFT RETROFIT FOR STAGE - ST CHARLES GARNIER ELEMENTARY SCHOOL,ALTERATION TO EXISTING BLDG,PUBLIC,SCHOOL - ELEMENTARY,,,,63000,,N,L4Z 1M7,,4,28,43.60595881,-79.63193484,1530576000000,2018-07-18,1553817600000,43.60595880599803,-79.63193483658507
2136,SGNBLD 18-2287,COMPLETED -ALL INSP SIGNED OFF,1400 COURTNEYPARK DR E,,FIVE (5) MULTIPLE SIGNS FOR LIFTOW LIMITED,MULTIPLE SIGNS,INDUSTRIAL,SINGLE TENANT INDUSTRIAL,,,,33000,,N,L5T 1H1,,5,42w,43.66168874,-79.65890243,1529625600000,2018-07-25,1537747200000,43.66168873689719,-79.65890243228418
2182,BP 3NEW 18-2441,ISSUED PERMIT,93 DUNDAS ST E,,NEW BARRIER-FREE RAMP ON EXTERIOR OF BUILDING - LANDLORD'S WORK,ALTERATION TO EXISTING BLDG,COMMERCIAL,COMMERCIAL - OTHER,,,,34000,,N,L5A 1W7,,7,21,43.58249486,-79.61464684,1530576000000,2018-07-30,,43.582494858383946,-79.61464684101865
2378,BP 3ALT 18-2063,COMPLETED -ALL INSP SIGNED OFF,100 CITY CENTRE DR,2-839,INTERIOR ALTERATIONS DUE TO INCREASE IN UNIT SIZE - BELL MOBILITY STORE,ALTERATION TO EXISTING BLDG,COMMERCIAL,COMMERCIAL RETAIL - MULTI-USER,,,,272000,,N,L5B 2C9,,4,29,43.59274013,-79.64265442,1528416000000,2018-08-17,1543276800000,43.59274012997629,-79.64265441737689
2926,BP 3ALT 18-3596,COMPLETED -ALL INSP SIGNED OFF,1867 INNER CIR,2ND & 5TH FLR,INTERIOR ALTERATIONS OF EXISTING CORRIDORS & ELEVATOR LOBBIES (BLOCK A) - WILLIAM G. DAVIS BUILDING - UTM,ALTERATION TO EXISTING BLDG,PUBLIC,SCHOOL - OTHER,,,,242000,,N,L5L 1C6,,8,24,43.55069205,-79.66439744,1538352000000,2018-10-11,1624406400000,43.5506920494479,-79.66439743994357
3072,BP 3ALT 18-2727,ISSUED PERMIT,1260 KAMATO RD,,REPLACE EXISTING BARRIER FREE RAMP TO FRONT ENTRANCE - APPLIED ELECTRONICS LIMITED,ALTERATION TO EXISTING BLDG,INDUSTRIAL,SINGLE TENANT INDUSTRIAL,,,,34000,,N,L4W 1Y1,,5,35w,43.64206794,-79.63910434,1532390400000,2018-10-23,,43.642067944692606,-79.6391043430043
3560,FIRE 18-4426,COMPLETED -ALL INSP SIGNED OFF,4635 TOMKEN RD,,REPLACEMENT OF FIRE ALARM PANEL - LOBBY ELEVATOR OF DAYS INN HOTEL,OTHER,COMMERCIAL,COMMERCIAL - OTHER,,,,69000,,N,L4W 1J9,,3,27,43.62685601,-79.62914515,1543449600000,2018-12-04,1564531200000,43.62685600547602,-79.62914515185719
3741,BP 3NEW 18-4392,ISSUED PERMIT,160 BRUNEL RD,"A, B",NEW EXTERIOR BARRIER FREE RAMP AT FRONT ENTRANCE  SUITE SEPARATION TO CREATE (2) VACANT UNITS & INTERIOR ALTERATIONS TO OFFICE AREA,ALTERATION TO EXISTING BLDG,INDUSTRIAL,MULTI-TENANT INDUSTRIAL,,,,202000,,N,L4Z 1T5,,5,36w,43.6275199,-79.67281204,1543190400000,2018-12-20,,43.627519902297095,-79.67281204095703
3910,BP 3NEW 18-4348,COMPLETED -ALL INSP SIGNED OFF,2200 BROMSGROVE RD,,INTERIOR ALTERATIONS & NEW EXTERIOR RAMP FOR TEMPORARY SALES CENTRE - CLARKSON PRESENTATION CENTRE,ALTERATION TO EXISTING BLDG,INDUSTRIAL,INDUSTRIAL - OTHER,,,,187000,,N,L5J 1L4,,2,11,43.5107618,-79.63765397,1542844800000,2019-01-21,1580342400000,43.510761795244704,-79.6376539670257
3913,BP 3ALT 18-4729,COMPLETED -ALL INSP SIGNED OFF,1867 INNER CIR,"BLOCK B-C,LVL 3",INTERIOR ALTERATIONS - WASHROOM UPGRADES TO EXISTING WASHROOM & NEW BARRIER FREE WASHROOM - LEVEL 3 -  WILLIAM G. DAVIS BUILDING - UTM,ALTERATION TO EXISTING BLDG,PUBLIC,SCHOOL - OTHER,,,,34000,,N,L5L 1C6,,8,24,43.55069205,-79.66439744,1545350400000,2019-01-21,1624320000000,43.5506920494479,-79.66439743994357
3962,BP 3ALT 18-4243,COMPLETED -ALL INSP SIGNED OFF,7035 EDWARDS BLVD,,NEW (6) STOREY TOWER ADDITION FOR NEW ELEVATOR - MONTE CARLO INN,ADDITION TO EXISTING BLDG,COMMERCIAL,COMMERCIAL - OTHER,,59.53,,134000,,N,L5S 1X2,A,5,51w,43.64936936,-79.70362273,1542153600000,2019-01-25,1647907200000,43.64936935964923,-79.70362273070127
3968,BP 3ALT 18-3947,COMPLETED -ALL INSP SIGNED OFF,6900 AIRPORT RD,,INTERIOR ALTERATIONS - RE-PURPOSE EXISTING STAIR SHAFT TO ACCOMMODATE NEW FREIGHT LIFT,ALTERATION TO EXISTING BLDG,COMMERCIAL,COMMERCIAL - OTHER,,,,102000,,N,L4V 1E8,,5,40w,43.70350677,-79.63832813,1540512000000,2019-01-28,1572307200000,43.70350677339834,-79.63832813112714
3992,BP 3ALT 19-4782,COMPLETED -ALL INSP SIGNED OFF,1867 INNER CIR,"BLOCK B-C,LVL 2",INTERIOR ALTERATIONS - WASHROOM UPGRADES & NEW BARRIER FREE WASHROOM - WILLIAM G. DAVIS BUILDING - UTM,ALTERATION TO EXISTING BLDG,PUBLIC,SCHOOL - OTHER,,,,34000,,N,L5L 1C6,,8,24,43.55069205,-79.66439744,1546473600000,2019-01-29,1621987200000,43.5506920494479,-79.66439743994357
4170,BP 3ALT 18-4716,COMPLETED -ALL INSP SIGNED OFF,205 COURTNEYPARK DR W,103,REVISION TO PERMIT 18-3071 - LAYOUT  MECHANICAL SYSTEM & NEW EXTERIOR RAMP - TURNER & TOWNSEND c,REVISIONS,INDUSTRIAL,MULTI-TENANT INDUSTRIAL,,,,223000,,N,L5W 0A5,,5,44e,43.63312077,-79.70016941,1545264000000,2019-02-20,1552435200000,43.63312077088745,-79.7001694101108
4197,BP 3ALT 18-4450,COMPLETED -ALL INSP SIGNED OFF,2476 ARGENTIA RD,400,INTERIOR ALTERATIONS - WEICHERT WORKFORCE MOBILITY,ALTERATION TO EXISTING BLDG,COMMERCIAL,COMMERCIAL OFFICE - MULTI-USER,,,,571000,,N,L5N 6M1,C,9,46e,43.60030328,-79.75635892,1543795200000,2019-02-22,1566777600000,43.60030328025025,-79.75635891573987
4281,BP 3NEW 19-4943,COMPLETED -ALL INSP SIGNED OFF,2400 SKYMARK AVE,7A,EXTERIOR ALTERATIONS - FACADE CHANGES  NEW DOUBLE DOOR  NEW BARRIER FREE ACCESS RAMP - HOLOGIC CANADA ULC,ALTERATION TO EXISTING BLDG,INDUSTRIAL,MULTI-TENANT INDUSTRIAL,,,,55000,,N,L4W 5K5,,5,34w,43.65461574,-79.60143811,1547683200000,2019-03-05,1748563200000,43.654615738662294,-79.60143810673625
4302,BP 3ALT 19-4974,COMPLETED -ALL INSP SIGNED OFF,6200 CANTAY RD,20,INTERIOR ALTERATIONS  EXTERIOR GLAZING & RAMP TO MAIN ENTRANCE  - ESAB GROUP CANADA INC.,ALTERATION TO EXISTING BLDG,INDUSTRIAL,MULTI-TENANT INDUSTRIAL,,,,730000,,N,L5R 3Y9,,5,44e,43.62226617,-79.69140885,1548028800000,2019-03-06,1559520000000,43.62226616531417,-79.69140884825548
4365,FIRE 19-5463,COMPLETED -ALL INSP SIGNED OFF,6750 MISSISSAUGA RD,,FIRE ALARM SYSTEM UPGRADE - INSTALL SMOKE DETECTORS IN SOUTH TOWER SERVICE ELEVATOR LOBBIES,OTHER,COMMERCIAL,COMMERCIAL - OTHER,,,,36000,,N,L5N 2L3,,9,46e,43.60120226,-79.74259257,1551830400000,2019-03-13,1561593600000,43.60120225752071,-79.74259256976211
4483,BP 3ALT 19-5482,COMPLETED -ALL INSP SIGNED OFF,450 MATHESON BLVD E,43-44,INTERIOR ALTERATIONS - NEW PARTITIONS  NEW ACCESSIBLE WASHROOM  SPRINKLER   PLUMBING & HVAC MODIFICATIONS,ALTERATION TO EXISTING BLDG,INDUSTRIAL,MULTI-TENANT INDUSTRIAL,,,,135000,,N,L4Z 1R5,A,5,36w,43.62575731,-79.6572642,1551916800000,2019-03-26,1560902400000,43.62575731137397,-79.65726419819302
4581,SGNBLD 18-4616,COMPLETED -ALL INSP SIGNED OFF,210 ANNAGEM BLVD,,ONE (1) GROUND SIGN - CROWN LIFT TRUCKS,FASCIA SIGN,INDUSTRIAL,SINGLE TENANT INDUSTRIAL,,,,12000,,N,L5T 2V5,,5,43w,43.63907471,-79.68590431,1544745600000,2019-04-05,1563408000000,43.63907471145062,-79.68590430800262
4628,BP 3NEW 19-5486,COMPLETED -ALL INSP SIGNED OFF,4250 SHERWOODTOWNE BLVD,,EXTERIOR ALTERATIONS - NEW BARRIER-FREE RAMP & RELOCATION OF STAIRS,ALTERATION TO EXISTING BLDG,COMMERCIAL,COMMERCIAL - OTHER,,,,35000,,N,L4Z 2G6,A,4,28,43.6002238,-79.64030821,1551916800000,2019-04-10,1587600000000,43.60022379706267,-79.64030821398224
4817,BP 3NEW 18-1115,COMPLETED -ALL INSP SIGNED OFF,1355 AEROWOOD DR,,INTERIOR ALTERATIONS  NEW ACCESSIBLE FRONT ENTRANCE (RAMP)  EXTERIOR ALTERATIONS WITH (2) OVERHEAD DOORS - ACCESS SELF STORAGE.,ALTERATION TO EXISTING BLDG,INDUSTRIAL,SINGLE TENANT INDUSTRIAL,,,,3815000,,N,L4W 1C2,,5,35w,43.64276508,-79.63537673,1522108800000,2019-04-29,1591315200000,43.64276508137379,-79.63537673238748
5023,SGNBLD 19-4949 VAR,COMPLETED -ALL INSP SIGNED OFF,210 ANNAGEM BLVD,,REPLACE EXISTING FASCIA WITH NEW FASCIA SIGN - CROWN LIFT TRUCKS - VARIANCE,FASCIA SIGN,INDUSTRIAL,SINGLE TENANT INDUSTRIAL,SIGN BYLAW VARIANCE,,,8000,,N,L5T 2V5,,5,43w,43.63907471,-79.68590431,1547683200000,2019-05-16,1558483200000,43.63907471145062,-79.68590430800262
5588,BP 3ALT 19-6263,ISSUED PERMIT,50 BRITANNIA RD E,,INTERIOR ALTERATIONS - INSTALLATION OF AN ELEVATOR - QUALITY INNS,ALTERATION TO EXISTING BLDG,COMMERCIAL,COMMERCIAL - OTHER,,,,34000,,N,L4Z 2G2,,5,36w,43.62686327,-79.67781439,1556668800000,2019-07-02,,43.626863268845355,-79.67781439344935
5763,BP 3ALT 19-6955,COMPLETED -ALL INSP SIGNED OFF,6675 MONTEVIDEO RD,,INTERIOR ALTERATIONS- ADD LIFT TO STAGE AREA,ALTERATION TO EXISTING BLDG,PUBLIC,SCHOOL - ELEMENTARY,,,,56000,,N,L5N 4E8,,9,46w,43.59163179,-79.7521355,1560902400000,2019-07-16,1613433600000,43.591631788051686,-79.75213550258847
5820,BP 3NEW 18-3889,ISSUED PERMIT,28 QUEEN ST S,,INTERIOR ALTERATIONS  NEW EXTERIOR BARRIER FREE RAMP AT REAR - AURA SALON AND SPA,ALTERATION TO EXISTING BLDG,COMMERCIAL,COMMERCIAL - OTHER,,,,41000,,N,L5M 1K3,,11,39e,43.58656441,-79.72096685,1540339200000,2019-07-22,,43.58656441421606,-79.72096684608519
5873,BP 3NEW 19-5815,COMPLETED -ALL INSP SIGNED OFF,2240 SPEAKMAN DR,1,INTERIOR ALTERATIONS ON 2ND FLOOR & NEW EXTERIOR REAR ELEVATOR -  EUROPHIN ALPHORA,ALTERATION TO EXISTING BLDG,INDUSTRIAL,MULTI-TENANT INDUSTRIAL,,,,495000,,N,L5K 1A9,,2,18,43.52372739,-79.6565203,1554249600000,2019-07-25,1600992000000,43.523727385829645,-79.65652029618035
5986,BP 3ALT 19-6962,ISSUED PERMIT,4105 COLONIAL DR,,INTERIOR ALTERATIONS- ADD LIFT TO STAGE AREA,ALTERATION TO EXISTING BLDG,PUBLIC,SCHOOL - ELEMENTARY,,,,60000,,N,L5L 4E8,,8,58,43.53227922,-79.70991936,1560902400000,2019-08-02,,43.53227921575696,-79.70991936233071
5997,BP 3ALT 19-6628,ISSUED PERMIT,46 DUNDAS ST W,46-48,NEW PARTITIONS  NEW STREET LEVEL LANDING  LOADING DOCK  CREATE OPENING IN LOAD BEARING WALLS  & NEW ELEVATOR,ALTERATION TO EXISTING BLDG,COMMERCIAL,COMMERCIAL - OTHER,,,,512000,,N,L5B 1H3,,7,15,43.57897676,-79.61729529,1558656000000,2019-08-06,,43.57897676172994,-79.61729529044362
6014,BP 3ALT 19-6964,COMPLETED -ALL INSP SIGNED OFF,1325 BODLEY RD,,INTERIOR ALTERATIONS- ADD LIFT TO STAGE AREA,ALTERATION TO EXISTING BLDG,PUBLIC,SCHOOL - ELEMENTARY,,,,55000,,N,L5J 3X1,,2,11,43.50613378,-79.65054519,1560902400000,2019-08-06,1670284800000,43.50613377577965,-79.65054518785107
6211,BP 3ALT 19-7670,COMPLETED -ALL INSP SIGNED OFF,3484 SEMENYK CRT,,INTERIOR ALTERATION - UPGRADE TO ELEVATOR AT MAIN LOBBY,ALTERATION TO EXISTING BLDG,PUBLIC,CITY,,,,34000,,N,L5C 4R1,,6,23,43.56827502,-79.65403286,1565222400000,2019-08-26,1607040000000,43.56827501697058,-79.65403286385943
6256,BP 3ALT 19-7671,COMPLETED -ALL INSP SIGNED OFF,161 LAKESHORE RD W,,INTERIOR ALTERATIONS - UPGRAGE TO ELEVATOR  STRUCTURAL ALT. TO REAR ROOF SERVICE GUARD  BARRIER-FREE RAMP AT FRONT - CLARKE MEMORIAL HALL,ALTERATION TO EXISTING BLDG,PUBLIC,CITY,,,,70000,,N,L5H 1G3,,1,08,43.54810263,-79.58890879,1565222400000,2019-08-29,1616457600000,43.548102630907806,-79.58890878862347
6324,BP 3ALT 18-2961,COMPLETED -ALL INSP SIGNED OFF,6354 VISCOUNT RD,,INTERIOR ALTERATIONS  LOADING RAMP & DOORS - BRANSON INTERNATIONAL INC,ALTERATION TO EXISTING BLDG,INDUSTRIAL,SINGLE TENANT INDUSTRIAL,,,,391000,,N,L4V 1H3,,5,40w,43.69225041,-79.62346989,1533859200000,2019-09-04,1658793600000,43.692250409428155,-79.62346988707759
6433,BP 3ALT 19-6538,COMPLETED -ALL INSP SIGNED OFF,6836 PROFESSIONAL CRT,,INTERIOR ALTERATIONS DUE TO INCREASE IN SIZE OF EXISTING ELEVATOR & NEW FIXTURES IN BATHROOM - MALTON ISLAMIC CENTRE,ALTERATION TO EXISTING BLDG,PUBLIC,CHURCH,,,,35000,,N,L4V 1X6,,5,40w,43.70742813,-79.63121199,1558051200000,2019-09-13,1696377600000,43.70742813299219,-79.63121199376027
6469,BP 3ALT 19-7510,COMPLETED -ALL INSP SIGNED OFF,2599 SPEAKMAN DR,GROUND FLOOR,INTERIOR ALTERATIONS - SUSPENDED CEILING REPLACEMENT  UPGRADE TO BARRIER FREE WASHROOM - LANDLORD WORK,ALTERATION TO EXISTING BLDG,COMMERCIAL,COMMERCIAL OFFICE - MULTI-USER,,,,242000,,N,L5K 1B1,,2,18,43.5147365,-79.66513251,1564099200000,2019-09-17,1582761600000,43.51473649924639,-79.66513250994234
6482,BP 3ALT 19-7699,COMPLETED -ALL INSP SIGNED OFF,3175 AIRWAY DR,,NEW REAR DRIVE-IN DOOR & RAMP WITH SPRINKLER ALTERATIONS DUE TO THE DOOR OPENING  INFILL EXISTING OVERHEAD DOOR - CAMINO MODULAR SYSTEMS INC,ALTERATION TO EXISTING BLDG,INDUSTRIAL,SINGLE TENANT INDUSTRIAL,,,,72000,,N,L4V 1C2,,5,40w,43.69584722,-79.62356901,1565308800000,2019-09-17,1572566400000,43.69584722434365,-79.6235690050692
6704,BP 3ALT 19-8290,ISSUED PERMIT,3510 DERRY RD E,,REVISION TO PERMIT # 19-6651 - BULKHEAD HEIGHT  DOOR WIDENING   NEW SLAB IN GARBAGE ROOM - MCDONALD'S,ALTERATION TO EXISTING BLDG,COMMERCIAL,COMMERCIAL - OTHER,,,,34000,,N,L4T 3V7,,5,40e,43.71359588,-79.63072349,1569196800000,2019-10-07,,43.71359588092287,-79.63072349328671
6708,BP 3ALT 19-7715,COMPLETED -ALL INSP SIGNED OFF,5935 AIRPORT RD,,INT ALTS - ALTERATION TO STAIR  NEW FIRE RATED DOOR & PARTITION IN CORRIDOR TO MAINTAIN ELEVATOR LOBBY FIRE SEPARATIONS INTEGRITY,ALTERATION TO EXISTING BLDG,COMMERCIAL,COMMERCIAL OFFICE - MULTI-USER,,,,50000,,N,L4V 1W5,,5,33,43.68793155,-79.61056146,1565308800000,2019-10-08,1774483200000,43.68793155372497,-79.61056145741733
6922,BP 3NEW 19-7568,COMPLETED -ALL INSP SIGNED OFF,1911 DUNDAS ST E,16B-17,REVISION TO PERMIT #18-4565 -RELOCATION OF BARRIER FREE ACCESS RAMP ON EXTERIOR OF BUILDING- CONGEE QUEEN RESTAURANT,REVISIONS,COMMERCIAL,COMMERCIAL - OTHER,,,,200000,,N,L4X 1M1,B,3,19,43.62059731,-79.57295873,1564531200000,2019-10-24,1595376000000,43.620597309609785,-79.57295873188905
6994,BP 3ALT 19-7034,COMPLETED -ALL INSP SIGNED OFF,1435 HURONTARIO ST,,REVISION TO PERMIT 17-4807 - CHANGE OF LIFT DETAILS  REINFORCEMENT OF BASEMENT FLOOR  CHANGE OF DOOR LOCATION  CHANGES TO PLG&HVAC,ALTERATION TO EXISTING BLDG,COMMERCIAL,COMMERCIAL - OTHER,,,,70000,,N,L5G 3H5,,1,07,43.56408115,-79.59296316,1561334400000,2019-10-31,1598140800000,43.56408115471066,-79.59296315846883
7614,BP 9SMAL 19-8776,ISSUED PERMIT,95 DUNDAS ST W,,INTERIOR ALTERATIONS  NEW FRONT ENTRANCE WITH LIFT INSTALLATION - MISSISSAUGA II LP (REAL ESTATE OFFICE),ALTERATION TO EXISTING BLDG,COMMERCIAL,COMMERCIAL - OTHER,,,,231000,,N,L5B 1H7,,7,22,43.57861532,-79.61933539,1571616000000,2019-12-16,,43.57861531839445,-79.61933538938338
7891,BP 3ALT 19-8329,COMPLETED -ALL INSP SIGNED OFF,4161 SLADEVIEW CRES,8,INTERIOR ALTERATIONS - HELP MOBILITY,ALTERATION TO EXISTING BLDG,INDUSTRIAL,MULTI-TENANT INDUSTRIAL,,,,134000,,N,L5L 5R3,A,8,58,43.53082884,-79.71796768,1569369600000,2020-01-16,1604966400000,43.53082883778967,-79.71796767619291
8497,BP 3ALT 20-758,COMPLETED -ALL INSP SIGNED OFF,7333 MISSISSAUGA RD,,INTERIOR ALTERATIONS - LEVEL 3 ELEVATOR AREA - GLAXOSMITH,ALTERATION TO EXISTING BLDG,INDUSTRIAL,SINGLE TENANT INDUSTRIAL,,,,36000,,N,L5N 6L4,,11,53w,43.61630212,-79.75594205,1583280000000,2020-03-13,1609891200000,43.61630211835999,-79.75594205430177
8712,BP 3NEW 19-8831,COMPLETED -ALL INSP SIGNED OFF,7059 SECOND LINE WEST,,ROOF CANOPY OVER EXISTING BARRIER FREE ELEVATOR,ADDITION TO EXISTING BLDG,PUBLIC,SCHOOL - OTHER,,,,35000,,N,L5W 1A1,,11,52w,43.62849783,-79.72902898,1571788800000,2020-04-02,1678060800000,43.62849783257896,-79.72902898264569
8721,FIRE 20-922,COMPLETED -ALL INSP SIGNED OFF,1875 BUCKHORN GATE,300,INSTALL (4) MAGLOCKS ON THE 3RD FLOOR ELEVATOR LOBBY - GENERAL MILLS CANADA,OTHER,COMMERCIAL,COMMERCIAL OFFICE - MULTI-USER,,,,25000,,N,L4W 5P1,,3,26,43.64156429,-79.61169727,1584316800000,2020-04-02,1604620800000,43.6415642931943,-79.61169726893637
8725,BP 3NEW 20-32,COMPLETED -ALL INSP SIGNED OFF,7090 KENNEDY RD,1,NEW EXTERIOR BARRIER-FREE RAMP AT BUILDING ENTRANCE,OTHER,INDUSTRIAL,MULTI-TENANT INDUSTRIAL,,,,50000,,N,L5S 0A3,A,5,51w,43.65770136,-79.70146629,1578268800000,2020-04-03,1623974400000,43.65770135997827,-79.70146629113111
8790,BP 3ALT 20-802,COMPLETED -ALL INSP SIGNED OFF,5050 SATELLITE DR,600,INTERIOR ALTERATIONS TO EXISTING ELEVATOR LOBBY ON 6TH FLOOR- ERCO WORLDWIRE,ALTERATION TO EXISTING BLDG,COMMERCIAL,COMMERCIAL OFFICE - MULTI-USER,,,,36000,,N,L4W 0G1,,5,34w,43.65110832,-79.60628819,1583712000000,2020-04-13,1606953600000,43.651108315327896,-79.60628819378445
8881,BP 3NEW 20-871,COMPLETED -ALL INSP SIGNED OFF,2475 TRUSCOTT DR,,ADDITION FOR A NEW LIFT SHAFT AND DEMOLISH EXISTING LIFT - CLARKSON ARENA,ADDITION TO EXISTING BLDG,PUBLIC,CITY,,6.9,,78000,,N,L5J 2B3,,2,11,43.51133541,-79.65021733,1584057600000,2020-04-22,1617840000000,43.51133541374072,-79.65021732789046
8926,BP 3ALT 20-872,COMPLETED -ALL INSP SIGNED OFF,830 PAISLEY BLVD W,,ALTERATIONS & UPGRADING TO (2) EXISTING LIFTS - HURON PARK COMMUNITY CENTRE,ALTERATION TO EXISTING BLDG,PUBLIC,CITY,,,,82000,,N,L5C 3P5,,7,16,43.55896355,-79.63257311,1584057600000,2020-04-28,1634860800000,43.55896355499373,-79.63257311057805
8946,BP 3ALT 20-1036,COMPLETED -ALL INSP SIGNED OFF,6695 AIRPORT RD,1ST-2ND FLOOR,INTERIOR ALTERATIONS - NEW INTERIOR ELEVATOR INCLUDING NEW MACHINE ROOM,ALTERATION TO EXISTING BLDG,COMMERCIAL,COMMERCIAL OFFICE- SINGLE USER,,,,75000,,N,L4V 1Y4,,5,40w,43.69802629,-79.63364469,1584921600000,2020-04-30,1666224000000,43.69802629489194,-79.63364469120219
8987,BP 3NEW 20-1074,COMPLETED -ALL INSP SIGNED OFF,3185 ORLANDO DR,,ADDITION TO ACCOMMODATE ELEVATOR INSTALLATION AT THE ENTRANCE OF BUILDING - IBEW LOCAL-353,ADDITION TO EXISTING BLDG,INDUSTRIAL,INDUSTRIAL - OTHER,,5.5,,36000,,N,L4V 1C5,,5,40w,43.69921553,-79.62668181,1585094400000,2020-05-07,1608681600000,43.69921553066931,-79.62668181034891
9315,BP 3ALT 20-992,COMPLETED -ALL INSP SIGNED OFF,2 ROBERT SPECK PKY,LOWER BSMT-BSMT,INTERIOR ALTERATIONS - ADDITION OF ELEVATOR TO ACCESS BASEMENT LEVELS & BASEMENT MEZZANINE,ALTERATION TO EXISTING BLDG,COMMERCIAL,COMMERCIAL OFFICE - MULTI-USER,,,,115000,,N,L4Z 1H8,,4,28,43.59620903,-79.63695195,1584662400000,2020-06-15,1667520000000,43.596209027215046,-79.63695194536211
9388,BP 3ALT 20-1880,COMPLETED -ALL INSP SIGNED OFF,4205 WOODINGTON DR,,INTERIOR ALTERATIONS - INSTALLATION OF STAGE LIFT ON THE FIRST FLOOR - ST. PETER & PAUL,ALTERATION TO EXISTING BLDG,PUBLIC,SCHOOL - ELEMENTARY,,,,36000,,N,L4Z 1K2,,4,28,43.60261692,-79.63472696,1591056000000,2020-06-23,1647820800000,43.60261691976022,-79.63472695940096
9435,BP 3ALT 20-1744,COMPLETED -ALL INSP SIGNED OFF,4235 GOLDEN ORCHARD DR,,NEW ELEVATOR - ST. BASIL ELEMENTARY SCHOOL,ALTERATION TO EXISTING BLDG,PUBLIC,SCHOOL - ELEMENTARY,,,,34000,,N,L4W 3G1,,3,27,43.62370507,-79.61268476,1589846400000,2020-06-26,1611100800000,43.62370506993378,-79.61268475556402
9438,BP 3ALT 20-1763,COMPLETED -ALL INSP SIGNED OFF,1450 LEWISHAM DR,,NEW STAGE LIFT -  ST. LOUIS ELEMENTARY SCHOOL,ALTERATION TO EXISTING BLDG,PUBLIC,SCHOOL - ELEMENTARY,,,,34000,,N,L5J 3R3,,2,11,43.51564394,-79.646167,1589932800000,2020-06-26,1609718400000,43.5156439443417,-79.64616700338637
9448,BP 3NEW 18-3330,ISSUED PERMIT,4250 SHERWOODTOWNE BLVD,,FRONT ENTRANCE MODIFICATIONS - NEW BARRIER FREE OUTDOOR RAMP & BARRIER FREE ELEVATOR - NEW LIFE FERTILITY CENTRE,ALTERATION TO EXISTING BLDG,COMMERCIAL,COMMERCIAL - OTHER,,,,165000,,N,L4Z 2G6,A,4,28,43.6002238,-79.64030821,1536710400000,2020-06-26,,43.60022379706267,-79.64030821398224
9571,BP 3ALT 20-2273,ISSUED PERMIT,100 QUEENSWAY  W,,INSTALL GUARDS / BARRIER ON THE TOP FLOOR - REMOVE EXISTING HANDRAILS ON THE GROUND FLOOR,ALTERATION TO EXISTING BLDG,PUBLIC,PUBLIC/INSTIT (EXCEPT SCHOOLS),,,,254000,,N,L5B 1B8,,7,15,43.57147885,-79.60788718,1593734400000,2020-07-13,,43.5714788514522,-79.6078871835314
9607,BP 3ALT 20-1879,COMPLETED -ALL INSP SIGNED OFF,1195 CLARKSON RD N,,INTERIOR ALTERATIONS -  INSTALLATION OF ELEVATOR AND STAGE LIFT ON THE FIRST FLOOR -  ST CHRISTOPHER ELEMENTARY SCHOOL,ALTERATION TO EXISTING BLDG,PUBLIC,SCHOOL - ELEMENTARY,,,,36000,,N,L5J 2W1,,2,10,43.52212653,-79.62506542,1591056000000,2020-07-16,1647475200000,43.52212653410353,-79.62506542019669
9629,FIRE 20-571,COMPLETED -ALL INSP SIGNED OFF,4141 LIVING ARTS DR,,RELOCATING FIRE ALARM RECALL PANEL DUE TO MODERNIZATION OF ELEVATOR,ALTERATION TO EXISTING BLDG,PUBLIC,CITY,,,,73000,,N,L5B 4B8,,4,29,43.58979033,-79.64587171,1581984000000,2020-07-17,1605139200000,43.58979033152572,-79.64587170825189
9633,BP 3ALT 20-2272,COMPLETED -ALL INSP SIGNED OFF,2200 EGLINTON AVE W,,INSTALL GUARDS / BARRIER ON THE TOP FLOOR - REMOVE EXISTING HANDRAILS ON THE GROUND FLOOR,ALTERATION TO EXISTING BLDG,PUBLIC,PUBLIC/INSTIT (EXCEPT SCHOOLS),,,,254000,,N,L5M 2N1,,8,31,43.5590133,-79.70319941,1593734400000,2020-07-20,1669161600000,43.55901329932373,-79.7031994089758
9655,BP 3ALT 20-2341,COMPLETED -ALL INSP SIGNED OFF,2200 EGLINTON AVE W,PKG GARAGE2,INSTALL GUARDS / BARRIER ON THE TOP FLOOR & REMOVE EXISTING HANDRAILS ON THE GROUND FLOOR - PARKING GARAGE 2,ALTERATION TO EXISTING BLDG,PUBLIC,PUBLIC/INSTIT (EXCEPT SCHOOLS),,,,254000,,N,L5M 2N1,,8,31,43.5590133,-79.70319941,1594339200000,2020-07-22,1669161600000,43.55901329932373,-79.7031994089758
9755,BP 3NEW 20-1878,COMPLETED -ALL INSP SIGNED OFF,3341 HAVENWOOD DR,,ADDITION TO ACCOMMODATE NEW ELEVATOR  -  INSTALLATION OF STAGE LIFT ON THE FIRST FLOOR - ST ALFRED E.S.,ADDITION AND ALTERATION,PUBLIC,SCHOOL - ELEMENTARY,,11.3,,72000,,N,L4X 2M2,,3,19,43.61873872,-79.58915651,1591056000000,2020-07-31,1647907200000,43.61873871951954,-79.58915650884614
9779,BP 3ALT 20-588,COMPLETED -ALL INSP SIGNED OFF,3205 UNITY DR,,INTERIOR ALTS TO VESTIBULE ON MAIN FLOOR & OBSERVATION PARTITION ON THE 2ND FLOOR   REMOVE & RE-INSTALL ELEVATOR LIFT - ERIN MILLS TWIN ARENA,ALTERATION TO EXISTING BLDG,PUBLIC,CITY,,,,34000,,N,L5L 4L5,,8,58,43.53681892,-79.71287282,1582070400000,2020-08-05,1654214400000,43.536818922125235,-79.71287282143253
9806,BP 3NEW 20-1877,COMPLETED -ALL INSP SIGNED OFF,486 PAISLEY BLVD W,,ADDITION TO ACCOMMODATE NEW ELEVATOR  INSTALLATION OF STAGE LIFT ON THE FIRST FLOOR - MARY FIX C.S.,ADDITION AND ALTERATION,PUBLIC,SCHOOL - ELEMENTARY,,9.1,,72000,,N,L5B 2M4,,7,15,43.56726838,-79.62393577,1591056000000,2020-08-10,1638835200000,43.56726838021112,-79.62393577121559
9892,BP 3ALT 20-2418,COMPLETED -ALL INSP SIGNED OFF,3270 TOMKEN RD,,INSTALLATION OF AN ELEVATOR AND A STAGE LIFT WITH STAIR - DUFFERIN-PEEL RCSS BOARD,ALTERATION TO EXISTING BLDG,PUBLIC,SCHOOL - ELEMENTARY,,,,36000,,N,L4Y 2Y7,,3,20,43.60510596,-79.60220198,1594857600000,2020-08-18,1652400000000,43.60510595711681,-79.60220197728745
9917,MECH 20-2295 PLU,ISSUED PERMIT,6180 ORDAN DR,,INSTALLATION OF A FLOOR DRAIN  - LIFT NORTH AMERICAN,ALTERATION TO EXISTING BLDG,INDUSTRIAL,SINGLE TENANT INDUSTRIAL,PLUMBING ONLY,,,30000,,N,L5T 2B3,,5,42w,43.65702914,-79.65468553,1594080000000,2020-08-21,,43.65702914278379,-79.65468553233504
10069,BP 3ALT 20-1772,COMPLETED -ALL INSP SIGNED OFF,6810 PROFESSIONAL CRT,,INTERIOR ALTERATIONS (NEW ELEVATOR) MOUNT ZION CHURCH,ALTERATION TO EXISTING BLDG,PUBLIC,CHURCH,,,,34000,,N,L4V 1X6,,5,40w,43.70687756,-79.63076251,1590019200000,2020-09-04,1693353600000,43.706877556360844,-79.6307625135089
10442,BP 3NEW 20-2615,COMPLETED -ALL INSP SIGNED OFF,3135 ARGENTIA RD,G1,INT ALTS- RELOCATE WINNERS & HOME SENSE STORE FROM UNIT G6 TO UNIT G1  EXTERIOR ALTS-NEW FRONT BARRIER FREE RAMP  DOUBLE DOOR & REAR RAMP,ALTERATION TO EXISTING BLDG,COMMERCIAL,COMMERCIAL RETAIL - MULTI-USER,,,,3030000,,N,L5N 8E1,G,9,55,43.59643812,-79.78919724,1596672000000,2020-10-14,1618358400000,43.596438117919135,-79.78919723893934
10557,BP 3ALT 20-2404,COMPLETED -ALL INSP SIGNED OFF,1775 BRISTOL RD W,,INSTALLATION OF ELEVATOR IN THE EXISTING ELEVATOR SHAFT - ELEVATOR ROOM ON THE LOWER LEVEL - ST IIIJA MACEDONIAN CHURCH,ALTERATION TO EXISTING BLDG,PUBLIC,CHURCH,,,,36000,,N,L5M 2Y5,,6,38w,43.58314979,-79.70705828,1594771200000,2020-10-26,1654560000000,43.58314978831596,-79.70705827853742
10603,BP 3ALT 20-2397,ISSUED PERMIT,1801 COURTNEYPARK DR E,,INSTALLATION OF LIFT EQUIPMENT & RELATED SPRINKLER SYSTEM - PRATT & WHITNEY CANADA,ALTERATION TO EXISTING BLDG,INDUSTRIAL,SINGLE TENANT INDUSTRIAL,,,,36000,,N,L5T 1J3,,5,42e,43.67008172,-79.65217514,1594771200000,2020-10-28,,43.67008172478144,-79.65217514420486
11075,BP 3NEW 20-3909,COMPLETED -ALL INSP SIGNED OFF,700 DUNDAS ST E,3,INSTALLATION OF LOADING RAMP,OTHER,COMMERCIAL,COMMERCIAL - OTHER,,,,36000,,N,L4Y 3Y5,,1,13,43.59458466,-79.59891281,1604966400000,2020-12-09,1736553600000,43.59458466497955,-79.59891281110869
11121,FIRE 20-4020,COMPLETED -ALL INSP SIGNED OFF,5500 EXPLORER DR,,FIRE ALARM SYSTEM FOR ELEVATOR MODERNIZATION,OTHER,COMMERCIAL,COMMERCIAL OFFICE - MULTI-USER,,,,36000,,N,L4W 5C7,,5,34w,43.65964513,-79.60945781,1605657600000,2020-12-14,1643587200000,43.65964513380726,-79.60945780705528
11958,BP 3ALT 20-2335,COMPLETED -ALL INSP SIGNED OFF,4161 SLADEVIEW CRES,7 & 8,INTERIOR ALTERATIONS - TENANT EXPANSION INTO UNIT 7 - HELP MOBILITY,ALTERATION TO EXISTING BLDG,INDUSTRIAL,MULTI-TENANT INDUSTRIAL,,,,42000,,N,L5L 5R3,A,8,58,43.53082884,-79.71796768,1594339200000,2021-03-18,1648598400000,43.53082883778967,-79.71796767619291
12011,BP 3ALT 21-5441,ISSUED PERMIT,975 CENTRAL PKY W,,REPLACEMENT OF (8) IN-GROUND MOTOR VEHICLE LIFTS - MISSISSAUGA TRANSIT,ALTERATION TO EXISTING BLDG,PUBLIC,CITY,,,,420000,,N,L5C 3B1,,6,23,43.56900457,-79.65600945,1615161600000,2021-03-23,,43.569004567003496,-79.65600945305303
12012,BP 3ALT 21-5442,COMPLETED -ALL INSP SIGNED OFF,6780 PROFESSIONAL CRT,,REPLACEMENT OF (7) IN-GROUND MOTOR VEHICLE LIFTS - MISSISSAUGA TRANSIT MALTON TERMINAL,ALTERATION TO EXISTING BLDG,PUBLIC,CITY,,,,368000,,N,L4V 1X6,,5,40w,43.7058575,-79.63048988,1615161600000,2021-03-23,1681257600000,43.705857500595044,-79.63048987885398
12150,BP 3ALT 21-5675,COMPLETED -ALL INSP SIGNED OFF,55 CITY CENTRE DR,,REVISION TO BARRIER FREE WASHROOM LAYOUT ON GROUND FLOOR,REVISIONS,COMMERCIAL,COMMERCIAL OFFICE - MULTI-USER,,,,36000,,N,L5B 1M3,,4,29,43.59372051,-79.63732581,1616457600000,2021-04-08,1651622400000,43.593720506459654,-79.6373258147962
12304,SGNBLD 20-4536,COMPLETED -ALL INSP SIGNED OFF,1025 STACEY CRT,,(1) FASCIA SIGN FOR MARCH ELEVATOR LIMITED,FASCIA SIGN,INDUSTRIAL,INDUSTRIAL - OTHER,,,,10000,,N,L4W 2X7,,5,35w,43.63289011,-79.63918122,1608595200000,2021-04-19,1626912000000,43.63289010722247,-79.63918122442176
12362,BP 3NEW 21-5272,COMPLETED -ALL INSP SIGNED OFF,6305 KATESON DR,,NEW ATTACHED CANOPY AT NORTH ELEVATION  STAND ALONE CANOPY FOR OPEN AIR GARAGE  (3) NEW EXTERIOR DOORS WITH RAMP & (5)  ROOFTOP UNITS,ALTERATION TO EXISTING BLDG,INDUSTRIAL,SINGLE TENANT INDUSTRIAL,,,,2571000,,N,L5W 0H8,,5,44e,43.63134037,-79.68890028,1614124800000,2021-04-23,1642464000000,43.63134036564517,-79.68890028263255
13085,BP 3ALT 21-6668,COMPLETED -ALL INSP SIGNED OFF,1550 GREEN GLADE,,INTERIOR ALTERATIONS - INSTALL A NEW ELEVATOR AND VESTBULE  NEW BARRIER FREE WASHROOM - GREEN GLAD SENIOR PUBLIC SCHOOL.,ALTERATION TO EXISTING BLDG,PUBLIC,SCHOOL - ELEMENTARY,,,,117000,,N,L5J 1B5,,2,03,43.51533195,-79.60960982,1621555200000,2021-06-24,1704672000000,43.51533194856448,-79.6096098171762
13129,BP 3ALT 21-6783,COMPLETED -ALL INSP SIGNED OFF,4141 LIVING ARTS DR,,NSTALL AUTOMATIC DOORS & UPGRADE HEATING SYSTEM AT THE ENTRANCE VESTIBULES - LIVING ARTS CENTRE,ALTERATION TO EXISTING BLDG,PUBLIC,CITY,,,,89000,,N,L5B 4B8,,4,29,43.58979033,-79.64587171,1622160000000,2021-06-28,1726099200000,43.58979033152572,-79.64587170825189
13390,BP 3NEW 21-7234,COMPLETED -ALL INSP SIGNED OFF,70 MINEOLA RD E,,INTERIOR ALTERATIONS & EXTERIOR STAIRS & RAMPS AT BUILDING ENTRANCE AREA - PORT CREDIT SECONDARY SCHOOL,ALTERATION TO EXISTING BLDG,PUBLIC,SCHOOL - SECONDARY,,,,154000,,N,L5G 2E5,,1,07,43.56266115,-79.58676711,1624924800000,2021-07-26,1678233600000,43.562661153589225,-79.58676711072384
13431,BP 3ALT 21-6913,COMPLETED -ALL INSP SIGNED OFF,6700 MILLCREEK DR,"1,3",INT ALTS- NEW SHIPPING OFFICE  RAMP TO MAIN OFFICE ENTRANCE  NEW DEMISING WALL  EXTERIOR OVER-HEAD DOOR & CURTAIN WALL & (5) RTU'S-LANDLORD WORK,ALTERATION TO EXISTING BLDG,INDUSTRIAL,MULTI-TENANT INDUSTRIAL,,,,350000,,N,L5N 8B3,B,9,46e,43.59326698,-79.7509766,1622764800000,2021-07-27,1637798400000,43.59326698457838,-79.75097659993355
13514,BP 3NEW 21-6925,ISSUED PERMIT,277 MISSISSAUGA VALLEY BLVD,,NEW BARRIER FREE RAMP ALONG WITH BARRIER FREE PARKING SPACES  NEW VESTIBULE  CANOPY & NEW EXTERIOR CONCRETE STAIRS - THORNWOOD P.S.,ALTERATION TO EXISTING BLDG,PUBLIC,SCHOOL - ELEMENTARY,,,,110000,,N,L5A 1Y6,,4,21,43.58942753,-79.62099484,1623024000000,2021-08-05,,43.58942753277709,-79.62099483925815
13626,BP 3NEW 21-6168,COMPLETED -ALL INSP SIGNED OFF,1050 COURTNEYPARK DR E,,INSTALLATION OF FRONT & REAR ACCESSIBLE RAMPS  INTERIOR ALTERATION TO ACCESSIBLE WASHROOM & VESTIBULE  UPGRADE TO FIRE ALARM SYSTEM - LANDLORD WORK,ALTERATION TO EXISTING BLDG,INDUSTRIAL,SINGLE TENANT INDUSTRIAL,,,,171000,,N,L5T 2R4,,5,42w,43.65516876,-79.66765005,1619136000000,2021-08-16,1655424000000,43.65516876195104,-79.66765005473778
13720,BP 3NEW 21-6993,COMPLETED -ALL INSP SIGNED OFF,11 PETER ST S,N/A,NEW BARRIER FREE RAMP  NEW WASHROOM  INT ALTS  NEW EXT.DOORS  BALCONY REPAIRS  UPGRADING FIRE ALARM SYSTEM & RELOCATE DUCTING,ALTERATION TO EXISTING BLDG,PUBLIC,CHURCH,,,,439000,,N,L5H 2G1,,1,08,43.5485035,-79.58795571,1623283200000,2021-08-25,1684368000000,43.54850350438227,-79.58795570537279
13911,FIRE 21-8345,COMPLETED -ALL INSP SIGNED OFF,100 MILVERTON DR,8TH FL,THREE (3) SINGLE DOORS &  TWO (2) DOUBLE DOORS MAGLOCKS IN ELEVATOR LOBBY &  RECEPTION AREA ON 8TH FLOOR,ELECTROMAG LOCK DEVICE,COMMERCIAL,COMMERCIAL OFFICE - MULTI-USER,,,,25000,,N,L5R 4H1,,5,37e,43.61818704,-79.674515,1631232000000,2021-09-14,1646870400000,43.618187038382075,-79.67451500264457
14205,FIRE 21-8686,COMPLETED -ALL INSP SIGNED OFF,2389 CLIFF RD,,(3) NEW HOLD OPEN DEVICES CONNECTED TO FIRE ALARM PANEL-CLIFTON P.S.,OTHER,PUBLIC,SCHOOL - SECONDARY,,,,12000,,N,L5A 2P1,,7,14,43.5841649,-79.60094254,1632787200000,2021-10-07,1652832000000,43.584164902900646,-79.60094253590718
14391,BP 3ALT 21-8264,ISSUED PERMIT,5250 SOLAR DR,29,INTERIOR ALTERATIONS - NEW BARRIER FREE WASHROOM & T-BAR CEILING UNDER MEZZANINE - DYNO TOUCH INC,ALTERATION TO EXISTING BLDG,INDUSTRIAL,MULTI-TENANT INDUSTRIAL,,,,37000,,N,,,5,34w,43.65368102,-79.61247552,1630627200000,2021-10-25,,43.653681018754654,-79.6124755233958
14700,BP 3ALT 21-8162,ISSUED PERMIT,3270 TOMKEN RD,,UPGRADING EXISTING BARRIER FREE WASHROOM ON GRND FLR &CONVERTING EXISTING STORAGE ROOM INTO BARRIER FREE WASHROOM ON 2ND FLOOR,ALTERATION TO EXISTING BLDG,PUBLIC,SCHOOL - ELEMENTARY,,,,37000,,N,L4Y 2Y7,,3,20,43.60510596,-79.60220198,1630281600000,2021-11-19,,43.60510595711681,-79.60220197728745
15087,BP 3NEW 21-8765,COMPLETED -ALL INSP SIGNED OFF,3520 QUEENSTON DR,,FRONT ADDITION  ELEVATOR &  EXTERIOR BARRIER FREE RAMP - QUEENSTON DR PUBLIC SCHOOL,ADDITION AND ALTERATION,PUBLIC,SCHOOL - ELEMENTARY,,79.3,,150000,,N,L5C 2G6,,6,24,43.56157103,-79.66244483,1633046400000,2021-12-21,1712275200000,43.561571027953384,-79.6624448251739
15280,BP 3ALT 21-10040,COMPLETED -ALL INSP SIGNED OFF,4440 DIXIE RD,,REPLACE & REPAIR ELEVATOR DOOR  WINDOWS & NEW EXTERIOR BOLLARDS - DIXIE STATION,ALTERATION TO EXISTING BLDG,PUBLIC,CITY,,,,57000,,N,,,3,27,43.63035314,-79.61516114,1639958400000,2022-01-14,1657584000000,43.630353143315936,-79.61516113972641
15385,BP 3ALT 21-9975,COMPLETED -ALL INSP SIGNED OFF,3069 WOLFEDALE RD,1,INSTALL PRE-FABRICATED STEEL RAMP AT LOADING DOCK - NAPA AUTO PARTS,ALTERATION TO EXISTING BLDG,INDUSTRIAL,MULTI-TENANT INDUSTRIAL,,,,25000,,N,L5C 1V9,,6,23,43.56520188,-79.63698304,1639526400000,2022-01-24,1709769600000,43.565201884459334,-79.63698303849485
15593,BP 3NEW 22-513,COMPLETED -ALL INSP SIGNED OFF,335 BRITANNIA RD E,103-104,CONVERT(2) EXISTING OVERHEAD DOORS INTO LOADING DOORS  NEW DRIVE IN RAMP & EXIT STAIRS  NEW FIRE RATED CORRIDOR WITH NEW WALL OPENING,ALTERATION TO EXISTING BLDG,INDUSTRIAL,MULTI-TENANT INDUSTRIAL,,,,112000,,N,L4Z 1W9,,5,43w,43.63372087,-79.67187567,1643760000000,2022-02-08,1700611200000,43.63372086764386,-79.67187567181827
15657,BP 3ALT 22-110,COMPLETED -ALL INSP SIGNED OFF,249 CHURCH ST,,INTERIOR ALTERATIONS - NEW BARRIER FREE STAGE LIFT,ALTERATION TO EXISTING BLDG,PUBLIC,SCHOOL - ELEMENTARY,,,,100000,,N,L5M 1N1,,11,38w,43.58105745,-79.70997746,1641859200000,2022-02-14,1713225600000,43.58105744679009,-79.70997745897878
15779,FIRE 22-624,COMPLETED -ALL INSP SIGNED OFF,2200 EGLINTON AVE W,,INSTALLATION OF SMOKE DETECTORS IN ELEVATOR LOBBY,OTHER,PUBLIC,PUBLIC/INSTIT (EXCEPT SCHOOLS),,,,39000,,N,L5M 2N1,,8,31,43.5590133,-79.70319941,1644278400000,2022-02-24,1668643200000,43.55901329932373,-79.7031994089758
15801,BP 3ALT 22-233,COMPLETED -ALL INSP SIGNED OFF,3615 MORNING STAR DR,,INTERIOR ALTERATIONS - NEW STAGE LIFT FOR GYMNASIUM,OTHER,PUBLIC,SCHOOL - ELEMENTARY,,,,100000,,N,L4T 1Y4,,5,48e,43.72555447,-79.63670575,1642464000000,2022-02-25,1701388800000,43.72555446807571,-79.63670575386371
15830,BP 3ALT 22-232,COMPLETED -ALL INSP SIGNED OFF,1185 MISSISSAUGA VALLEY BLVD,,INTERIOR ALTERATIONS - NEW STAGE LIFT FOR GYMNASIUM,OTHER,PUBLIC,SCHOOL - ELEMENTARY,,,,100000,,N,L5A 3R7,,4,21,43.59930171,-79.62219852,1642464000000,2022-03-01,1705881600000,43.599301713771496,-79.62219851575954
16694,BP 3NEW 22-1678,COMPLETED -ALL INSP SIGNED OFF,1500 DUNDAS ST E,1126,REVISION TO BP 21-5360 - ENLARGED EXTERIOR REAR DOOR WITH RAMP (ALONG GRID 14),ALTERATION TO EXISTING BLDG,COMMERCIAL,COMMERCIAL RETAIL-SINGLE USER,,,,76000,,N,L4X 1L4,A,1,12,43.61043248,-79.57775284,1650412800000,2022-05-12,1756425600000,43.61043247525091,-79.57775284403253
16780,FIRE 22-2058,ISSUED PERMIT,5580 EXPLORER DR,,ALTERATION TO FIRE ALARM SYSTEM FOR ELEVATOR UPGRADE,OTHER,COMMERCIAL,COMMERCIAL OFFICE - MULTI-USER,,,6,78000,,N,L4W 4Y1,,5,34w,43.65847985,-79.61057342,1652918400000,2022-05-24,,43.65847985069891,-79.61057341897738
16791,FIRE 22-2057,ISSUED PERMIT,5600 EXPLORER DR,,ALTERATION TO FIRE ALARM SYSTEM FOR ELEVATOR UPGRADE,OTHER,COMMERCIAL,COMMERCIAL OFFICE - MULTI-USER,,,4,78000,,N,L4W 4Y2,,5,34w,43.65847985,-79.61057342,1652918400000,2022-05-24,,43.65847985069891,-79.61057341897738
16848,BP 3NEW 22-695,COMPLETED -ALL INSP SIGNED OFF,3545 MORNING STAR DR,,2ND FLR ADDN WITHIN BLDG  NEW BARRIER FREE RAMP  NEW CANOPY  CHANGE OF USE  RENOVATION TO EXISTING BUILDING (FILL IN EXISTING SWIMMING POOL) - MALTON YOUTH HUB,ADDITION AND ALTERATION,PUBLIC,PUBLIC - OTHER,,1696,2,2693000,,N,L4T 1Y3,,5,48e,43.72475288,-79.64045235,1644537600000,2022-05-27,1690416000000,43.72475288159188,-79.64045234674677
16955,BP 3ALT 21-8166,COMPLETED -ALL INSP SIGNED OFF,5200 ORBITOR DR,,INTERIOR ALTERATIONS - INSTALL NEW ELEVATOR SHAFT WITH ELEVATOR IN FOYER C/R 11-3688,ALTERATION TO EXISTING BLDG,INDUSTRIAL,SINGLE TENANT INDUSTRIAL,,,2,110000,,N,L4W 5B4,,5,34w,43.65876943,-79.60622672,1630281600000,2022-06-07,1680566400000,43.65876943127768,-79.60622671603555
16965,BP 3ALT 22-1671,COMPLETED -ALL INSP SIGNED OFF,3131 MORNING STAR DR,,INTERIOR ALTERATIONS TO GROUND & SECOND FLOORS NEAR MAIN ENTRANCE AREA  INCLUDING ELEVATOR INSTALLATION & BARRIER FREE WASHROOMS,ALTERATION TO EXISTING BLDG,PUBLIC,SCHOOL - ELEMENTARY,,,,207000,,N,L4T 1X3,,5,48w,43.71459166,-79.64832286,1650326400000,2022-06-07,1677801600000,43.71459165962138,-79.6483228619947
17139,BP 3ALT 22-1247,COMPLETED -ALL INSP SIGNED OFF,2680 SKYMARK AVE,FLRS 1-2,INTERIOR ALTERATIONS TO EXISTING ELEVATOR LOBBY ON 1ST & 2ND FLOOR,ALTERATION TO EXISTING BLDG,INDUSTRIAL,MULTI-TENANT INDUSTRIAL,,,,148000,,N,L4W 5L6,,5,34e,43.65977351,-79.59612637,1647907200000,2022-06-21,1685404800000,43.6597735112517,-79.59612637152371
17146,BP 3ALT 22-1921,COMPLETED -ALL INSP SIGNED OFF,327 QUEEN ST S,,ALTERATION TO ADD NEW ENTRANCE RAMP WITHIN REAR AND SIDE YARD OF EXISTING BLDG  NEW EXTERIOR REAR YARD CANOPY,ALTERATION TO EXISTING BLDG,PUBLIC,CITY,,,,91000,,N,L5M 1M3,,11,38w,43.57756656,-79.70754565,1652227200000,2022-06-21,1682553600000,43.57756655614897,-79.70754564760206
17407,BP 3NEW 22-1722,COMPLETED -ALL INSP SIGNED OFF,2420 SURVEYOR RD,,INT ALTS TO PUBLIC CORE AREA & SUITES ON THE GRD & 2ND FLR  (19) SUITES TO BE BARRIER FREE  REPLACE EXTERIOR SLIDING DOORS WITH WINDOWS  CONCRETE PAD FOR GENERATOR - COMFORT INN,ALTERATION TO EXISTING BLDG,COMMERCIAL,COMMERCIAL - OTHER,,,,1017000,,N,L5N 4E6,,9,46e,43.5888083,-79.74291859,1650585600000,2022-07-15,1705881600000,43.58880830450794,-79.74291859149047
17488,BP 3ALT 22-2703,COMPLETED -ALL INSP SIGNED OFF,2200 DUNDAS ST E,1,INTERIOR ALTERATIONS TO NEW RESTAURANT WITH NEW EXTERIOR BARRIER FREE RAMP AT FRONT ENTRANCE - FAT FORK,ALTERATION TO EXISTING BLDG,COMMERCIAL,COMMERCIAL RETAIL - MULTI-USER,,,,474000,,N,L4X 2V3,,1,12,43.62541688,-79.56542303,1656547200000,2022-07-22,1678665600000,43.62541687664323,-79.56542302560257
17796,BP 3ALT 22-2317,COMPLETED -ALL INSP SIGNED OFF,6775 FINANCIAL DR,Floor 4,INTERIOR DEMOLITION BACK TO BASE WITH MINOR INTERIOR ALTERATIONS TO THE ELEVATOR LOBBY - LANDLORD WORK,ALTERATION TO EXISTING BLDG,COMMERCIAL,COMMERCIAL OFFICE - MULTI-USER,,,,102000,,N,L5N 0A4,,11,45w,43.61022699,-79.74296847,1654560000000,2022-08-18,1668470400000,43.61022698538608,-79.7429684689179
17815,BP 3ALT 22-2589,COMPLETED -ALL INSP SIGNED OFF,55 STANDISH CRT,300,INTERIOR ALTERATIONS TO UNIT 300  SUITE SEPERATION TO CREATE UNIT 300 & 301  NEW UNIVERSAL WASHROOM ACCESSIBLE FROM PUBLIC CORRIDOR.,ALTERATION TO EXISTING BLDG,COMMERCIAL,COMMERCIAL OFFICE - MULTI-USER,,,,1324000,,N,L5R 4A1,,5,44e,43.62642517,-79.68515181,1655856000000,2022-08-19,1685404800000,43.62642517097295,-79.68515180866514
17985,BP 3ALT 21-5358,ISSUED PERMIT,7080 DIXIE RD,,INSTALLATION OF AN ELEVATOR - ONTARIO KHALSA DARBAR,ALTERATION TO EXISTING BLDG,PUBLIC,CHURCH,,,,37000,,N,L5S 1B7,,5,50w,43.67615075,-79.67831514,1614729600000,2022-09-07,,43.67615074861546,-79.67831513930672
18091,BP 3ALT 22-3029,COMPLETED -ALL INSP SIGNED OFF,3580 THOMAS ST,,REVISION TO PERMIT 21-4802 - REMOVE PARTIAL SPRINKLER SYSTEM  EXTEND (1) STAIRCASE & ELEVATOR TO ACCESS THE ROOF - LANDLORD WORK,REVISIONS,COMMERCIAL,COMMERCIAL OFFICE - MULTI-USER,,,,76000,,N,L5M 2S6,,10,57,43.55792804,-79.74125267,1658361600000,2022-09-15,1666915200000,43.55792803816741,-79.74125266797039
18288,BP 3ALT 22-3544,COMPLETED -ALL INSP SIGNED OFF,2700 MATHESON BLVD E,,ALTERATION AND REPAIR WITHIN EXISTING (2) STOREY PARKING GARAGE STRUCUTRE - REPAIR CONCRETE RAMP & FLOOR  REPLACE DRAIN PIPES,ALTERATION TO EXISTING BLDG,COMMERCIAL,COMMERCIAL OFFICE - MULTI-USER,,,,92000,,N,L4W 4V9,,5,34e,43.66287686,-79.59988491,1661126400000,2022-09-29,1709164800000,43.662876862030394,-79.59988490642503
18458,FIRE 22-3159,COMPLETED -ALL INSP SIGNED OFF,2460 TRUSCOTT DR,,FIRE ALARM DEVICES UPGRADE FOR ELEVATOR EMERGENCY RECALL OPERATION - SHERIDAN VILLA LONG TERM CARE FACILITY,OTHER,PUBLIC,PUBLIC/INSTIT (EXCEPT SCHOOLS),,,,101000,,N,L5J 3Z8,,2,11,43.51040322,-79.64820442,1658966400000,2022-10-17,1770163200000,43.51040321529463,-79.64820441995467
19696,BP 3ALT 22-1459,COMPLETED -ALL INSP SIGNED OFF,6900 AIRPORT RD,"250,286 & 290",UPGRADE OF EXISTING BARRIER-FREE WASHROOMS AND ENTRANCES TO THE IMMIGRATION CENTRE,ALTERATION TO EXISTING BLDG,INDUSTRIAL,MULTI-TENANT INDUSTRIAL,,,2,80000,,N,L4V 1E8,,5,40w,43.70350677,-79.63832813,1649030400000,2023-02-01,1692316800000,43.70350677339834,-79.63832813112714
20244,BP 9SMAL 22-4845,COMPLETED -ALL INSP SIGNED OFF,291 QUEEN ST S,,ALTERATIONS TO ADD NEW RAMP & PORCH WITHIN FRONT YARD WITH INTERIOR ALTERATIONS TO ALL FLOORS OF EXISTING SFD - ENDLESS ABILITIES INC.,ALTERATION TO EXISTING BLDG,COMMERCIAL,COMMERCIAL OFFICE- SINGLE USER,,,,132000,,N,L5M 1L9,,11,38w,43.57925049,-79.70940468,1668470400000,2023-03-24,1691712000000,43.57925048964093,-79.7094046848629
20645,BP 3ALT 23-6393,COMPLETED -ALL INSP SIGNED OFF,6030 KESTREL RD,,REVISION TO BP 22-3058 - REMOVAL OF REAR RAMP AND WINDOWS  ALTERATIONS TO REAR EXTERIOR STAIRS  AND INTERIOR ALTERATIONS,REVISIONS,INDUSTRIAL,SINGLE TENANT INDUSTRIAL,,,,38000,,N,L5T 1S8,,5,43e,43.64402236,-79.66170442,1678924800000,2023-04-26,1684195200000,43.64402235837182,-79.6617044230217
20712,BP 3NEW 23-6415,COMPLETED -ALL INSP SIGNED OFF,1530 SPRINGWELL AVE,,EXIT STAIR SHAFT EXPANSION  INTERIOR ALTERATIONS FOR NEW ELEVATOR AND BARRIER FREE WASHROOMS - HILLCREST MIDDLE SCHOOL,ADDITION AND ALTERATION,PUBLIC,SCHOOL - ELEMENTARY,,17.16,,163000,,N,L5J 3H6,,2,10,43.52460126,-79.63927115,1679270400000,2023-05-01,1770336000000,43.524601260611206,-79.63927115345062
21295,BP 3ALT 22-4792,COMPLETED -ALL INSP SIGNED OFF,1305 DIXIE RD,1,INTERIOR ALTERATIONS FOR NEW ELEVATOR - TORONTO GOLF CLUB,ALTERATION TO EXISTING BLDG,COMMERCIAL,COMMERCIAL - OTHER,,,,104000,,N,L5E 2P5,,1,05,43.59340718,-79.55530812,1668384000000,2023-06-14,1745452800000,43.593407183619696,-79.55530811681594
21552,BP 3ALT 23-8116,COMPLETED -ALL INSP SIGNED OFF,975 CENTRAL PKY W,,REVISION TO 21-5441 - REPLACEMENT OF 7 - 2 POST CASSETTE STYLE AND 1 - 3 POST CASSETTE STYLE IN-GROUND AUTOMOTIVE VEHICLE LIFT - MISSISSAUGA TRANSIT,ALTERATION TO EXISTING BLDG,PUBLIC,CITY,,,,38000,,N,L5C 3B1,,6,23,43.56900457,-79.65600945,1687910400000,2023-07-06,1705449600000,43.569004567003496,-79.65600945305303
21705,BP 3ALT 23-7973,COMPLETED -ALL INSP SIGNED OFF,1120 RUNNINGBROOK DR,,INTERIOPR ALTERATIONS TO BARRIER-FREE WASHROOM - TERESA OF CALCUTTA ELEMENTARY SCHOOL,ALTERATION TO EXISTING BLDG,PUBLIC,SCHOOL - ELEMENTARY,,,,38000,,N,L4Y 2T2,,3,20,43.61246341,-79.60467823,1687219200000,2023-07-18,1709856000000,43.61246340848427,-79.6046782281377
21730,FIRE 23-8160,COMPLETED -ALL INSP SIGNED OFF,101 QUEENSWAY  W,300,INSTALLATION OF (4) ELECTROMAGNETIC LOCKS WITHIN 3RD FLOOR ELEVATOR LOBBY - TRILLIUM HEALTH PARTNERS,ELECTROMAG LOCK DEVICE,COMMERCIAL,COMMERCIAL OFFICE - MULTI-USER,,,,20000,,N,L5B 2P7,,7,15,43.57226353,-79.61091781,1688083200000,2023-07-19,1699315200000,43.57226353285717,-79.61091780726197
21744,BP 3ALT 23-7972,COMPLETED -ALL INSP SIGNED OFF,4555 TOMKEN RD,,INTERIOR ALTERATIONS TO EXISTING BARRIER-FREE WASHROOM -  PHILIP POPCOCK CATHOLIC S.S.,ALTERATION TO EXISTING BLDG,PUBLIC,SCHOOL - SECONDARY,,,,38000,,N,L4W 1J9,,3,27,43.62496959,-79.62525067,1687219200000,2023-07-20,1703203200000,43.62496958844698,-79.62525066863527
22216,FIRE 23-8458,ISSUED PERMIT,924 RATHBURN RD E,,FIRE ALARM CONTROL PANEL REPLACEMENT AND INSTALLATION OF SMOKE DETECTORS IN ALL ELEVATOR LOBBIES,OTHER,PUBLIC,CHURCH,,,,39000,,N,L4W 4H5,,3,27,43.61553434,-79.61639945,1689811200000,2023-08-29,,43.61553433717498,-79.61639944830107
22317,FIRE 23-9066,COMPLETED -ALL INSP SIGNED OFF,6925 CENTURY AVE,4th Floor,INSTALLATION OF (2) MAGLOCKS ON 4TH FLOOR ELEVATOR LOBBY,ELECTROMAG LOCK DEVICE,COMMERCIAL,COMMERCIAL OFFICE - MULTI-USER,,,,10000,,N,L5N 7K2,,9,46e,43.60267983,-79.75016764,1693353600000,2023-09-07,1701993600000,43.602679834404064,-79.75016763722368
22729,BP 3ALT 23-9220,COMPLETED -ALL INSP SIGNED OFF,5400 EXPLORER DR,,INTERIOR ALTERATIONS - CONVERT MEZZANINE TO 2ND FLR  CREATE (2) EXIT STAIRWAYS  ELEVATOR  & OPENING IN 2ND FLR SLAB - LANDLORD WORK,ALTERATION TO EXISTING BLDG,INDUSTRIAL,INDUSTRIAL - OTHER,,,,78390,,N,L4W 5H8,,5,34e,43.66156973,-79.60417453,1694390400000,2023-10-13,1720396800000,43.66156973144375,-79.60417453306034
23049,BP 3NEW 23-8502,COMPLETED -ALL INSP SIGNED OFF,4605 MISSISSAUGA RD,,(1) STOREY ADDITION TO ACCOMMODATE NEW ELEVATOR - CROATIAN MARTYRS PARISH,ADDITION TO EXISTING BLDG,PUBLIC,CHURCH,,27.24,,92000,,N,L5M 2B2,,8,31,43.56839759,-79.6936472,1690156800000,2023-11-08,1766448000000,43.56839759139164,-79.69364719738766
23051,BP 3NEW 23-9572,COMPLETED -ALL INSP SIGNED OFF,361 QUEEN ST S,,NEW ACCESSIBLE RAMP/PORCH IN FRONT YARD,ADDITION TO EXISTING BLDG,PUBLIC,PUBLIC - OTHER,,,,37960,,N,L5M 1M3,,11,38w,43.57605368,-79.70509598,1696550400000,2023-11-08,1768867200000,43.576053681846936,-79.70509598453843
23520,BP 3NEW 23-10093,COMPLETED -ALL INSP SIGNED OFF,3150 DERRY RD E,,EXTERIOR ALTERATIONS TO ADD NEW ACCESS RAMP W/ DOORS & RETAINING WALL OF EXISTING INDUSTRIAL BLDG. - HOME DEPOT WAREHOUSE - PHASE 1.5,ALTERATION TO EXISTING BLDG,INDUSTRIAL,SINGLE TENANT INDUSTRIAL,,,,300000,,N,L4T 1A9,B,5,40w,43.70667473,-79.63565527,1699574400000,2023-12-13,1745452800000,43.706674732197385,-79.63565526970456
23934,BP 3ALT 24-189,ISSUED PERMIT,5266 SOLAR DR,B106,NEW BARRIER FREE WASHROOM ON GRND FLR- PAHA SARU LIMITED,ALTERATION TO EXISTING BLDG,INDUSTRIAL,MULTI-TENANT INDUSTRIAL,,5.85,,7868,,N,L4W 5M8,,5,34w,43.65450979,-79.61327068,1705363200000,2024-01-29,,43.65450979091869,-79.61327068271231
24094,FIRE 24-435,COMPLETED -ALL INSP SIGNED OFF,1855 BUCKHORN GATE,,ALTERATION TO ELEVATOR RECALL & RELATED FIRE ALARM SYSTEM,OTHER,COMMERCIAL,COMMERCIAL OFFICE - MULTI-USER,,,,100620,,N,L4W 5N9,,3,26,43.64156429,-79.61169727,1706659200000,2024-02-12,1727827200000,43.6415642931943,-79.61169726893637
24630,BP 3ALT 23-7453,ISSUED PERMIT,5880 FALBOURNE ST,,ALTERATION WITHIN EXISTING INDUSTRIAL BLDG. NEW MEZZANINES  EXIT DOORS  UNIVERSAL WASHROOM  STAFF STORAGE  ELEVATOR  GENERAL STORAGE  COOLERS & FREEZERS,ADDITION AND ALTERATION,INDUSTRIAL,SINGLE TENANT INDUSTRIAL,,363.9,,957112,,N,L5R 0E6,,5,37e,43.61764117,-79.68364719,1684454400000,2024-04-02,,43.61764117336557,-79.68364718797872
24807,BP 3ALT 23-6054,ISSUED PERMIT,2185 NORTH SHERIDAN WAY,,INTERIOR ALTERATIONS  (2) NEW LOADING DOCK DOORS WITH PROPOSED RAMP  OMCAN MANUFACTURING & DISTRIBUTING COMPANY INC,ALTERATION TO EXISTING BLDG,INDUSTRIAL,SINGLE TENANT INDUSTRIAL,,258,,401112,,N,L5K 1A4,,2,18,43.52175592,-79.65242809,1676505600000,2024-04-15,,43.52175591609643,-79.65242809068002
25055,BP 3ALT 24-1803,COMPLETED -ALL INSP SIGNED OFF,5400 EXPLORER DR,,REVISIONS TO BP 23-9351 - CHANGES TO NEW ELEVATOR TRANSFORMER CLOSET,REVISIONS,COMMERCIAL,COMMERCIAL OFFICE- SINGLE USER,,3.4,,37960,,N,L4W 5H8,,5,34e,43.66156973,-79.60417453,1714089600000,2024-05-07,1720396800000,43.66156973144375,-79.60417453306034
25688,BP 3ALT 24-2422,ISSUED PERMIT,3185 MAVIS RD,,ALTERATION TO ENTRANCE & ELEVATOR LOBBY  PARTIAL ROOF MEMBRANE REPLACEMENT  REPLACEMENT OF (7) RTUs & (8) NEW EXHAUST FANS  EXTERIOR STUCCO REPAIR,ALTERATION TO EXISTING BLDG,PUBLIC,CITY,,64.6,,1131450,,N,L5C 1T7,,7,22,43.57014888,-79.63705729,1717545600000,2024-07-02,,43.5701488784264,-79.637057294147
25748,BP 3ALT 24-2369,COMPLETED -ALL INSP SIGNED OFF,2700 MATHESON BLVD E,3,INTERIOR ALTERATIONS FOR ELEVATOR LOBBY FOR UNIT 300,ALTERATION TO EXISTING BLDG,COMMERCIAL,COMMERCIAL - OTHER,,21,,58427,,N,L4W 4V9,,5,34e,43.66287686,-79.59988491,1717372800000,2024-07-05,1729641600000,43.662876862030394,-79.59988490642503
26182,BP 3ALT 24-3241,ISSUED PERMIT,60 COURTNEYPARK DR W,5B,INTERIOR ALTERATION TO CONVERT A STORAGE ROOM TO A BARRIER-FREE WASHROOM,ALTERATION TO EXISTING BLDG,INDUSTRIAL,MULTI-TENANT INDUSTRIAL,,10.2,,37960,,N,L5W 0B3,,5,44e,43.63541165,-79.69473786,1722297600000,2024-08-12,,43.635411646255726,-79.6947378576933
26452,FIRE 24-3722,COMPLETED -ALL INSP SIGNED OFF,33 CITY CENTRE DR,,UPGRADE FIRE ALARM CONTROL SYSTEM WITH ADDED FEATURE TO MEET THE ELEVATOR RECALL CAPABILITIES,OTHER,COMMERCIAL,COMMERCIAL OFFICE - MULTI-USER,,,,100620,,N,L5B 2N5,,4,29,43.5948685,-79.63842206,1724803200000,2024-09-03,1750809600000,43.59486849832849,-79.63842206247337
26454,BP 3ALT 24-344,COMPLETED -ALL INSP SIGNED OFF,4900 TOMKEN RD,,NEW ELEVATOR,ALTERATION TO EXISTING BLDG,PUBLIC,SCHOOL - OTHER,,,,41230,,N,L4W 1J8,E,3,27,43.62519349,-79.63047896,1706140800000,2024-09-03,1768953600000,43.62519348683648,-79.63047895766893
27587,BP 3NEW 24-4621,COMPLETED -ALL INSP SIGNED OFF,2180 MATHESON BLVD E,1,NEW GARAGE DOOR & RAMP ON THE WEST ELEVATION  ADJUST THE ORIENTATION OF THE EXISTING EXTERIOR STAIRS - LANDLORD WORK,ALTERATION TO EXISTING BLDG,INDUSTRIAL,MULTI-TENANT INDUSTRIAL,,43,,77350,,N,L4W 5E1,,5,34w,43.65290884,-79.61117553,1729641600000,2024-11-20,1752537600000,43.65290883622573,-79.61117553383696
27683,BP 3ALT 24-2077,COMPLETED -ALL INSP SIGNED OFF,1200 AEROWOOD DR,6,INTERIOR ALTERATIONS - THE BRAMPTON NILGIRIS INC.,ALTERATION TO EXISTING BLDG,INDUSTRIAL,MULTI-TENANT INDUSTRIAL,,300,,419700,,N,L4W 2S7,,5,35w,43.63814866,-79.63842888,1715731200000,2024-11-26,1758067200000,43.638148657136774,-79.63842887837862
27944,BP 3ALT 24-5215,COMPLETED -ALL INSP SIGNED OFF,3450 PLATINUM DR,A4,INTERIOR ALTERATIONS INCLUDES NEW BARRIER FREE WASHROOM AND NEW KITCHEN EXHAUST SYSTEM - SAM'S NASHVILLE HOT CHICKEN,ALTERATION TO EXISTING BLDG,COMMERCIAL,COMMERCIAL RETAIL - MULTI-USER,,5,,65515,,N,,A,8,58,43.53678438,-79.72582347,1732579200000,2024-12-17,1762128000000,43.536784384715205,-79.72582347397764
28033,BP 3ALT 24-4794,ISSUED PERMIT,6950 KENDERRY GATE,,INT ALTS  (1) NEW LOADING DOCK DOOR W/ PROPOSED RAMP  REVISED & INFILL OF OPENINGS ON EXT WALLS - TRUCK AND TRAILER REPAIR SHOP,ALTERATION TO EXISTING BLDG,INDUSTRIAL,SINGLE TENANT INDUSTRIAL,,844.44,,1221542,,N,L5T 2S7,,5,43w,43.65058708,-79.69870181,1730332800000,2024-12-24,,43.65058708134703,-79.69870181445151
28103,BP 3NEW 24-4137,COMPLETED -ALL INSP SIGNED OFF,6635 ORDAN DR,,NEW CONCRETE PAD FOR DUST COLLECTOR SYSTEM IN REAR YARD - MAD ELEVATOR,ALTERATION TO EXISTING BLDG,INDUSTRIAL,SINGLE TENANT INDUSTRIAL,,,,54080,,N,L5T 1K6,,5,42w,43.66307067,-79.66559994,1727049600000,2025-01-06,1765152000000,43.663070671895966,-79.66559994475043
28207,FIRE 24-5192,COMPLETED -ALL INSP SIGNED OFF,5770 HURONTARIO ST,1101,ALTERNATIVE SOLUTION - TO INSTALL SPRINKLER CURTAIN WALL TO SEPERATE SUITE 1101 & ELEVATOR LOBBY,OTHER,COMMERCIAL,COMMERCIAL OFFICE - MULTI-USER,,,,154570,,N,L5R 3G5,,5,37e,43.62025048,-79.67520586,1732233600000,2025-01-14,1745539200000,43.62025047997315,-79.6752058584658
28245,BP 3NEW 24-4327,COMPLETED -ALL INSP SIGNED OFF,5591 MCADAM RD,,NEW ENTRANCE RAMP WITHIN FRONT YARD,ALTERATION TO EXISTING BLDG,INDUSTRIAL,SINGLE TENANT INDUSTRIAL,,14.88,,37960,,N,L4Z 1N4,,5,36w,43.62707179,-79.65997607,1728000000000,2025-01-16,1745539200000,43.62707178985469,-79.6599760656958
28294,BP 3ALT 24-5156,ISSUED PERMIT,3085 GLEN ERIN DR,,INTERIOR ALTERATION TO PROVIDE UNIVERSAL WASHROOM  REVISE EXISTING POWER DOOR OPERATOR AT THE VESTIBULE,ALTERATION TO EXISTING BLDG,COMMERCIAL,COMMERCIAL OFFICE- SINGLE USER,,36.3,,83018,,N,L5L 1J3,,8,25,43.53297248,-79.67478763,1732147200000,2025-01-20,,43.53297247776493,-79.67478763006037
28392,DRAIN 24-5498,COMPLETED -ALL INSP SIGNED OFF,6200 KENWAY DR,,TO CONNECT DOCK-LIFT DRAIN TO THE ON-SITE STORM CATCH BASIN - VIPOND CHUBB FIRE & SECURITY,OTHER,INDUSTRIAL,SINGLE TENANT INDUSTRIAL,,,,37960,,N,L5T 2N3,,5,43w,43.6355437,-79.67514903,1734048000000,2025-01-29,1743638400000,43.63554370084083,-79.67514902923516
28951,BP 3NEW 24-2896,ISSUED PERMIT,4250 SHERWOODTOWNE BLVD,,ADDITION OF NEW VESTIBULE AND NEW LIFT SHAFT,ADDITION AND ALTERATION,COMMERCIAL,COMMERCIAL - OTHER,,8.81,,37960,,N,L4Z 2G6,A,4,28,43.6002238,-79.64030821,1720483200000,2025-03-21,,43.60022379706267,-79.64030821398224
29079,BP 3NEW 25-6499,COMPLETED -ALL INSP SIGNED OFF,3060 RIDGEWAY DR,,REVISION TO PERMIT 24-3521  - STRUCTURAL & FOUNDATION ALTERATIONS INCLUDING ALTERATIONS TO EXTERIOR ACCESS RAMP & STAIRS,ALTERATION TO EXISTING BLDG,COMMERCIAL,COMMERCIAL RETAIL-SINGLE USER,,242,,208910,,N,L5L 0C2,,8,59,43.51725258,-79.68956693,1740009600000,2025-03-31,1768262400000,43.51725257962054,-79.68956693202946
29228,BP 3ALT 24-5231,COMPLETED -ALL INSP SIGNED OFF,5010 GLEN ERIN DR,2,c - CHANGES TO LAYOUT AND LIFT - GOODLIFE FITNESS,REVISIONS,COMMERCIAL,COMMERCIAL - OTHER,,229.44,,524729,,N,L5M 6J3,,9,39w,43.55400564,-79.71481272,1732579200000,2025-04-11,1745798400000,43.554005643220016,-79.7148127183071
29584,BP 3NEW 25-5941,COMPLETED -ALL INSP SIGNED OFF,3115 ARGENTIA RD,,INTERIOR & EXTERIOR ALTERATIONS INCLUDING NEW RAMP & ACCESSORY BLDG  - COSTCO BUSINESS CENTRE,ALTERATION TO EXISTING BLDG,COMMERCIAL,COMMERCIAL - OTHER,,3075.92,,13255292,,N,L5N 8E1,H,9,55,43.59643812,-79.78919724,1736985600000,2025-05-12,1760659200000,43.596438117919135,-79.78919723893934
29737,BP 3ALT 25-7608,COMPLETED -ALL INSP SIGNED OFF,6985 FINANCIAL DR,3RD FLR,INTERIOR ALTERATION TO 3RD FLOOR CORRIDOR & ELEVATOR LOBBY - LANDLORD WORK,ALTERATION TO EXISTING BLDG,COMMERCIAL,COMMERCIAL OFFICE - MULTI-USER,,137,,313319,,N,L5N 0A1,,11,53w,43.6113997,-79.74737057,1745884800000,2025-05-26,1764633600000,43.611399699970704,-79.74737057052165
29830,BP 3NEW 25-7826,ISSUED PERMIT,7315 DAVID HUNTING DR,,REPLACEMENT OF EXTERIOR ENTRANCE ACCESSIBLE RAMP,ALTERATION TO EXISTING BLDG,INDUSTRIAL,MULTI-TENANT INDUSTRIAL,,30,,48750,,N,L5S 1W3,,5,49w,43.69594684,-79.66821042,1746748800000,2025-06-02,,43.69594683678996,-79.66821041955387
29884,MECH 25-7203,ISSUED PERMIT,2389 CLIFF RD,,HVAC UPGRADES INSTALLATION OF (7) ERV'S AND (1) MUA UNIT - CLIFTON PUBLIC SCHOOL,OTHER,PUBLIC,SCHOOL - ELEMENTARY,,,,246480,,N,L5A 2P1,,7,14,43.5841649,-79.60094254,1743552000000,2025-06-05,,43.584164902900646,-79.60094253590718
30109,FIRE 25-8223,COMPLETED -ALL INSP SIGNED OFF,1200 AEROWOOD DR,6,FIRE SUPPRESSION SYSTEM - THE BRAMPTON NILGIRIS INC.,OTHER,INDUSTRIAL,MULTI-TENANT INDUSTRIAL,,0,1,54080,,N,L4W 2S7,,5,35w,43.63814866,-79.63842888,1749081600000,2025-06-23,1752451200000,43.638148657136774,-79.63842887837862
30449,BP 3ALT 25-8897,ISSUED PERMIT,70 MINEOLA RD E,,INTERIOR ALTERATIONS INCLUDING NEW BARRIER FREE ACCESS WITHIN INTERNAL COURTYARD - PORT CREDIT SECONDARY SCHOOL,ALTERATION TO EXISTING BLDG,PUBLIC,SCHOOL - SECONDARY,,140,,320180,,N,L5G 2E5,,1,07,43.56266115,-79.58676711,1752537600000,2025-07-17,,43.562661153589225,-79.58676711072384
30622,FIRE 25-8786,ISSUED PERMIT,6500 GOTTARDO CRT,,INSTALLATION OF SPRINKLERS AT COLUMNS - GAL CANADA ELEVATOR,SPRINKLERS,INDUSTRIAL,SINGLE TENANT INDUSTRIAL,,,,48750,,N,L5T 2A2,,5,43e,43.65423252,-79.67337817,1751932800000,2025-07-30,,43.654232522860106,-79.67337817397947
31486,BP 3ALT 25-9927,COMPLETED -ALL INSP SIGNED OFF,5329 NINTH LINE,,DEMOLITION OF TEMPORARY EXTERIOR STAIRS AND ACCESSIBLE ELEVATOR,ALTERATION TO EXISTING BLDG,COMMERCIAL,COMMERCIAL - OTHER,,,,48750,,N,L5M 5X5,,10,57,43.54347182,-79.7436147,1758240000000,2025-10-17,1773100800000,43.54347181602098,-79.74361469824946
32260,BP 3ALT 25-10305,ISSUED PERMIT,5675 KENNEDY RD,,INSTALLATION OF A NEW ELEVATOR - HYDRO EXTRUSION CANADA,ALTERATION TO EXISTING BLDG,COMMERCIAL,COMMERCIAL OFFICE- SINGLE USER,,10.05,,48750,,N,L4Z 2H9,,5,36e,43.63056342,-79.65759566,1760400000000,2025-12-23,,43.63056342012131,-79.65759565948544
32443,BP 3ALT 25-10914,ISSUED PERMIT,5700 TERRY FOX WAY,,"INTERIOR ALTERATION - NEW BAR IN 2ND FLOOR  PRO SHOP RENO & NEW (3) RTU  (1) MUA  EXTERIOR RAMP REPAIR - ""BRAE BEN GOLF COURSE""",ALTERATION TO EXISTING BLDG,PUBLIC,PUBLIC - OTHER,,253,2,482699,,N,L5V 2W2,,6,38e,43.59891779,-79.69591933,1763424000000,2026-01-19,,43.59891779449293,-79.69591933248944
32532,BP 3NEW 25-9986,ISSUED PERMIT,7400 EAST DANBRO CRES,,NEW EXTERIOR COVERED BARRIER-FREE RAMP - CHEP CANADA CORP.,ADDITION TO EXISTING BLDG,INDUSTRIAL,SINGLE TENANT INDUSTRIAL,,62.15,,48750,,N,L5N 8C6,,9,54w,43.60725534,-79.78007887,1758585600000,2026-01-26,,43.60725534083787,-79.7800788742351
32677,BP 3ALT 24-5600,ISSUED PERMIT,6755 INVADER CRES,,INTERIOR & EXTERIOR (STAIR & RAMP) ALTERATIONS - BACKERHAUS VIET LTD,ALTERATION TO EXISTING BLDG,INDUSTRIAL,INDUSTRIAL - OTHER,,2322,,3248478,,N,L5T 2B7,,5,42w,43.66191297,-79.67789631,1734566400000,2026-02-09,,43.66191296578123,-79.67789631460728
32749,BP 3NEW 25-10837,ISSUED PERMIT,1755 ARGENTIA RD,,REVISION TO PERMIT 24-5568 - INTERIOR & EXTERIOR ALTERATIONS INCLUDING NEW COVERED EXTERIOR RAMP & REMOVE (2) MEZZANINES,ALTERATION TO EXISTING BLDG,INDUSTRIAL,SINGLE TENANT INDUSTRIAL,,454,,391950,,N,L5N 1V2,,11,45w,43.60582928,-79.73475917,1762905600000,2026-02-17,,43.60582927956881,-79.73475916912193
33005,FIRE 26-863,ISSUED PERMIT,2425 MATHESON BLVD E,,FIRE ALARM SYSTEM UPGRADE ( ELEVATOR MODERNIZATION ),OTHER,COMMERCIAL,COMMERCIAL OFFICE - MULTI-USER,,,8,103610,,N,L4W 5K4,,5,34w,43.65687205,-79.60352806,1773273600000,2026-03-16,,43.6568720493109,-79.60352805683222
33091,FIRE 26-949,ISSUED PERMIT,350 BURNHAMTHORPE RD W,,FIRE ALARM SYSTEM UPGRADE ( ELEVATOR MODERNIZATION ),OTHER,COMMERCIAL,COMMERCIAL OFFICE - MULTI-USER,,,,103610,,N,L5B 3J1,,7,22,43.58531269,-79.64323372,1773792000000,2026-03-24,,43.585312686061016,-79.6432337150337
33124,FIRE 26-977,ISSUED PERMIT,5255 ORBITOR DR,,FIRE ALARM SYSTEM UPGRADE (ELEVATOR MONDERNIZATION),OTHER,COMMERCIAL,COMMERCIAL OFFICE - MULTI-USER,,,,103610,,N,L4W 5M6,,5,34e,43.66043735,-79.60532902,1774224000000,2026-03-26,,43.66043734930541,-79.60532901665566
33472,BP 3ALT 26-1088,ISSUED PERMIT,1480 CHRISEDEN DR,,INTERIOR ALTERATION TO ADD ELEVATOR & NEW UNIVERSAL WASHROOM - TECUMSEH P.S.,ALTERATION TO EXISTING BLDG,PUBLIC,SCHOOL - ELEMENTARY,,150,,343050,,N,L5H 1V4,,2,09,43.54668689,-79.61364355,1774828800000,2026-05-01,,43.54668688946703,-79.61364355141532
33480,BP 3NEW 25-9235,ISSUED PERMIT,2444 HURONTARIO ST,,NEW EXTERIOR BARRIER - FREE RAMP,OTHER,COMMERCIAL,COMMERCIAL OFFICE - MULTI-USER,,,,48750,,N,L5B 2V1,,7,15,43.57674311,-79.61228922,1754006400000,2026-05-04,,43.57674310828813,-79.6122892207256
33539,BP 3ALT 26-1156,ISSUED PERMIT,3675 SAWMILL VALLEY DR,,INTERIOR ALTERATIONS TO ACCOMODATE NEW ACCESSIBLE PLATFORM LIFT - ST MARK ELEMENTARY SCHOOL,ALTERATION TO EXISTING BLDG,PUBLIC,SCHOOL - ELEMENTARY,,8.4,,19211,,N,L5L 2Z5,,8,31,43.55365548,-79.68089042,1775520000000,2026-05-08,,43.553655481035655,-79.68089042102159
