city,address,neighbourhood,ward,latitude,longitude,has_coords,sources,total_permits,n_building_permits,n_development_permits,keywords,earliest_permit_date,latest_permit_date,building_row_ids,development_file_numbers,sample_description,coord_source,completion
ottawa,1385 WOODROFFE AVE,Ward 8,,45.34795981664153,-75.75926136117027,yes,building,11,11,0,accessible; barrier-free; handrail,2021-01-01,2024-01-01,,,"Interior alterations to improve barrier free washrooms (Rooms WC405, WC406 and WC541)",address_points,unknown
ottawa,50 O'CONNOR ST,Ward 14,,45.42083674278328,-75.69916575210553,yes,building,5,5,0,accessible; lift,2015-01-01,2019-01-01,,,"Interior alterations to a 17 storey office building (create accessible washrooms on Floors 2,3,4,7,8,9,10,11,12,13,14, and 16)",address_points,unknown
ottawa,1125 COLONEL BY DR,Ward 17,,45.3812365207148,-75.69955478730225,yes,building,4,4,0,automatic door; barrier-free; lift; ramp,2015-01-01,2018-01-01,,,Install a new ramp roof (steel) in a 3 level parking garage (Carleton University),address_points,unknown
ottawa,50 RIDEAU ST,Ward 12,,45.42549949241835,-75.69130194053253,yes,building,4,4,0,lift,2013-01-01,2016-01-01,,,Interior alterations to the the P2 & P1 garage levels and levels 2 through 4 of a 4 storey retail building (Rideau Centre) in preparation for future tenant fit-ups (Food Court (level 2) and Nordstrom's (levels 3 & 4)) (former Sears space) Excluding elevator lobbies on P1 and P2 of the blue garage,address_points,unknown
ottawa,99 BANK ST,Ward 14,,45.420461096603994,-75.7000388741375,yes,building,4,4,0,accessible; lift,2015-01-01,2016-01-01,,,"Interior alteration to create accessible washrooms (floors 2, 4, 7 & 9, in the elevator corridor)",address_points,unknown
ottawa,100 MALVERN DR,Ward 3,,45.28044939072357,-75.76320674752509,yes,building,3,3,0,accessible; barrier-free; handrail,2012-01-01,2017-01-01,,,"Interior alterations in a 2 storey institutional building to install a fire-rated door, card reader and barrier free door operator. (Ruth Dickinson Library)",address_points,unknown
ottawa,1053 CARLING AVE,Ward 15,,45.39299571472559,-75.7216280593096,yes,building,3,3,0,accessible; lift,2016-01-01,2024-01-01,,,"Repair the elevator shaft in an 8 storey institutional building (The Ottawa Hospital, Civic)",address_points,unknown
ottawa,1701 WOODROFFE AVE,Ward 9,,45.326911742075666,-75.74287496390055,yes,building,3,3,0,accessible; handrail; lift,2014-01-01,2019-01-01,,,Interior alterations in a 2 storey recreation complex (Nepean Sportsplex - handrail addition),address_points,unknown
ottawa,175 THIRD AVE,Ward 17,,45.402102038882006,-75.69163079579174,yes,building,3,3,0,accessible,2014-01-01,2018-01-01,,,Interior alterations to a 2 storey community building (Remove barriers for accessibility),address_points,unknown
ottawa,320 QUEEN ST,Ward 14,,45.419068047441996,-75.70326274353756,yes,building,3,3,0,lift; ramp,2018-01-01,2021-01-01,,,"Exterior alterations to a 22 storey office building (Place de Ville, Tower A, Construct ramps)",address_points,unknown
ottawa,66 SLATER ST,Ward 14,,45.421472203405635,-75.69432597879931,yes,building,3,3,0,lift; ramp,2012-01-01,2020-01-01,,,Exterior alterations to the entrance ramp to the underground garage of a 23 storey office building,address_points,unknown
ottawa,1 ONIGAM ST,Ward 15,,45.4152170017956,-75.72991106970993,yes,building,2,2,0,lift,2024-01-01,2024-01-01,,,PLUMBING ONLY: Install a premise isolation backflow prevention device on the domestic cold water supply in a 1 storey industrial building (Lemieux Island High Lift Pipe Vault),address_points,unknown
ottawa,100 QUEEN ST,Ward 14,,45.42176419039603,-75.69759771582763,yes,building,2,2,0,lift,2016-01-01,2023-01-01,,,"Interior alterations on the 8th floor of a 16 storey office building (elevator lobby, public corridor areas and construction of 2 demising walls)",address_points,unknown
ottawa,1015 BANK ST,Ward 17,,45.398641881382474,-75.68383364819597,yes,building,2,2,0,accessible; ramp,2013-01-01,2014-01-01,,,"PARTIAL PERMIT ONLY - Footings, foundation and podium slab for Queen Elizabeth Drive (QED) entrance ramp and portion of underground garage - Lansdowne",address_points,unknown
ottawa,111 WELLINGTON ST,Ward 14,,45.42499379135326,-75.6997521013561,yes,building,2,2,0,lift,2013-01-01,2014-01-01,,,"Interior alterations - structural work for new floor at level L3 (northeast wing), numerous floor openings throughout (stairs, elevators, etc.) and general seismic upgrades to an existing 4 storey office building (West Block, Parliament Hill)",address_points,unknown
ottawa,145 CASTLEFRANK RD,Ward 23,,45.29168349619867,-75.88029362608623,yes,building,2,2,0,accessible; lift,2018-01-01,2019-01-01,,,Interior alterations to a 3 storey long-term care residence to create accessible shower room  (Hope Living - Unit 204),address_points,unknown
ottawa,1480 HERON RD,Ward 18,,45.3789605982076,-75.65393661510426,yes,building,2,2,0,lift; ramp,2013-01-01,2015-01-01,,,Interior alterations to the elevator and lobby in a 2 storey  community centre  ( Heron Rd CC),address_points,unknown
ottawa,161 ELGIN ST,Ward 14,,45.42065001018248,-75.69165412953123,yes,building,2,2,0,accessible; lift,2014-01-01,2024-01-01,,,Interior alterations on the ground floor of a 3 storey office building (Courthouse- Washroom Accessibility),address_points,unknown
ottawa,180 PERCY ST,Ward 14,,45.408973719697414,-75.70286207515791,yes,building,2,2,0,accessible; lift,2013-01-01,2013-01-01,,,Construct a 2 storey vestibule/elevator addition at the front of an existing 2 storey institutional building,address_points,unknown
ottawa,186 BARROW CRES,Ward 23,,45.31167640741995,-75.88219095510287,yes,building,2,2,0,lift; ramp; wheelchair,2013-01-01,2020-01-01,,,Interior alterations and construction of a ramp in a 1 storey school (Ecole Roger Saint-Denis),address_points,unknown
ottawa,2 CONSTELLATION DR,Ward 8,,45.349489676589286,-75.76504512909278,yes,building,2,2,0,automatic door; lift,2018-01-01,2019-01-01,,,Interior alterations (install power door operators) on all floors of an 8 storey office buiding,address_points,unknown
ottawa,2121 CARLING AVE,Ward 7,,45.37326070825426,-75.76884526145942,yes,building,2,2,0,lift,2013-01-01,2013-01-01,,,Tenant fit-up for a D occuancy in the basement and construction of an elevator shaft.,address_points,unknown
ottawa,224 ARLINGTON AVE,Ward 14,,45.407187853497874,-75.69898466521897,yes,building,2,2,0,accessible; ramp; wheelchair,2017-01-01,2021-01-01,,,Replace a deck (rear yard) and constuct a wheelchair accessible ramp,address_points,unknown
ottawa,229 WELLINGTON ST,Ward 14,,45.42178766938989,-75.70257261371887,yes,building,2,2,0,lift,2013-01-01,2021-01-01,,,"Alterations to upgrade HVAC, fire protection and elevators in a 9 storey office building (Confederation building)",address_points,unknown
ottawa,280 SLATER ST,Ward 14,,45.418766254771334,-75.70058997169969,yes,building,2,2,0,accessible; automatic door,2013-01-01,2014-01-01,,,Interior alterations to upgrade accessibility on the shared 1st floor and floors 2-18 on both towers of an 18 storey office building,address_points,unknown
ottawa,300 SPARKS ST,Ward 14,,45.41960303765544,-75.70416974373386,yes,building,2,2,0,handrail; ramp,2017-01-01,2021-01-01,,,PHASE II - Construct firewalls/handrails in the LYON station platform/concourse a temporary raised floor on the ground floor of a 4 storey office/cinema building (Place de Ville Cinema - Kontinuum Ottawa 2017),address_points,unknown
ottawa,307 MONTGOMERY ST,Ward 12,,45.43261217051446,-75.66707283491247,yes,building,2,2,0,lift,2013-01-01,2013-01-01,,,"Interior alterations in a 2 storey school (Les Petitte Frimousse, addition of a stair platform lift & upgrading of mechanical ventilation)",address_points,unknown
ottawa,330 SPARKS ST,Ward 14,,45.41932815862517,-75.7049038505773,yes,building,2,2,0,accessible; ramp,2014-01-01,2017-01-01,,,Interior alterations to add a new accessible washroom on the ground floor of a 29 storey office building (Place de Ville - Tower C),address_points,unknown
ottawa,350 ALBERT ST,Ward 14,,45.41829449962446,-75.70313197308671,yes,building,2,2,0,barrier-free; lift,2012-01-01,2022-01-01,,,"Interior alterations to create barrier free washrooms on the 3rd to 5th floors, 10th to 18th floors and 20th floor of a 21 storey office building",address_points,unknown
ottawa,430 HAZELDEAN RD,Ward 23,,45.30105787181008,-75.88202191911586,yes,building,2,2,0,barrier-free; ramp,2012-01-01,2013-01-01,,,Interior alterations in a 1 storey commercial building. Base building work. Construction of a demising wall and a barrier-free washroom within one suite.,address_points,unknown
ottawa,4800 BANK ST,Ward 22,,45.30304423371593,-75.60737330473458,yes,building,2,2,0,barrier-free; ramp,2017-01-01,2017-01-01,,,TEMPORARY PERMIT - Construct entrance deck and barrier free ramp for a sales office trailer (EQ Homes),address_points,unknown
ottawa,50 FRANK NIGHBOR PL,Ward 23,,45.29909805321729,-75.9171972497978,yes,building,2,2,0,ramp,2014-01-01,2014-01-01,,,Tenant fit-up in a 2 storey retail building (Xtreme Trampoline Park - REFER to A14-001161 for demising wall work),address_points,unknown
ottawa,879 HIAWATHA PARK RD,Ward 1,,45.48317262317093,-75.54543178891501,yes,building,2,2,0,lift,2015-01-01,2023-01-01,,,Interior alterations to upgrade the Elevator Shafts in  a 4 storey long-term care residency (Residence Saint-Louis),address_points,unknown
ottawa,930 CARLING AVE,Ward 16,,45.392044666036,-75.71728384162988,yes,building,2,2,0,lift; ramp,2018-01-01,2018-01-01,,,Exterior alterations to an office building - repair deck and add BF ramp (Experimental Farm - Building 2),address_points,unknown
ottawa,1 PALSEN ST,Ward 8,,45.348777335930784,-75.73429223060567,yes,building,1,1,0,barrier-free; ramp,2017-01-01,2017-01-01,,,Construct a barrier-free ramp and concrete stairs at the entrance of a group home residentail building.,address_points,unknown
ottawa,1 RIDEAU ST,Ward 12,,45.42566724134649,-75.69523848746492,yes,building,1,1,0,ramp,2017-01-01,2017-01-01,,,TEMPORARY PERMIT: Construct temporary scaffolding for the start ramp of Red Bull Crashed Ice Competition (Chateau Laurier Terrace),address_points,unknown
ottawa,1 RIVER ST,Ward 15,,,,no,building,1,1,0,lift,2013-01-01,2013-01-01,,,Interior alterations on the ground floor of the 2 storey High Lift Building,none,unknown
ottawa,1 SUSSEX DR,Ward 13,,45.443892412558554,-75.68584155263757,yes,building,1,1,0,lift,2015-01-01,2015-01-01,,,"Interior alterations to a 4 storey  building (Rideau Hall, Replace elevator)",address_points,unknown
ottawa,10 ROSEMOUNT AVE,Ward 15,,45.40185474308423,-75.72655412208702,yes,building,1,1,0,ramp,2015-01-01,2015-01-01,,,FOUNDATION ONLY - Construct the foundation and parking garage for a mixed use building (This permit does not include the garage ramp),address_points,unknown
ottawa,100 CHARLIE ROGERS PL,Ward 6,,45.2942747647975,-75.90166401848603,yes,building,1,1,0,accessible,2020-01-01,2020-01-01,,,Alterations to make recreation centre accessible. (Kanata Recreation Complex),address_points,unknown
ottawa,100 COLONNADE RD N,Ward 9,,,,no,building,1,1,0,barrier-free,2012-01-01,2012-01-01,,,Construct a barrier-free washroom on the 1st floor of an office building (Public Health Agency),none,unknown
ottawa,100 GREENVIEW AVE,Ward 7,,45.36161544422834,-75.79825059269722,yes,building,1,1,0,accessible,2014-01-01,2014-01-01,,,Interior alterations to a community building (Remove barriers for washroom accessibility),address_points,unknown
ottawa,100 TUNNEY'S PASTURE DRWY,Ward 15,,45.40502525863513,-75.73446154507045,yes,building,1,1,0,accessible,2018-01-01,2018-01-01,,,Interior alterations to a 26 storey office building - washroom accessibility changes (PWGSC/TPGSC),address_points,unknown
ottawa,1000 INNOVATION DR,Ward 4,,45.34426092199734,-75.92470599416991,yes,building,1,1,0,lift,2011-01-01,2011-01-01,,,Interior alterations on the 3rd and 5th floors of a 6 storey office building (elevator lobbies),address_points,unknown
ottawa,101 LYON ST N,Ward 14,,,,no,building,1,1,0,ramp,2011-01-01,2011-01-01,,,Demolition of entry ramp and building facade (phase 1 of pending permit A11-003538) demolition work only on an existing 27 storey building (Delta Hotel),none,unknown
ottawa,106 CONSTANCE CREEK DR,Ward 5,,45.42970504853217,-76.00868691191737,yes,building,1,1,0,barrier-free,2019-01-01,2019-01-01,,,"Interior alterations to a 1 storey barn (Barrier free bathrooms,new entry and wet bar)",address_points,unknown
ottawa,1060 BASELINE RD,Ward 9,,45.36521034934974,-75.7288795351675,yes,building,1,1,0,lift,2011-01-01,2011-01-01,,,Interirior alterations/retrofit to the elevator in a 2 storey chruch (St. Augustine's),address_points,unknown
ottawa,1065 RAMSEY CRES,Ward 7,,45.34974158597861,-75.79441862763017,yes,building,1,1,0,accessible,2014-01-01,2014-01-01,,,Interior alterations to make washrooms & reception desk fully accessible (Foster Farm Community Centre),address_points,unknown
ottawa,1065 WELLINGTON ST W,Ward 15,,,,no,building,1,1,0,ramp,2013-01-01,2013-01-01,,,Interior/exterior alterations to add a ramp in the front of a 1 storey retail building ( Victoria Pharmacy),none,unknown
ottawa,109 LARCH CRES,Ward 1,,45.487634676816235,-75.5215125625421,yes,building,1,1,0,accessible; ramp,2016-01-01,2016-01-01,,,Exterior alterations to remove and replace accessibility ramp on a 1 storey community building (Roy G. Hobbs Community Centre),address_points,unknown
ottawa,1099 GRENON AVE,Ward 7,,45.3509631079514,-75.79534369923502,yes,building,1,1,0,accessible,2014-01-01,2014-01-01,,,Interior alterations to make washrooms & change rooms fully accessible (Ruth Wildgen Park Field House),address_points,unknown
ottawa,110 ALLBIRCH RD,Ward 5,,45.478120537384825,-76.06932230875489,yes,building,1,1,0,lift,2021-01-01,2021-01-01,,,"Exterior alterations to a 1 storey detached (lifting house, pouring new foundation)",address_points,unknown
ottawa,111 CATHERINE ST,Ward 14,,45.41152813924654,-75.6884890009676,yes,building,1,1,0,barrier-free,2015-01-01,2015-01-01,,,"Interior alterations on the 1st floor of an 8 storey mixed-use building (barrier free washroom and office suite fit-up, unit #107)",address_points,unknown
ottawa,1130 WELLINGTON ST W,Ward 15,,,,no,building,1,1,0,ramp,2015-01-01,2015-01-01,,,FOUNDATION ONLY - Construct the foundation and parking garage for a mixed use building (This permit does not include the garage ramp),none,unknown
ottawa,1145 BANK ST,Ward 17,,45.39330589887988,-75.68245351791596,yes,building,1,1,0,ramp,2023-01-01,2023-01-01,,,Construct an entrance ramp to a 1 storey retail building (Scotiabank),address_points,unknown
ottawa,1145 INNOVATION DR,Ward 4,,45.34298488570123,-75.92329730195543,yes,building,1,1,0,ramp,2024-01-01,2024-01-01,,,Exterior Alterations to 2 storey office building (Addtion of Doorway and ramp),address_points,unknown
ottawa,1161 NORTH RIVER RD,Ward 13,,45.420891273466424,-75.66277153694041,yes,building,1,1,0,lift,2013-01-01,2013-01-01,,,Addition for an elevator in a 1 storey church (Sts. Peter & Paul Catholic Church),address_points,unknown
ottawa,12 STIRLING AVE,Ward 15,,45.405780944169635,-75.7281924048235,yes,building,1,1,0,lift,2013-01-01,2013-01-01,,,Demolish a portion of a school building including Gym and Elevator Shaft.,address_points,unknown
ottawa,1200 BLAIR RD,Ward 11,,45.431078572498535,-75.60844812190405,yes,building,1,1,0,lift,2021-01-01,2021-01-01,,,Interior alterations to a 2 storey transitway bus station elevators (Blair Station),address_points,unknown
ottawa,"1200 ST-LAURENT, BOULEVARD",Ward 13,,,,no,building,1,1,0,ramp,2019-01-01,2019-01-01,,,Exterior alterations to repair 1 ramp for pedestians only (St.Laurent Shopping Centre),none,unknown
ottawa,1228 AMESBROOKE DR,Ward 8,,45.362975104403816,-75.74785591194522,yes,building,1,1,0,accessible; ramp,2016-01-01,2016-01-01,,,Construct an accessibility ramp (front yard),address_points,unknown
ottawa,123 METCALFE ST,Ward 14,,45.42050247362024,-75.69500816212103,yes,building,1,1,0,lift,2015-01-01,2015-01-01,,,"Interior alterations to a 6 storey hotel (Indigo Hotel, Remove escalators and construct an elevator)",address_points,unknown
ottawa,1231 PLACE D'ORLEANS DR,Ward 1,,,,no,building,1,1,0,accessible,2013-01-01,2013-01-01,,,"Interior alterations to comply with accessibility legislation (OC Transpo transitway station, Place d'Orleans)",none,unknown
ottawa,1240 TERON RD,Ward 4,,45.3365801534628,-75.90429114063612,yes,building,1,1,0,barrier-free,2016-01-01,2016-01-01,,,Interior alterations to a 1 storey office building (unit #2 - base building work to construct a demising wall and barrier-free washroom),address_points,unknown
ottawa,1249 PRINCE OF WALES DR,Ward 16,,45.37233725019514,-75.70779779033307,yes,building,1,1,0,ramp,2017-01-01,2017-01-01,,,Construct a ramp and steps at the front of a 1 storey instittutional building (Rideauview Bible Chapel),address_points,unknown
ottawa,1275 HUMBER PL,Ward 18,,45.401925474824885,-75.60841003692927,yes,building,1,1,0,lift,2023-01-01,2023-01-01,,,"Interior alterations to a 1 storey industrial building (Unit 901 - Forklift service, rentals, sales)",address_points,unknown
ottawa,1281 MCWATTERS RD,Ward 8,,45.3435585842279,-75.78625907719092,yes,building,1,1,0,lift,2019-01-01,2019-01-01,,,"Interior alterations to the ground floor of a 2 storey institutional building (Pinecrest Elementary School)(Renovating existing storage and washroom to a new universal washroom, replacing dooors and maintenance of existing lift)",address_points,unknown
ottawa,1303 FELLOWS RD,Ward 8,,45.35204711067725,-75.76769460042884,yes,building,1,1,0,accessible,2017-01-01,2017-01-01,,,"Interior alterations in a 2 storey school (2nd original school :floors & ceilings, 1st flr addition: accessible washroom)",address_points,unknown
ottawa,131 QUEEN ST,Ward 14,,45.421746033544586,-75.69835039354294,yes,building,1,1,0,lift,2021-01-01,2021-01-01,,,"Interior alterations to a 13 storey office building (Elevator Lobby door, floor 13)",address_points,unknown
ottawa,1313 FIELD ST,Ward 8,,45.35445582502822,-75.76293163846933,yes,building,1,1,0,lift,2017-01-01,2017-01-01,,,Interior alterations to add an accesibility lift in a 2 storey institutional building (St. Daniel Catholic School),address_points,unknown
ottawa,135 BARRETTE ST,Ward 12,,45.440889520593174,-75.67303022472153,yes,building,1,1,0,ramp,2017-01-01,2017-01-01,,,TEMPORARY PERMIT: Exterior/Interior alterations to a 2 storey assembly building (interior sales centre and exterior ramp),address_points,unknown
ottawa,1360 BANK ST,Ward 17,,45.38465703093121,-75.67689756454614,yes,building,1,1,0,accessible; ramp,2021-01-01,2021-01-01,,,Exterior alterations to construct an accessible ramp (Billings Bridge Transit Station),address_points,unknown
ottawa,137 OLD COLONY RD,Ward 23,,45.29556402444299,-75.87564898302942,yes,building,1,1,0,barrier-free; ramp,2022-01-01,2022-01-01,,,Construct a barrier free ramp (front yard),address_points,unknown
ottawa,1399 WELLINGTON ST W,Ward 15,,,,no,building,1,1,0,lift,2017-01-01,2017-01-01,,,Interior alterations to a 2 storey office building (install a chair lift),none,unknown
ottawa,1427 SILLERY PL,Ward 1,,45.48371540052587,-75.48171839111323,yes,building,1,1,0,ramp; wheelchair,2014-01-01,2014-01-01,,,Construct a wheel chair ramp (front entrance),address_points,unknown
ottawa,1445 DUFORD DR,Ward 1,,45.47257860156969,-75.50851888919979,yes,building,1,1,0,accessible,2022-01-01,2022-01-01,,,Interior alterations in a 1 storey institutional building (Queenswood Elementary school - accessible washroom reno & new unisex washroom),address_points,unknown
ottawa,145 JEAN-JACQUES LUSSIER PRIV,Ward 12,,,,no,building,1,1,0,lift,2020-01-01,2020-01-01,,,Interior alerations to renew elevator in a 6 storey institutional building,none,unknown
ottawa,145 WOODRIDGE CRES,Ward 7,,45.34938423810311,-75.81040565817906,yes,building,1,1,0,lift,2021-01-01,2021-01-01,,,"Interior/exterior alterations to a 2 storey elementary school (Bayshore Public School , elevator install/addition)",address_points,unknown
ottawa,147 THARE CRES,Ward 3,,45.28945000690352,-75.7449217743771,yes,building,1,1,0,lift,2017-01-01,2017-01-01,,,Demolish a 1 storey industrial buidling (City of Ottawa decomissioned sewage lift station),address_points,unknown
ottawa,1475 MERIVALE RD,Ward 9,,45.35997158327049,-75.73478300719485,yes,building,1,1,0,barrier-free,2018-01-01,2018-01-01,,,Interior alterations to a 2 storey church (convert prayer room to a barrier free family washroom),address_points,unknown
ottawa,1481 FISHER AVE,Ward 16,,45.366898150975295,-75.70955640958839,yes,building,1,1,0,automatic door,2020-01-01,2020-01-01,,,"Install an automatic door actuator bollard & Repair/Replace of entrance structure, canopy, existing doors, and windows in a 2 storey institutional building (St Pius X Catholic High School)",address_points,unknown
ottawa,1490 YOUVILLE DR,Ward 1,,45.4663896653294,-75.54503108460274,yes,building,1,1,0,accessible,2014-01-01,2014-01-01,,,"Interior alterations to a 1 storey institutional building (Bob McQuarrie Community Centre, accessibility retrofit to West entrance)",address_points,unknown
ottawa,1500 LISGAR RD,Ward 13,,45.452699934199586,-75.68714017428027,yes,building,1,1,0,lift,2024-01-01,2024-01-01,,,PLUMBING ONLY: New sanitary lift station and modifications to sanitary forcemains and sewers,address_points,unknown
ottawa,1505 LAPERRIERE AVE,Ward 16,,45.378153163572385,-75.74277109350089,yes,building,1,1,0,lift,2014-01-01,2014-01-01,,,Interior alterations to a 4 storey office building (removal of partitions and elevator cab on all 4 floors),address_points,unknown
ottawa,151 C SECOND AVE,Ward 17,,,,no,building,1,1,0,barrier-free,2016-01-01,2016-01-01,,,"Interior alterations to a restaurant in a 2 storey mixed use building (The Urban Pear, Reconfigure washroom to barrier-free and add vestibule & staff washroom)",none,unknown
ottawa,152 GRANDVIEW RD,Ward 7,,45.36114425013234,-75.85844596955573,yes,building,1,1,0,accessible,2014-01-01,2014-01-01,,,Interior alterations to a 1 storey institutional building (Barry Mullen Park Field House - accessible washrooms),address_points,unknown
ottawa,154 SOMERSET ST W,Ward 14,,,,no,building,1,1,0,barrier-free; ramp,2018-01-01,2018-01-01,,,Repair the interior and construct a barrier free ramp in a church (St. Johns Evangelist),none,unknown
ottawa,155 QUEEN ST,Ward 14,,45.421414688422246,-75.69924095636615,yes,building,1,1,0,lift,2015-01-01,2015-01-01,,,Tenant fit-up in the basement of a 14 storey office building; add 1 elevator and escalators from ground floor lobby to basement  (Winners),address_points,unknown
ottawa,1595 MERIVALE RD,Ward 9,,45.35299321950104,-75.73293240943762,yes,building,1,1,0,accessible,2015-01-01,2015-01-01,,,"Interior alterations in a 1 storey retail building (Red Lobster, Accessible Washrooms)",address_points,unknown
ottawa,16 SYCAMORE DR,Ward 8,,45.31779821359161,-75.82265459401486,yes,building,1,1,0,ramp; wheelchair,2018-01-01,2018-01-01,,,Construct a deck and wheelchair ramp (front yard),address_points,unknown
ottawa,1600 JAMES NAISMITH DR,Ward 11,,45.429078649078235,-75.60756097267891,yes,building,1,1,0,ramp,2013-01-01,2013-01-01,,,Exterior alterations on the 1st floor of an 8 storey commercial office building to replace access stairs and rear ramp (TD Bank),address_points,unknown
ottawa,161 CASTLEFRANK RD,Ward 23,,45.28976417789967,-75.880406865016,yes,building,1,1,0,handicap; ramp,2017-01-01,2017-01-01,,,Construct a deck and handicap ramp (rear yard),address_points,unknown
ottawa,1616 CYRVILLE RD,Ward 11,,45.416759788706955,-75.6094920352311,yes,building,1,1,0,lift,2013-01-01,2013-01-01,,,Interior alterations to install a lift in a 1 storey retail building (Home Depot),address_points,unknown
ottawa,1635 RIVERSIDE DR,Ward 17,,,,no,building,1,1,0,accessible; ramp,2018-01-01,2018-01-01,,,Construct an accessibility ramp (Lycee Claudel Transitway Station),none,unknown
ottawa,164 JEANNE MANCE ST,Ward 12,,,,no,building,1,1,0,ramp,2021-01-01,2021-01-01,,,Exterior alterations to construct an exit ramp in a 1 storey community centre (Centre Pauline-Charron),none,unknown
ottawa,165 SPARKS ST,Ward 14,,45.421879131320665,-75.70059335565337,yes,building,1,1,0,barrier-free,2014-01-01,2014-01-01,,,Install a barrier-free washroom on the 3rd floor of an 8 storey office building (PWGSC),address_points,unknown
ottawa,166 FRANK ST,Ward 14,,45.41526616974169,-75.68662314442693,yes,building,1,1,0,accessible,2015-01-01,2015-01-01,,,"Exterior and interior alterations for accessibility upgrades to a 1 storey community building (St. Lukes Community Centre, Bethell Fieldhouse)",address_points,unknown
ottawa,1660 CARLING AVE,Ward 15,,45.37862577643974,-75.74891809071696,yes,building,1,1,0,lift,2015-01-01,2015-01-01,,,Tenant fitup on the ground floor (CRU-1 & CRU-4) and add a freight lift in a  2 storey retail building (Canadian Tire).,address_points,unknown
ottawa,1660 PRINCE OF WALES DR,Ward 16,,45.3602327208377,-75.7010651643153,yes,building,1,1,0,lift,2013-01-01,2013-01-01,,,Interior alterations to a 1 storey assembly building (Carleton Heights Public School) Construction of an elevator shaft.,address_points,unknown
ottawa,170 WALLER ST,Ward 12,,,,no,building,1,1,0,lift,2017-01-01,2017-01-01,,,"Exterior alterations to a 2 storey office building (University of Ottawa, Front, Construct a deck with a platform lift)",none,unknown
ottawa,"1707 ST-LAURENT, BOULEVARD",Ward 18,,,,no,building,1,1,0,barrier-free,2018-01-01,2018-01-01,,,"Tenant fit-up in a 1 storey retail building (Group D - Plato's Closet, construct a barrier-free bathroom)",none,unknown
ottawa,172 GUIGUES AVE,Ward 12,,45.432054913775914,-75.6914911859185,yes,building,1,1,0,accessible,2016-01-01,2016-01-01,,,Interior alterations to a 3 storey institutional building - upgrade accessibility in change rooms (Routhier Community Centre),address_points,unknown
ottawa,1722 ST. BERNARD ST,Ward 10,,45.351453142023395,-75.62463137325709,yes,building,1,1,0,barrier-free; ramp,2024-01-01,2024-01-01,,,"Interior/exterior alterations to a 1 storey institutional building (OCSB - St. Bernard School, construct exterior ramp into gym, barrier free washroom in classroom 114, and remove load bearing wall to combine classroom 114 & 115)",address_points,unknown
ottawa,1745 ALTA VISTA DR,Ward 18,,45.40183209404843,-75.6582539336311,yes,building,1,1,0,ramp,2022-01-01,2022-01-01,,,"Exterior alterations to a 6 storey medical building (loading ramp, National Defense Medical Centre Hospital)",address_points,unknown
ottawa,1758 ALTA VISTA DR,Ward 18,,45.40270945261569,-75.662710721894,yes,building,1,1,0,ramp; wheelchair,2016-01-01,2016-01-01,,,Construct a wheelchair ramp at the front of a 1 storey church (Immaculate Heart of Mary Parish),address_points,unknown
ottawa,1760 MCMASTER AVE,Ward 18,,45.38655606949489,-75.64683033843731,yes,building,1,1,0,barrier-free; ramp,2015-01-01,2015-01-01,,,Construct a barrier free ramp at a school (McMaster Catholic School),address_points,unknown
ottawa,177 COLONNADE RD S,Ward 9,,,,no,building,1,1,0,barrier-free,2019-01-01,2019-01-01,,,Interior alterations to a 1 storey commercial building (new universal washroom to replace exisiting barrier-free washroom),none,unknown
ottawa,18 DUNHAM ST,Ward 11,,45.439060943607664,-75.60972931443361,yes,building,1,1,0,wheelchair,2017-01-01,2017-01-01,,,Construct a deck for wheelchair access (front stairs),address_points,unknown
ottawa,1811 ST. JOSEPH BLVD,Ward 1,,,,no,building,1,1,0,lift,2016-01-01,2016-01-01,,,"Construct a 2 storey addition to a 2 storey office building (elevator), restore the porch (side) and interior alterations on the 1st floor (vestibule)",none,unknown
ottawa,1815 ALTA VISTA DR,Ward 18,,45.400938624632275,-75.66169219855013,yes,building,1,1,0,accessible; ramp,2015-01-01,2015-01-01,,,Exterior alterations to a 2 storey office building (Canadian Dental Association - construct accessibility ramp),address_points,unknown
ottawa,1816 ST. LAURENT BLVD,Ward 18,,,,no,building,1,1,0,accessible; ramp,2012-01-01,2012-01-01,,,Interior alterations to install an accessible ramp on the 1st floor of a 2 storey community centre (Dempsey CC),none,unknown
ottawa,1825 ST. JOSEPH BLVD,Ward 1,,,,no,building,1,1,0,accessible,2016-01-01,2016-01-01,,,Interior alterations on the 1st floor of a 2 storey place of worship (Community Pentecostal Church - accessible bathroom),none,unknown
ottawa,187 BANK ST,Ward 14,,45.41788770729578,-75.69812107610878,yes,building,1,1,0,accessible,2014-01-01,2014-01-01,,,Interior/Exterior alterations to a 4 storey mixed use building (Accessible entrances),address_points,unknown
ottawa,1874 SHAREL DR,Ward 18,,45.383807532426935,-75.64137089197678,yes,building,1,1,0,accessible; ramp,2018-01-01,2018-01-01,,,Construct an accessibility ramp (front yard),address_points,unknown
ottawa,1876 MERIVALE RD,Ward 9,,45.33289151924104,-75.72432030392791,yes,building,1,1,0,lift,2014-01-01,2014-01-01,,,Interior alterations in a Church (install a stairlift from the entrance to the sanctuary),address_points,unknown
ottawa,1876 ROBERTSON RD,Ward 8,,45.326537580951886,-75.82076462489536,yes,building,1,1,0,lift,2015-01-01,2015-01-01,,,Interior alterations to a 2 storey hotel (Best Western Hotel - Install an elevator),address_points,unknown
ottawa,1900 BASELINE RD,Ward 8,,45.35251001727073,-75.75764101240013,yes,building,1,1,0,lift,2013-01-01,2013-01-01,,,Interior alterations to install a lift in a 1 storey retail building (Home Depot),address_points,unknown
ottawa,1900 DAUPHIN RD,Ward 18,,45.39829507099822,-75.63973545420481,yes,building,1,1,0,accessible; barrier-free; lift,2024-01-01,2024-01-01,,,"Construct a vestibule addition and interior alterations to a 2 storey institutional building (OCDSB - Hillcrest High School, construct accessibility lift at entrance and library, universal washroom on ground floor, and barrier free washroom on second floor)",address_points,unknown
ottawa,"1910 ST-LAURENT, BOULEVARD",Ward 18,,,,no,building,1,1,0,ramp,2018-01-01,2018-01-01,,,"Interior alterations on the 1st floor of a 1 storey retail building (Units 1, 3A, 4) and construct new rear exterior loading dock with ramp.",none,unknown
ottawa,1915 BANK ST,Ward 16,,45.36849452315338,-75.6618964673609,yes,building,1,1,0,accessible; ramp,2015-01-01,2015-01-01,,,Exterior alterations to remove and replace accessible ramp in a 1 storey office building,address_points,unknown
ottawa,1923 ELMRIDGE DR,Ward 11,,45.44408631188111,-75.59933138239357,yes,building,1,1,0,lift,2015-01-01,2015-01-01,,,Interior alterations to install an elevator on the ground floor in a 1storey institutional building (Brother Andre Elementary),address_points,unknown
ottawa,1964 HAIG DR,Ward 18,,45.397802690568675,-75.63659505805755,yes,building,1,1,0,ramp,2019-01-01,2019-01-01,,,Construct a 1 storey mudroom addition (side yard) and porch with ramp (front yard),address_points,unknown
ottawa,2 BEAVERBROOK RD,Ward 4,,,,no,building,1,1,0,lift,2015-01-01,2015-01-01,,,Construct a 2 storey addition for an elevator  (Beaverbrook Community Centre),none,unknown
ottawa,20 JAMES ST,Ward 14,,45.412937351566946,-75.69528156258112,yes,building,1,1,0,accessible; ramp,2012-01-01,2012-01-01,,,Construct an accessibility ramp at the rear of a 2 storey office building,address_points,unknown
ottawa,20 MCKITRICK DR,Ward 23,,45.29238061523104,-75.88411205084698,yes,building,1,1,0,lift,2015-01-01,2015-01-01,,,Interior alterations to install a elevator on the ground floor in a 2 storey institutional building (St. Martins Catholic School),address_points,unknown
ottawa,200 KENT ST,Ward 14,,45.417090994047314,-75.70153172501935,yes,building,1,1,0,barrier-free; ramp,2013-01-01,2013-01-01,,,Exterior alterations (new barrier free ramp) to a 16 storey office building (Centennial Tower),address_points,unknown
ottawa,2020 OGILVIE RD,Ward 11,,45.437625773703864,-75.60139917841349,yes,building,1,1,0,accessible,2013-01-01,2013-01-01,,,Interior alterations to a make a 1 storey arena more accessible,address_points,unknown
ottawa,2025 LANTHIER DR,Ward 19,,45.45736097975516,-75.49118007920126,yes,building,1,1,0,lift,2015-01-01,2015-01-01,,,Interior alterations to install an elevator in a 2 storey office building,address_points,unknown
ottawa,2074 BENJAMIN AVE,Ward 7,,45.36524192669145,-75.76252115060528,yes,building,1,1,0,accessible,2014-01-01,2014-01-01,,,Interior alterations to a 1 storey community centre (make washrooms accessible),address_points,unknown
ottawa,21 -103 ANTARES DR,Ward 9,,,,no,building,1,1,0,lift,2015-01-01,2015-01-01,,,"Interior alterations to a 2 storey office building (Unit 103, International Union of Elevator Constructors)",none,unknown
ottawa,213 ALLGROVE WAY,Ward 6,,45.246167758175666,-75.91025669792775,yes,building,1,1,0,lift,2016-01-01,2016-01-01,,,Interior alterations in a 2 storey detached delling (elevator shaft and ensuite),address_points,unknown
ottawa,2139 TAWNEY RD,Ward 18,,45.39395186274961,-75.61523305771912,yes,building,1,1,0,accessible,2016-01-01,2016-01-01,,,"Interior alterations to a 1 storey community building (Hawthorne Park Fieldhouse, accessibility renovations)",address_points,unknown
ottawa,2149 BERWICK AVE,Ward 8,,45.35753180801408,-75.76264916592318,yes,building,1,1,0,accessible,2017-01-01,2017-01-01,,,"Interior alterations to a 1 storey fieldhouse (Bel-Air Park Fieldhouse, change room accessibility requirements)",address_points,unknown
ottawa,2157 DUBLIN AVE,Ward 8,,45.36084394249839,-75.76433839750929,yes,building,1,1,0,ramp; wheelchair,2018-01-01,2018-01-01,,,Construct a wheelchair ramp (front yard),address_points,unknown
ottawa,2215 GLADWIN CRES,Ward 18,,45.405670715168355,-75.62203296036516,yes,building,1,1,0,ramp,2019-01-01,2019-01-01,,,Tenant fit up in a 2 storey office/warehouse building (Laws of Motion Trampoline),address_points,unknown
ottawa,223 MAIN ST,Ward 17,,45.407906141229724,-75.67682407247442,yes,building,1,1,0,barrier-free,2014-01-01,2014-01-01,,,Interior alterations on the 2nd and 3rd floor of a 5 storey institutional building (Laframboise Hall - barrier-free washrooms),address_points,unknown
ottawa,224 MCARTHUR AVE,Ward 12,,45.43089065330031,-75.66050647268075,yes,building,1,1,0,accessible; ramp,2023-01-01,2023-01-01,,,Exterior alterations to rebuild an accessibility ramp (Ottawa Inuit Children's Centre),address_points,unknown
ottawa,2250 TORQUAY AVE,Ward 8,,45.34782230654934,-75.77402414159883,yes,building,1,1,0,accessible,2016-01-01,2016-01-01,,,"Interior alterations in a 2 storey recreational complex (Pinecrest Recreation Complex, Accessibility renovations)",address_points,unknown
ottawa,2287 ST. LAURENT BLVD,Ward 10,,,,no,building,1,1,0,lift,2015-01-01,2015-01-01,,,Lift existing office building to construct a slab foundation beneath it,none,unknown
ottawa,23 SHIRLEY BLVD,Ward 7,,45.364465925075486,-75.90803684318138,yes,building,1,1,0,ramp,2017-01-01,2017-01-01,,,"Remove and replace a wooden ramp on a 1 storey building (Connaught Range, front)",address_points,unknown
ottawa,2300 COMMUNITY WAY,Ward 21,,45.13072068158559,-75.71040605055715,yes,building,1,1,0,accessible,2013-01-01,2013-01-01,,,Interior alterations to remove barriers and make facility accessible (Alfred Taylor Recreation Centre),address_points,unknown
ottawa,2300 RELIN WAY,Ward 21,,45.12794127322906,-75.70860866360745,yes,building,1,1,0,ramp,2017-01-01,2017-01-01,,,Construct a ramp to an existing deck,address_points,unknown
ottawa,2313 CARLING AVE,Ward 7,,45.36819640725139,-75.77659568228734,yes,building,1,1,0,barrier-free,2015-01-01,2015-01-01,,,Interior alterations to a 1 storey funeral home (barrier free washroom),address_points,unknown
ottawa,233 GILMOUR ST,Ward 14,,45.41607368527065,-75.69098685105673,yes,building,1,1,0,lift,2020-01-01,2020-01-01,,,Interior alterations in a 12 storey office building (fire alarm main panel - elevator),address_points,unknown
ottawa,"233 MONTREAL, CH DE",Ward 12,,,,no,building,1,1,0,ramp,2023-01-01,2023-01-01,,,Exterior alterations to a 2 storey office building (replace front steps and ramp),none,unknown
ottawa,"235 MONTREAL, CH DE",Ward 12,,,,no,building,1,1,0,ramp,2023-01-01,2023-01-01,,,Exterior alterations to a 2 storey office building (replace front steps and ramp),none,unknown
ottawa,"237 MONTREAL, CH DE",Ward 12,,,,no,building,1,1,0,ramp,2023-01-01,2023-01-01,,,Exterior alterations to a 2 storey office building (replace front steps and ramp),none,unknown
ottawa,2408 POLLOCK RD,Ward 21,,45.15036217971617,-75.74781238407814,yes,building,1,1,0,ramp; wheelchair,2021-01-01,2021-01-01,,,Construct a wheelchair access ramp & covered deck,address_points,unknown
ottawa,2451 RIVERSIDE DR,Ward 17,,45.382555105159476,-75.68147685786096,yes,building,1,1,0,accessible,2013-01-01,2013-01-01,,,Interior alterations to a 2 storey recreation centre (accessibility renovations to 2 washroom facilities and entrance),address_points,unknown
ottawa,246 ROCKCLIFFE RD,Ward 13,,45.454970644619124,-75.68499849092994,yes,building,1,1,0,lift,2024-01-01,2024-01-01,,,PLUMBING ONLY: New sanitary lift station and modifications to sanitary forcemains and sewers,address_points,unknown
ottawa,2485 DWIGHT CRES,Ward 18,,45.39455847654446,-75.61553967428517,yes,building,1,1,0,lift,2014-01-01,2014-01-01,,,Install elevator and renovations in a 3 storey elementary school (St. Luke Elementary School),address_points,unknown
ottawa,25 RANGE RD,Ward 12,,45.428410577698855,-75.67305612225285,yes,building,1,1,0,accessible,2014-01-01,2014-01-01,,,Interior alterations to remove barriers and make washroom fully accessible (Strathcona Park Fieldhouse),address_points,unknown
ottawa,25 TAPIOLA CRES,Ward 10,,45.363935418390575,-75.64682264167195,yes,building,1,1,0,lift,2017-01-01,2017-01-01,,,Interior alterations to a 2 storey shopping plaza (Remove and replace elevator),address_points,unknown
ottawa,250 ALBERT ST,Ward 14,,45.41958496901454,-75.70050413947092,yes,building,1,1,0,lift,2022-01-01,2022-01-01,,,Interior alterations in a 14 storey office building (fire alarm upgrades related to elevator modification),address_points,unknown
ottawa,250 CITY CENTRE AVE,Ward 14,,45.40820585777644,-75.71873629437512,yes,building,1,1,0,ramp,2015-01-01,2015-01-01,,,"Exterior alterations (replace stairs, guards and add HC ramp to rear platform) to a 2 storey retail building",address_points,unknown
ottawa,250 HOLLAND AVE,Ward 15,,45.395691142478896,-75.7299173453405,yes,building,1,1,0,ramp,2022-01-01,2022-01-01,,,Exterior alterations to a 3 storey institutional building (Fisher Park Public School - ramp installation),address_points,unknown
ottawa,250 SOMERSET ST E,Ward 12,,,,no,building,1,1,0,accessible,2014-01-01,2014-01-01,,,"Interior alterations to a 1 storey institutional building (Sandy Hill Community Centre, accessibility retrofit)",none,unknown
ottawa,2530 CAMPEAU DR,Ward 4,,45.32096647533072,-75.89716053938793,yes,building,1,1,0,accessible; ramp,2021-01-01,2021-01-01,,,"Exterior alterations to a 2 storey recreational building (foundation repairs, demolish and construct new accessible ramp)",address_points,unknown
ottawa,2541 OLD MONTREAL RD,Ward 19,,45.51749681019356,-75.40832237535916,yes,building,1,1,0,ramp; wheelchair,2019-01-01,2019-01-01,,,Demolish a deck and wheelchair ramp,address_points,unknown
ottawa,2650 LANCASTER RD,Ward 18,,45.39853363799625,-75.6113196082693,yes,building,1,1,0,accessible,2013-01-01,2013-01-01,,,Interior alterations to create an accessible washroom in a 1 storey office building,address_points,unknown
ottawa,2720 RICHMOND RD,Ward 7,,45.358500595706076,-75.79252014068513,yes,building,1,1,0,lift,2015-01-01,2015-01-01,,,"Construction of stair and elevator additions, partial demolition and interior alterations to a 3 storey assembly building (conversion of Grant School into Centre Multiservices Francophone de l'Ouest d'Ottawa)",address_points,unknown
ottawa,2721 BANK ST,Ward 10,,45.35237729770124,-75.6330359050541,yes,building,1,1,0,lift,2013-01-01,2013-01-01,,,Install an elevator shaft in a 2 storey motel,address_points,unknown
ottawa,2730 IRIS ST,Ward 8,,45.34770973020344,-75.7866397230212,yes,building,1,1,0,barrier-free,2012-01-01,2012-01-01,,,Interior alterations to convert to barrier free washrooms in a commercial building (Unit U3),address_points,unknown
ottawa,2731 CASSELS ST,Ward 7,,45.37442002639455,-75.79261771479297,yes,building,1,1,0,handrail,2018-01-01,2018-01-01,,,Interior alterations to repair handrails in a 2 storey water purification plant (Britannia Water Treatment Plant),address_points,unknown
ottawa,2757 ST. JOSEPH BLVD,Ward 1,,,,no,building,1,1,0,barrier-free; lift,2012-01-01,2012-01-01,,,Construct a 2 storey addition at the rear of an existing 2 storey institutional building (barrier-free entrance and elevator for 2nd floor of Paroisse St.-Joseph d'Orléans - church),none,unknown
ottawa,2777 CASSELS ST,Ward 7,,45.371777209434846,-75.80280152799514,yes,building,1,1,0,lift,2015-01-01,2015-01-01,,,Install an elevator to a 2 storey recreational building (Britania yacht club),address_points,unknown
ottawa,2781 LANCASTER RD,Ward 18,,45.39522628549455,-75.60448628290482,yes,building,1,1,0,lift,2015-01-01,2015-01-01,,,Inteiror alterations on the 1st floor of a 4 storey office building (Elevator lobby),address_points,unknown
ottawa,2785 8TH LINE RD,Ward 20,,45.229805491787445,-75.46881505684749,yes,building,1,1,0,barrier-free; ramp,2014-01-01,2014-01-01,,,Interior alterations on the 1st floor of a 2 storey arena to construct barrier free ramp to spectators area (Larry Robinson Arena),address_points,unknown
ottawa,280 ALBERT ST,Ward 14,,45.41913949725417,-75.70154518268063,yes,building,1,1,0,ramp,2014-01-01,2014-01-01,,,Construct a steel canopy over parking garage ramp on a 10 storey office building,address_points,unknown
ottawa,280 CATHERINE ST,Ward 14,,45.40803276253426,-75.69464472352001,yes,building,1,1,0,barrier-free; lift,2019-01-01,2019-01-01,,,Interior alterations in a 2 storey retail building (add barrier-free lift),address_points,unknown
ottawa,2820 SPRINGLAND DR,Ward 16,,45.36338724299408,-75.68517958320638,yes,building,1,1,0,accessible; lift,2017-01-01,2017-01-01,,,Interior alterations to add an accessibility lift to a 2 storey school (Holy Cross Catholic School),address_points,unknown
ottawa,2827 RIVERSIDE DR,Ward 16,,45.371781948768934,-75.6890655603782,yes,building,1,1,0,lift,2016-01-01,2016-01-01,,,Install an elevator in a 2 storey office building (War Amps),address_points,unknown
ottawa,2860 AHEARN AVE,Ward 7,,45.36040706141267,-75.80061595026508,yes,building,1,1,0,lift; wheelchair,2014-01-01,2014-01-01,,,Install a wheelchair lift in a 2 storey school (Dr. F J McDonald),address_points,unknown
ottawa,287 MEADOWBREEZE DR,Ward 23,,45.274713256940174,-75.84696656382998,yes,building,1,1,0,barrier-free; ramp,2013-01-01,2013-01-01,,,TEMPORARY PERMIT - Relocate an existing Sales Trailer (temporary) and barrier free ramp. Additional Construction for deck and barrier free washroom. - 24 MONTHS MAXIMUM,address_points,unknown
ottawa,2905 SWANSEA CRES,Ward 10,,45.38147119980985,-75.61387600426043,yes,building,1,1,0,ramp,2019-01-01,2019-01-01,,,Interior/exterior alterations to install a dock ramp on the ground floor of a 1 storey office/warehouse building. (PWGSC),address_points,unknown
ottawa,2935 AHEARN AVE,Ward 7,,45.35881285772523,-75.80337082991657,yes,building,1,1,0,ramp; wheelchair,2012-01-01,2012-01-01,,,Remove and replace wheelchair ramps ar the front of a 2 storey group home,address_points,unknown
ottawa,"295 MONTREAL, CH DE",Ward 12,,,,no,building,1,1,0,accessible; barrier-free; ramp,2023-01-01,2023-01-01,,,Exterior addition to a 2 storey commercial building (rear entrance barrier free vestibule and accessibility ramp - Wabano Centre for Aboriginal Health),none,unknown
ottawa,298 DALHOUSIE ST,Ward 12,,45.42930718835912,-75.69182201747132,yes,building,1,1,0,ramp,2017-01-01,2017-01-01,,,"Exterior alterations to a 2 storey retail building (Shopper's Drug Mart, Construct a ramp)",address_points,unknown
ottawa,2980 CARLING AVE,Ward 7,,45.355116000498484,-75.80380818728906,yes,building,1,1,0,ramp,2017-01-01,2017-01-01,,,Interior alterations on the 1st floor of a 4 storey institutional building (Carling Family Shelter ) and exterior ramp/stair alterations,address_points,unknown
ottawa,30 MURRAY ST,Ward 12,,45.4288323476896,-75.69497764545251,yes,building,1,1,0,barrier-free; ramp,2016-01-01,2016-01-01,,,Exterior alterations to a 3 storey office building (Barrier free ramp at front entrance).,address_points,unknown
ottawa,30 ROSEMOUNT AVE,Ward 15,,45.40137599935687,-75.72619135722248,yes,building,1,1,0,lift,2013-01-01,2013-01-01,,,Interior alterations to a 2 storey medical building including elevator and platform lift installation (Community Health Centre),address_points,unknown
ottawa,"300 PERES-BLANCS, AV DES",Ward 12,,,,no,building,1,1,0,accessible; ramp,2024-01-01,2024-01-01,,,Exterior alterations to a 3 storey institutional building (Richelieu-Vanier Community Centre - accessibility ramp),none,unknown
ottawa,300 ROCHESTER ST,Ward 14,,45.404218151505376,-75.71036657229537,yes,building,1,1,0,ramp,2023-01-01,2023-01-01,,,"Interior alterations to an institutional building (demolish part of stairs, add exterior ramp - Adult High School)",address_points,unknown
ottawa,300 SLATER ST,Ward 14,,45.418550926928305,-75.70120189508808,yes,building,1,1,0,lift,2016-01-01,2016-01-01,,,"Interior alterations on all floors of a 20 storey office building (relocation of elevator lobby lighting, sprinklers, and fire alarm)",address_points,unknown
ottawa,3050 WOODROFFE AVE,Ward 3,,45.284520700146906,-75.72419332616417,yes,building,1,1,0,lift,2016-01-01,2016-01-01,,,Construct an addition to install elevator and stairway in a 2 storey commercial building (Unit 9),address_points,unknown
ottawa,306 IRENE CRES,Ward 15,,45.38309547236746,-75.74714992686175,yes,building,1,1,0,barrier-free; ramp,2016-01-01,2016-01-01,,,Exterior alterations to install a barrier free ramp at the rear of a 3 storey hostel,address_points,unknown
ottawa,309 MCARTHUR AVE,Ward 12,,45.432982434291134,-75.65532704816226,yes,building,1,1,0,accessible,2011-01-01,2011-01-01,,,Interior alterations for structural remediation and accessibility improvements (Bernard Grandmaitre arena),address_points,unknown
ottawa,31 MOODIE DR,Ward 7,,45.349592862970326,-75.84385537191262,yes,building,1,1,0,barrier-free,2021-01-01,2021-01-01,,,"Interior and exterior alterations to a 1 storey institutional building (Crystal Bay Centre for Special Education - new barrier free door operators, hardware and 1 exterior door and sidelight)",address_points,unknown
ottawa,315 CHAPEL ST,Ward 12,,45.42730314648843,-75.67730084612494,yes,building,1,1,0,lift,2017-01-01,2017-01-01,,,Install an elevator in a 2 storey church hall (All Saints),address_points,unknown
ottawa,315 QUEEN ST,Ward 14,,45.41940483653083,-75.70444132061392,yes,building,1,1,0,handrail,2017-01-01,2017-01-01,,,PHASE II - Construct firewalls/handrails in the LYON station platform/concourse a temporary raised floor on the ground floor of a 4 storey office/cinema building (Place de Ville Cinema - Kontinuum Ottawa 2017),address_points,unknown
ottawa,3191 RIVERSIDE DR,Ward 16,,45.35914336380244,-75.68758078445241,yes,building,1,1,0,barrier-free,2014-01-01,2014-01-01,,,Increase the male and female washroom fixture count by 1. Construct a barrier-free unisex washroom.,address_points,unknown
ottawa,3280 LEITRIM RD,Ward 22,,45.33111585118077,-75.59791334051363,yes,building,1,1,0,accessible,2013-01-01,2013-01-01,,,Interior alterations to make facility accessible (Fred Barrett Arena),address_points,unknown
ottawa,333 LAURIER AVE W,Ward 14,,,,no,building,1,1,0,accessible,2013-01-01,2013-01-01,,,Interior alterations to upgrade accessibility on the shared 1st floor and floors 2-18 on both towers of an 18 storey office building,none,unknown
ottawa,333 PRESTON ST,Ward 14,,45.40274570917534,-75.7095426572797,yes,building,1,1,0,automatic door,2021-01-01,2021-01-01,,,Interior alterations to the 1st floor of an 11 storey office building (replace 2 sets of revolving doors with automatic doors),address_points,unknown
ottawa,334 MACLAREN ST,Ward 14,,45.41507545169858,-75.69423885928475,yes,building,1,1,0,lift,2024-01-01,2024-01-01,,,Exterior alterations to a 2 storey office building (New front porch platform lift),address_points,unknown
ottawa,345 RICHMOND RD,Ward 15,,45.39244058021448,-75.75440719325996,yes,building,1,1,0,accessible; ramp,2017-01-01,2017-01-01,,,"Exteriror/Interior alterations to the Churchill Senior Center(accessibility upgrades, BF ramp, stairs, removal of and construction of new rear deck, including heritage restoration)",address_points,unknown
ottawa,35 STAFFORD RD,Ward 8,,45.32856428210692,-75.82202196625582,yes,building,1,1,0,accessible,2018-01-01,2018-01-01,,,"Interior/exterior alterations to a 1 storey community building (Nepean Creative Arts Centre, washrooms & front entrance - accessibility upgrades)",address_points,unknown
ottawa,360 ALBERT ST,Ward 14,,45.41829449962446,-75.70313197308671,yes,building,1,1,0,barrier-free,2012-01-01,2012-01-01,,,"Interior alterations to create barrier free washrooms on the 3rd to 5th floors, 10th to 18th floors and 20th floor of a 21 storey office building",address_points,unknown
ottawa,365 LAURIER AVE W,Ward 14,,,,no,building,1,1,0,accessible,2015-01-01,2015-01-01,,,Interior alterations on the 5th to the 21st floor of a 21 storey office building (accessible washrooms),none,unknown
ottawa,3701 CARLING AVE,Ward 7,,45.34838800318084,-75.88364886691006,yes,building,1,1,0,lift,2015-01-01,2015-01-01,,,Interior alterations (replace elevator) to a 4 storey office/industrial building (David Florida Laboratory),address_points,unknown
ottawa,"3735 ST-JOSEPH, BOULEVARD",Ward 1,,,,no,building,1,1,0,barrier-free,2020-01-01,2020-01-01,,,Tenant fit-up on the ground floor of a 1 storey mixed use building (GCOM Support - Suite E) and interior alterations to install barrier-free washrooms in Suites B-F,none,unknown
ottawa,377 RIDEAU ST,Ward 12,,45.43010184994943,-75.68319715857952,yes,building,1,1,0,accessible,2017-01-01,2017-01-01,,,PLUMBING ONLY - Relocating plumbing for accessible washroom,address_points,unknown
ottawa,39 MCARTHUR AVE,Ward 12,,45.431199325718744,-75.66678540815754,yes,building,1,1,0,ramp,2020-01-01,2020-01-01,,,"Interior and exterior alterations to a 1 storey office building (ramp canopy, and universal washroom)",address_points,unknown
ottawa,3905 INNES RD,Ward 2,,45.45391172328784,-75.51030103263746,yes,building,1,1,0,ramp,2024-01-01,2024-01-01,,,Alterations for the addition of outdoor patio and ramp on a 1 storey retail building (Markies Montreal Smoked Meat),address_points,unknown
ottawa,391 GLADSTONE AVE,Ward 14,,45.412025981683065,-75.69451274303846,yes,building,1,1,0,lift,2014-01-01,2014-01-01,,,"Interior structural repairs to a 1-storey commercial building (make level the ground floor, alter staircases, and install an elevator lift).",address_points,unknown
ottawa,395 TERMINAL AVE,Ward 18,,45.41499686858458,-75.65428384630091,yes,building,1,1,0,barrier-free,2020-01-01,2020-01-01,,,Construct new barrier-free washroom on the 8th floor of an 8 storey office building,address_points,unknown
ottawa,4 BAYWOOD DR,Ward 6,,45.24871081953493,-75.90634138357538,yes,building,1,1,0,barrier-free,2021-01-01,2021-01-01,,,"Interior alterations to a 1 storey elementary school (conversion of change room and shower into storage, universal washroom and barrier-free washroom)",address_points,unknown
ottawa,40 BURNVIEW CRES,Ward 2,,45.43692648052643,-75.56471907261259,yes,building,1,1,0,ramp; wheelchair,2017-01-01,2017-01-01,,,Construct a wheelchair ramp (front entrance),address_points,unknown
ottawa,40 ELGIN ST,Ward 14,,45.42329649299192,-75.69564494099501,yes,building,1,1,0,accessible,2018-01-01,2018-01-01,,,"Interior alterations to 1st, 6th & 7th floors of a 12 storey office building (Washrooms, Universal Accessibility)",address_points,unknown
ottawa,400 KING EDWARD AVE,Ward 12,,45.428135478656074,-75.68573949234319,yes,building,1,1,0,accessible,2017-01-01,2017-01-01,,,Interior alterations to a 2 storey theatre (auditiorium upgrades and accessibility improvements) (Ottawa Little Theatre),address_points,unknown
ottawa,400 MCARTHUR AVE,Ward 13,,45.4318217673144,-75.6488098372513,yes,building,1,1,0,handicap; ramp,2015-01-01,2015-01-01,,,Interior alterations to install a handicap ramp in a public corridor of a 2 storey mixed use  building,address_points,unknown
ottawa,400 ST. LAURENT BLVD,Ward 13,,,,no,building,1,1,0,lift,2016-01-01,2016-01-01,,,Interior alterations to install an elevator  to access  the lower hall in a place of worship (Our Lady of Mount Carmel),none,unknown
ottawa,401 SMYTH RD,Ward 18,,45.40109380077265,-75.65160093068684,yes,building,1,1,0,barrier-free,2023-01-01,2023-01-01,,,Interior alterations on the 2nd floor of a 6 storey institutional building (CHEO - barrier free water closet stalls),address_points,unknown
ottawa,4026 OLD RICHMOND RD,Ward 8,,45.309886284899505,-75.82821315609229,yes,building,1,1,0,ramp,2017-01-01,2017-01-01,,,Exterior ramp extension on an existing landing. (Royal Canadian Legion Bells Corners),address_points,unknown
ottawa,4075 TWIN ELM RD,Ward 21,,45.20351735606028,-75.79567530962723,yes,building,1,1,0,barrier-free,2022-01-01,2022-01-01,,,Interior alterations to a 2 storey assembly building to upgrade the washroom to a barrier-free washroom,address_points,unknown
ottawa,43 BRUYERE ST,Ward 12,,,,no,building,1,1,0,lift,2012-01-01,2012-01-01,,,Interior alterations to the Y3 elevator shaft in an 8 story institutional building (Bruyere Continuing Care),none,unknown
ottawa,43 STE. CECILE ST,Ward 12,,,,no,building,1,1,0,accessible,2016-01-01,2016-01-01,,,"Interior alterations to make change rooms fully accessible in a 1 storey community building (Optimist Park, Pool Change House)",none,unknown
ottawa,433 NELSON ST,Ward 12,,45.42328709168474,-75.6783340452456,yes,building,1,1,0,ramp,2015-01-01,2015-01-01,,,Exterior/interior alterations to a 4 storey Group Home (Install power assist door in 5 locations and upgrade entrance ramp),address_points,unknown
ottawa,4355 HALMONT DR,Ward 11,,45.42854028566869,-75.62007131736407,yes,building,1,1,0,lift,2013-01-01,2013-01-01,,,Install an elevator in a 2 storey community centre (Cyrville Comm. Centre),address_points,unknown
ottawa,439 QUEEN ST,Ward 14,,45.41763724394972,-75.7079190440318,yes,building,1,1,0,barrier-free; ramp,2012-01-01,2012-01-01,,,TEMPORARY PERMIT: Install a temporary washroom trailer and wooden barrier-free ramp to access Lauder Hall & Cathedral.,address_points,unknown
ottawa,445 SUSSEX DR,Ward 12,,45.42853555676707,-75.69523679414061,yes,building,1,1,0,accessible,2016-01-01,2016-01-01,,,Interior alterations for accessibility upgrades in a 4 storey mixed use building,address_points,unknown
ottawa,449 SUSSEX DR,Ward 12,,45.42853555676707,-75.69523679414061,yes,building,1,1,0,accessible,2016-01-01,2016-01-01,,,Interior alterations for accessibility upgrades in a 4 storey mixed use building,address_points,unknown
ottawa,45 LOUIS PASTEUR PRIV,Ward 12,,,,no,building,1,1,0,lift,2021-01-01,2021-01-01,,,Interior alterations to a 4 storey Institutional building (Leblanc Residence) to modernize elevator.,none,unknown
ottawa,451 SMYTH RD,Ward 18,,45.402406085896814,-75.65028137560307,yes,building,1,1,0,lift,2019-01-01,2019-01-01,,,Interior alterations to the elevators (P1 & P3) and elevator lobbies in a 4 storey institutional building (University of Ottawa),address_points,unknown
ottawa,457 SUSSEX DR,Ward 12,,45.42853555676707,-75.69523679414061,yes,building,1,1,0,accessible,2016-01-01,2016-01-01,,,Interior alterations for accessibility upgrades in a 4 storey mixed use building,address_points,unknown
ottawa,458 CATHERINE ST,Ward 14,,45.405727422505684,-75.70033110418426,yes,building,1,1,0,ramp,2021-01-01,2021-01-01,,,Demolish a 3 storey industrial building for highway 417 ramp improvement,address_points,unknown
ottawa,460 MAIN ST,Ward 17,,45.40033321530956,-75.67329441206006,yes,building,1,1,0,ramp; wheelchair,2014-01-01,2014-01-01,,,Construct a deck and wheelchair ramp (back and side yard),address_points,unknown
ottawa,464 METCALFE ST,Ward 14,,45.41152813924654,-75.6884890009676,yes,building,1,1,0,barrier-free,2014-01-01,2014-01-01,,,Interior alterations to add a barrier free washroom on the 1st floor of an 8 storey mixed-use building,address_points,unknown
ottawa,465 SUSSEX DR,Ward 12,,45.42853555676707,-75.69523679414061,yes,building,1,1,0,accessible,2016-01-01,2016-01-01,,,Interior alterations for accessibility upgrades in a 4 storey mixed use building,address_points,unknown
ottawa,488 WILBROD ST,Ward 12,,45.429898740660335,-75.67444672419413,yes,building,1,1,0,handicap; ramp,2012-01-01,2012-01-01,,,Exterior alterations to install a handicap ramp to a 2 storey office building,address_points,unknown
ottawa,5 RATAN CRT,Ward 16,,45.34870801183103,-75.67901818330137,yes,building,1,1,0,ramp,2018-01-01,2018-01-01,,,Remove and replace existing front ramp and construct a canopy over front exterior stairs in a 1 storey group home (Ottawa-Carleton Association for Persons with Developmental Disabilities),address_points,unknown
ottawa,500 PALLADIUM DR,Ward 23,,45.29952691631302,-75.91345827832897,yes,building,1,1,0,automatic door,2017-01-01,2017-01-01,,,"Interior alterations on the 1st floor of a 3 storey office building (adding new power door operator, Suite 1100, DRS Technologies Canada)",address_points,unknown
ottawa,501 OLD ST. PATRICK ST,Ward 12,,45.43513917795601,-75.68441993995437,yes,building,1,1,0,lift,2016-01-01,2016-01-01,,,"Interior alterations to a 4 storey school (Ecole secondaire publique De La Salle, Replace elevator)",address_points,unknown
ottawa,501 SMYTH RD,Ward 18,,45.40167760554593,-75.64674766378675,yes,building,1,1,0,lift,2014-01-01,2014-01-01,,,Interior alterations to remove (decommissioned) ejection elevators and replace with new manned service elevator in a hospital (The Ottawa Hospital),address_points,unknown
ottawa,51 YORK ST,Ward 12,,45.428562226102635,-75.69308098568075,yes,building,1,1,0,handicap; ramp,2014-01-01,2014-01-01,,,Exterior alterations to a 2 storey retail building (modifications to handicap ramp on the east entrance),address_points,unknown
ottawa,510 RIDEAU ST,Ward 12,,45.43156007401546,-75.67833050857833,yes,building,1,1,0,barrier-free; ramp,2021-01-01,2021-01-01,,,Replace the front porch and construct a barrier free ramp to an existing 2 storey building (A2 assembly occupancy),address_points,unknown
ottawa,515 SUSSEX DR,Ward 12,,45.42703920358749,-75.69377829483521,yes,building,1,1,0,accessible; ramp,2015-01-01,2015-01-01,,,Exterior alterations to replace accessibility ramp,address_points,unknown
ottawa,525 COTE ST,Ward 13,,,,no,building,1,1,0,accessible,2015-01-01,2015-01-01,,,Interior alterations to a 2 storey community complex (make pool change rooms accessible),none,unknown
ottawa,5499 SOUTH RIVER DR,Ward 21,,45.230267771892564,-75.67922527012718,yes,building,1,1,0,accessible,2020-01-01,2020-01-01,,,Interior alterations to update washroom accessibility in a Library (Manotick Public Library),address_points,unknown
ottawa,550 CUMBERLAND ST,Ward 12,,45.42454510205265,-75.68632159795236,yes,building,1,1,0,accessible; ramp,2017-01-01,2017-01-01,,,"Construct an accessibility ramp and structural repairs to the south entrance of a 4 storey university building (University of Ottawa, Tabaret Hall)",address_points,unknown
ottawa,550 TERMINAL AVE,Ward 18,,45.41482019096682,-75.64560189318459,yes,building,1,1,0,lift; wheelchair,2011-01-01,2011-01-01,,,Removal of a key operated wheel chair lift and replace with an enclosed elevator in a commercial building (AIM Medical),address_points,unknown
ottawa,5515 -1 CANOTEK RD,Ward 11,,,,no,building,1,1,0,ramp,2014-01-01,2014-01-01,,,Tenant fit-up in a 2 storey mixed use building (Spring Action Trampoline Centre),none,unknown
ottawa,5550 ANN ST,Ward 21,,45.22438596797243,-75.6847649783634,yes,building,1,1,0,handicap; lift,2015-01-01,2015-01-01,,,56tyy6Interior alterations to a 1 storey commercial building to construct a shaft and machine room for a lift for handicap access (Royal Canadian Legion - Manotick),address_points,unknown
ottawa,56 SPARKS ST,Ward 14,,45.42322764103768,-75.69616367585078,yes,building,1,1,0,lift,2016-01-01,2016-01-01,,,Interior alterations on the 10th floor of a 10 storey office building (electrical upgrades for elevator),address_points,unknown
ottawa,5715 ROCKDALE RD,Ward 19,,45.3563810031935,-75.35080275544021,yes,building,1,1,0,accessible,2022-01-01,2022-01-01,,,Alterations to a 1 storey fieldhouse (accessibility improvements),address_points,unknown
ottawa,5860 AKINS RD,Ward 21,,45.230549599554614,-75.85798102312424,yes,building,1,1,0,lift,2020-01-01,2020-01-01,,,construct a detached garage (with hoist lift),address_points,unknown
ottawa,6 FLORAL PL,Ward 8,,45.32343527454531,-75.82204022361566,yes,building,1,1,0,ramp,2016-01-01,2016-01-01,,,Construct an attached deck and ramp (front yard),address_points,unknown
ottawa,6 LISA AVE,Ward 8,,45.34442052119134,-75.78900070399702,yes,building,1,1,0,accessible,2014-01-01,2014-01-01,,,Interior alterations to a 1 storey institutional building (Lisa Park Field House - accessible washrooms),address_points,unknown
ottawa,6 ROWAN RD,Ward 6,,45.27888924764398,-75.91976945254468,yes,building,1,1,0,ramp,2014-01-01,2014-01-01,,,Construct new roof and install an access ramp; add a carport at the side of a mobile home,address_points,unknown
ottawa,60 A LEBRETON ST N,Ward 14,,,,no,building,1,1,0,barrier-free,2021-01-01,2021-01-01,,,"Interior alterations on the ground floor of a 2 storey mixed use building (restaurant, add barrier free washroom)",none,unknown
ottawa,60 QUEEN ST,Ward 14,,45.422573064417435,-75.69550143512838,yes,building,1,1,0,lift,2019-01-01,2019-01-01,,,Interior alterations in a 16 storey office building (elevator modernization),address_points,unknown
ottawa,6030 VOYAGEUR DR,Ward 2,,45.47361667559737,-75.55224658562844,yes,building,1,1,0,ramp,2023-01-01,2023-01-01,,,Interior alterations and add a ramp (rear yard) to a 1 storey institutional building (Ecole elementaire catholiques des Voyageurs),address_points,unknown
ottawa,61 FARLANE BLVD,Ward 9,,45.36308417391897,-75.72159417934866,yes,building,1,1,0,barrier-free; lift,2018-01-01,2018-01-01,,,Construct a deck complete with barrier free lift,address_points,unknown
ottawa,61 MAIN ST,Ward 17,,45.4129858076475,-75.67987390766123,yes,building,1,1,0,ramp,2013-01-01,2013-01-01,,,Construct a ramp and exterior alterations to a 2 storey community Centre (Old Town Hall),address_points,unknown
ottawa,6136 KAYCOURT DR,Ward 20,,45.10801571348412,-75.54706718446617,yes,building,1,1,0,wheelchair,2017-01-01,2017-01-01,,,Interior alterations to enlarge a bathroom for wheelchair access,address_points,unknown
ottawa,6157 RUSSELL RD,Ward 19,,45.376363761875226,-75.47688313543462,yes,building,1,1,0,ramp,2021-01-01,2021-01-01,,,Exterior alterations to a 2 storey accessory building (stairs/ramp leading to second storey),address_points,unknown
ottawa,625 CHARDONNAY DR,Ward 19,,45.461234792267284,-75.47295106390897,yes,building,1,1,0,accessible; ramp,2015-01-01,2015-01-01,,,Construct an accessible ramp (front yard),address_points,unknown
ottawa,6332 HERBERTS CORNERS RD,Ward 20,,45.207765463653104,-75.58637344942316,yes,building,1,1,0,ramp,2020-01-01,2020-01-01,,,Construct a deck and ramp at the principle entrance (front yard),address_points,unknown
ottawa,66 QUEEN ST,Ward 14,,45.42245456886258,-75.69577702208788,yes,building,1,1,0,lift,2013-01-01,2013-01-01,,,Interior alterations to modify existing elevator in a 4 storey office building,address_points,unknown
ottawa,6610 -GRND FOURTH LINE RD,Ward 21,,,,no,building,1,1,0,accessible,2024-01-01,2024-01-01,,,Interior alterations in a 2 storey mixed use building (convert office space to accessible units) Total of 5 units in building.,none,unknown
ottawa,68 KNOXDALE RD,Ward 9,,45.33015068139391,-75.7610983045352,yes,building,1,1,0,accessible,2014-01-01,2014-01-01,,,Interior alterations to a 1 storey community building (Margaret Rywack - accessibility),address_points,unknown
ottawa,680 BRONSON AVE,Ward 17,,45.402630832112436,-75.70103931619131,yes,building,1,1,0,ramp; wheelchair,2014-01-01,2014-01-01,,,Construct a concrete deck and wheelchair ramp at the side of a 2 storey mixed use building (Rogers),address_points,unknown
ottawa,691 SMYTH RD,Ward 18,,45.400171878409274,-75.63893669111879,yes,building,1,1,0,barrier-free; ramp,2022-01-01,2022-01-01,,,Interior/exterior alterations in a 1 storey place of worship (Emmanuel United Church - door replacements & barrier-free ramp),address_points,unknown
ottawa,700 SUSSEX DR,Ward 12,,45.425844628975355,-75.69408971828634,yes,building,1,1,0,barrier-free; ramp,2015-01-01,2015-01-01,,,Exterior alterations on the 1st floor of a 7 storey mixed use building (Construct a barrier free ramp - Scotiabank),address_points,unknown
ottawa,72 CHAMBERLAIN AVE,Ward 17,,45.40695439116359,-75.69426093628118,yes,building,1,1,0,accessible; lift,2019-01-01,2019-01-01,,,Construct a 3 storey front addition to a 3 storey office building (new elevator and accessible lobby entrance),address_points,unknown
ottawa,73 LEIKIN DR,Ward 22,,45.294684853732754,-75.70500223406721,yes,building,1,1,0,automatic door,2013-01-01,2013-01-01,,,Interior alterations (install power door operators) on all floors in a 4 storey office building (RCMP Headquarters),address_points,unknown
ottawa,73 RIDEAU ST,Ward 12,,45.42623432826861,-75.69274523225849,yes,building,1,1,0,lift,2016-01-01,2016-01-01,,,Repair the elevator shaft on all floors of a 5 storey retail building,address_points,unknown
ottawa,"75 BRUYERE, RUE",Ward 12,,,,no,building,1,1,0,lift,2022-01-01,2022-01-01,,,Exterior/interior alterations to a 6 storey institutional building (vestibule roof and elevator lobby),none,unknown
ottawa,765 BROADVIEW AVE,Ward 15,,45.37791796590414,-75.75466058734037,yes,building,1,1,0,accessible; ramp,2012-01-01,2012-01-01,,,Construct an accessible ramp and interior alterations to a 1 storey chiropractic office building,address_points,unknown
ottawa,786 BRONSON AVE,Ward 17,,45.40011484696469,-75.69960071277282,yes,building,1,1,0,lift,2021-01-01,2021-01-01,,,Construct an elevator shaft on the exterior of a 3 storey office building,address_points,unknown
ottawa,791 MONTREAL RD,Ward 13,,,,no,building,1,1,0,ramp,2016-01-01,2016-01-01,,,Construct a ramp (rear yard) to a 1 storey office building,none,unknown
ottawa,800 KING EDWARD AVE,Ward 12,,45.41952389966428,-75.67877619423183,yes,building,1,1,0,barrier-free,2023-01-01,2023-01-01,,,Interior alterations to a 6 storey institutional building (renovate washroom to add barrier free),address_points,unknown
ottawa,801 KANATA AVE,Ward 4,,45.30950530515713,-75.9089966427568,yes,building,1,1,0,accessible,2018-01-01,2018-01-01,,,Interior alterations to replace seating in a movie theatre (Landmark Theatres Kanata - Accessible Seating in 12 & 14),address_points,unknown
ottawa,807 POETRY CIR,Ward 6,,45.255517677186944,-75.90284611067008,yes,building,1,1,0,barrier-free,2024-01-01,2024-01-01,,,TEMPORARY PERMIT - Create a temporary link between two garages and add a barrier free washroom in the garage of Lot 62,address_points,unknown
ottawa,809 POETRY CIR,Ward 6,,45.25560271640418,-75.9027171197818,yes,building,1,1,0,barrier-free,2024-01-01,2024-01-01,,,TEMPORARY PERMIT - Create a temporary link between two garages and add a barrier free washroom in the garage of Lot 62,address_points,unknown
ottawa,825 WILLOW AVE,Ward 1,,45.48645695421816,-75.51744110482369,yes,building,1,1,0,lift; wheelchair,2019-01-01,2019-01-01,,,Construct a deck for wheelchair lift (front yard),address_points,unknown
ottawa,841 BANK ST,Ward 17,,45.40187943379644,-75.68756754328513,yes,building,1,1,0,lift,2019-01-01,2019-01-01,,,Base building work to install 2 universal washrooms and an elevator.,address_points,unknown
ottawa,"85 UNIVERSITE, PRIVE",Ward 12,,,,no,building,1,1,0,lift,2023-01-01,2023-01-01,,,"Interior alterations in a 3 storey university building (University of Ottawa, elevator alterations)",none,unknown
ottawa,856 CLYDE AVE,Ward 15,,,,no,building,1,1,0,ramp,2014-01-01,2014-01-01,,,Exterior alterations to a 1 storey warhouse building (replace ramp & concrete slab),none,unknown
ottawa,880 THORNDALE DR,Ward 16,,45.363634209126786,-75.673043472177,yes,building,1,1,0,lift,2016-01-01,2016-01-01,,,Construct a 1 storey addition (daycare + classrooms) with 2 storey elevator addition and related interior renovations to a 2 storey school (George-Etienne Cartier School),address_points,unknown
ottawa,8872 LYNWOOD PARK PRIV,Ward 20,,45.30958019633993,-75.4629426171216,yes,building,1,1,0,ramp,2024-01-01,2024-01-01,,,Construct a deck with ramp,address_points,unknown
ottawa,90 GEORGE ST,Ward 12,,45.427039915999295,-75.69089618768835,yes,building,1,1,0,ramp,2016-01-01,2016-01-01,,,"Construct additional public washrooms, stairs and ramp in common areas of the 3rd storey of a 19 storey mixed use building",address_points,unknown
ottawa,924 MCBRIDE ST,Ward 16,,45.376997428494846,-75.74301884885625,yes,building,1,1,0,lift,2021-01-01,2021-01-01,,,Interior alterations to a 2 storey warehouse (install service/equipment elevator to access 2nd floor),address_points,unknown
ottawa,930 WATSON ST,Ward 7,,45.35455422054621,-75.79417383402031,yes,building,1,1,0,accessible; lift,2017-01-01,2017-01-01,,,Interior alterations to a 2 storey church (St. Stephens Church- replace accessibility lift),address_points,unknown
ottawa,939 COMO CRES,Ward 1,,45.477838920159435,-75.47917194935377,yes,building,1,1,0,accessible bathroom; step-free entry,2020-01-01,2020-01-01,,,Renovate ensuite bathroom with curbless shower,address_points,unknown
ottawa,941 CLYDE AVE N,Ward 16,,,,no,building,1,1,0,ramp,2020-01-01,2020-01-01,,,Exterior alterations to a 1 storey arena - replace front entrance ramp (J.A Dulude Arena),none,unknown
ottawa,950 BANK ST,Ward 17,,45.39915705032323,-75.68660428609417,yes,building,1,1,0,barrier-free; ramp,2011-01-01,2011-01-01,,,Construct an enclosed barrier free ramp in a 2 storey institutional building ( Glebe centre),address_points,unknown
ottawa,971 ELSETT DR,Ward 18,,45.393141840694504,-75.62415363301932,yes,building,1,1,0,ramp,2017-01-01,2017-01-01,,,Construct an attached deck with ramp (rear yard),address_points,unknown
ottawa,975 GLADSTONE AVE,Ward 15,,45.40342734822265,-75.71678366237464,yes,building,1,1,0,barrier-free,2020-01-01,2020-01-01,,,Construct barrier free washroom in a 1 storey industrial building (Canadian Bank Note),address_points,unknown
