city_file_number,permit_type,permit_class,permit_date,status,description_of_development,address,legal_description,neighbourhood_id,neighbourhood,neighbourhood_classification,ward,zoning,land_parcel_count,latitude,longitude,location,geometry_point,bia
241776673-002,Major Development Permit,Discretionary Development,2017-10-26T00:00:00.000,Approved,"To construct a Community Recreation Services Use building and to develop a Publicly Accessible Private Park (playground, water park, multi-functional sports field and Accessory maintenance / storage building).  The Community Recreation Services building will initially operate as a Residential Sales Centre for a period of up to 10 years.",2110 - 201 STREET NW,Plan 1723514 Blk 1 Lot 1,4468,STILLWATER,Developing,sipiwiyiniwak Ward,SLD,4,53.452253057,-113.666524593,"{'latitude': '53.452253057', 'longitude': '-113.666524593', 'human_address': '{""address"": """", ""city"": """", ""state"": """", ""zip"": """"}'}","{'type': 'Point', 'coordinates': [-113.666524593, 53.452253057]}",
300563232-001,Minor Development Permit,Permitted Development,2019-01-18T00:00:00.000,Approved,"To construct a Single Detached House with front attached Garage, Basement development (NOT to be used as an additional Dwelling), fireplace, elevator, and veranda.",17620 - 120 STREET NW,Plan 1425124 Blk 109 Lot 6,3370,RAPPERSWILL,Developing,Anirniq Ward,RSF,3,53.63982592286084,-113.52986750437327,"{'latitude': '53.63982592286084', 'longitude': '-113.52986750437327', 'human_address': '{""address"": """", ""city"": """", ""state"": """", ""zip"": """"}'}","{'type': 'Point', 'coordinates': [-113.52986750437327, 53.63982592286084]}",
427136255-002,Major Development Permit,Not Available,2022-06-15T00:00:00.000,Approved,To construct and extend the underground parkade of a Multi-unit Housing and to relocate the ramp entrance and alter the grading and landscaping on the ground.,4615 - 199 STREET NW,Plan 1524215 Unit 5,4461,THE HAMPTONS,Developing,sipiwiyiniwak Ward,RM,3,53.48398167438315,-113.66362597172363,"{'latitude': '53.48398167438315', 'longitude': '-113.66362597172363', 'human_address': '{""address"": """", ""city"": """", ""state"": """", ""zip"": """"}'}","{'type': 'Point', 'coordinates': [-113.66362597172363, 53.48398167438315]}",
391760895-002,Major Development Permit,Not Available,,Other,To construct exterior alterations to a Multi-unit Housing building (replacement of heat tracer on parkade ramp),"106, 11618 - 100 AVENUE NW",Condo Common Area (Plan 8121684),1151,WÎHKWÊNTÔWIN,Redeveloping,O-day'min Ward,DC,3,53.53926312216501,-113.52240485854878,"{'latitude': '53.53926312216501', 'longitude': '-113.52240485854878', 'human_address': '{""address"": """", ""city"": """", ""state"": """", ""zip"": """"}'}","{'type': 'Point', 'coordinates': [-113.52240485854878, 53.53926312216501]}",
485936348-002,Minor Development Permit,Permitted Development,2023-10-20T00:00:00.000,Approved,"To construct a Single Detached House with front attached Garage, Unenclosed Front Porch, front and rear balconies, sunroom, fireplace, elevator, rear uncovered deck (14.17m x 4.27m) and a walkout Basement.",1534 - HOWES PLACE SW,Plan 2122914 Blk 13 Lot 55,5465,HAYS RIDGE AREA,Developing,Ipiihkoohkanipiaohtsi Ward,RSF,3,53.413905366855076,-113.57294521133946,"{'latitude': '53.413905366855076', 'longitude': '-113.57294521133946', 'human_address': '{""address"": """", ""city"": """", ""state"": """", ""zip"": """"}'}","{'type': 'Point', 'coordinates': [-113.57294521133946, 53.413905366855076]}",
234919092-001,Major Development Permit,Discretionary Development,2018-02-15T00:00:00.000,Approved,"To construct and operate a 141.3 meter high mixed Use Tower with Commercial podium including a common lobby, eight (8) General Retail Stores, three (3) Restaurants (60% of total Floor Area as Public Space), four (4) Professional, Financial and Office Support Services, one (1) Spectator Entertainment Establishment (movie theatre) with accessory Non-Residential Amenity Area including a publicly accessible outdoor landscaped area and multi-purpose room on the rooftop podium; with an Apartment Housing Tower (568 Dwelling units from the 4th to 41st floors) with accessory Residential Amenity Area; with mechanical rooms on the 42nd and 43rd floors.",10305 - 104 AVENUE NW,Plan 2020006 Unit 566,1090,DOWNTOWN,Redeveloping,"Ward 6,O-day'min Ward",AED,12,53.546128735,-113.498629649,"{'latitude': '53.546128735', 'longitude': '-113.498629649', 'human_address': '{""address"": """", ""city"": """", ""state"": """", ""zip"": """"}'}","{'type': 'Point', 'coordinates': [-113.498629649, 53.546128735]}",Downtown
265474793-001,Major Development Permit,Discretionary Development,2018-02-06T00:00:00.000,Approved,To demolish and construct exterior alterations to an existing Religious Assembly (rebuild and extend landing and barrier-free ramp).,10405 - 142 STREET NW,Plan 839HW Blk 71 Lots 9-10,3200,GLENORA,Redeveloping,Nakota Isga Ward,RS,3,53.54643638313503,-113.56529835244064,"{'latitude': '53.54643638313503', 'longitude': '-113.56529835244064', 'human_address': '{""address"": """", ""city"": """", ""state"": """", ""zip"": """"}'}","{'type': 'Point', 'coordinates': [-113.56529835244064, 53.54643638313503]}",
469121589-002,Minor Development Permit,,,Other,To construct a Single Detached House with uncovered deck and Covered wheelchair ramp from garage to house.,9951 - 83 STREET NW,Plan 4649HW Blk 2 Lot 12,6230,FOREST HEIGHTS,Redeveloping,Métis Ward,RS,3,53.54023609915011,-113.45444453036832,"{'latitude': '53.54023609915011', 'longitude': '-113.45444453036832', 'human_address': '{""address"": """", ""city"": """", ""state"": """", ""zip"": """"}'}","{'type': 'Point', 'coordinates': [-113.45444453036832, 53.54023609915011]}",
535872846-002,Minor Development Permit,,,Other,To construct a Residential Use building in the form of a Single Detached House with Wheelchair ramp.,7911 - 159 STREET NW,Plan 5559KS Blk 8 Lot 6,4280,LYNNWOOD,Redeveloping,sipiwiyiniwak Ward,RS,3,53.5133820262664,-113.59619012585136,"{'latitude': '53.5133820262664', 'longitude': '-113.59619012585136', 'human_address': '{""address"": """", ""city"": """", ""state"": """", ""zip"": """"}'}","{'type': 'Point', 'coordinates': [-113.59619012585136, 53.5133820262664]}",
186920348-003,Minor Development Permit,Permitted Development,2016-11-14T00:00:00.000,Other,"To construct exterior alterations to a Single Detached House (temporary accessibility ramp, valid until April 30, 2017).",9642 - 71 AVENUE NW,Plan 1763HW Blk 28 Lot 26,6290,HAZELDEAN,Redeveloping,papastew Ward,RS,3,53.50780849672183,-113.47856028095836,"{'latitude': '53.50780849672183', 'longitude': '-113.47856028095836', 'human_address': '{""address"": """", ""city"": """", ""state"": """", ""zip"": """"}'}","{'type': 'Point', 'coordinates': [-113.47856028095836, 53.50780849672183]}",
231275362-002,Major Development Permit,Permitted Development,2017-03-21T00:00:00.000,Approved,"To construct interior (basement renovations) and exterior alterations (adding a wheelchair ramp at the front, and to develop at grade decks at the back) to Semi-detached House building.",12124 - 83 STREET NW,Plan 1820540 Blk 26 Lot 15B,1100,EASTWOOD,Redeveloping,Ward 7,RF3,3,53.57598260968342,-113.46958208570743,"{'latitude': '53.57598260968342', 'longitude': '-113.46958208570743', 'human_address': '{""address"": """", ""city"": """", ""state"": """", ""zip"": """"}'}","{'type': 'Point', 'coordinates': [-113.46958208570743, 53.57598260968342]}",
447840072-002,Minor Development Permit,Discretionary Development,2023-03-07T00:00:00.000,Approved,"To construct a Single Detached House with rear Garage attached via a breezeway connection, Unenclosed Front Porch, balcony, rooftop patio, Basement development (NOT to be used as an additional Dwelling), fireplace, elevator and to demolish an existing Single Detached House.",13632 - RAVINE DRIVE NW,Plan 1401HW Blk 2 Lot 18,3200,GLENORA,Redeveloping,Nakota Isga Ward,RS,3,53.54012958230098,-113.55850602743303,"{'latitude': '53.54012958230098', 'longitude': '-113.55850602743303', 'human_address': '{""address"": """", ""city"": """", ""state"": """", ""zip"": """"}'}","{'type': 'Point', 'coordinates': [-113.55850602743303, 53.54012958230098]}",
420990704-002,Minor Development Permit,Permitted Development,2022-01-28T00:00:00.000,Approved,"To construct a Single Detached House with front attached Garage, Basement development (NOT to be used as an additional Dwelling), rear uncovered deck (3.05m x 4.11m), Unenclosed Front Porch and Elevator.",4811 - 174 AVENUE NW,Plan 2120271 Blk 1 Lot 17,2611,CY BECKER,Developing,Dene Ward,RSF,3,53.635346214545635,-113.41564052692978,"{'latitude': '53.635346214545635', 'longitude': '-113.41564052692978', 'human_address': '{""address"": """", ""city"": """", ""state"": """", ""zip"": """"}'}","{'type': 'Point', 'coordinates': [-113.41564052692978, 53.635346214545635]}",
416139755-009,Major Development Permit,Permitted Development,2024-05-03T00:00:00.000,Approved,"To construct interior and exterior alterations to a 4 storey high mixed-use building (parkade ramp shifting with some parking reconfiguration, stair location shifted to accommodate revised dwelling units - total 45 dwellings, revised elevations, reference approved DP #416139755-002)","215, 1097 - KESWICK DRIVE SW",Plan 1920717 Blk 16 Lots 47;Plan 2121333 Blk 16 Lots 3,5574,KESWICK,Developing,pihêsiwin Ward,DC2,3,53.419849725260015,-113.62067636931542,"{'latitude': '53.419849725260015', 'longitude': '-113.62067636931542', 'human_address': '{""address"": """", ""city"": """", ""state"": """", ""zip"": """"}'}","{'type': 'Point', 'coordinates': [-113.62067636931542, 53.419849725260015]}",
472557075-107,Major Development Permit,Permitted Development,2025-11-13T00:00:00.000,Approved,"To construct Exterior Alterations of a Residential Use building in the form 16 Dwelling Multi-unit Housing building (alterations to DP: 472557075-002) Building 'I', (added a ramp, removed windows and adjusted interior alterations)","B1, 13305 - 199 STREET NW",Plan 1522285 Blk 2 Lot 28,4474,STARLING,Developing,Nakota Isga Ward,RM,3,53.594146317469445,-113.66310850801224,"{'latitude': '53.594146317469445', 'longitude': '-113.66310850801224', 'human_address': '{""address"": """", ""city"": """", ""state"": """", ""zip"": """"}'}","{'type': 'Point', 'coordinates': [-113.66310850801224, 53.594146317469445]}",
225010024-003,Uncovered Deck Combo Permit,Permitted Development,2016-08-18T00:00:00.000,Approved,To construct a rear uncovered deck (6.20 m x 3.17 m @ 0.80 m in Height) with a rear accessible ramp.,6931 - 83 AVENUE NW,Plan 5799MC Blk 70 Lot 24,6350,KENILWORTH,Redeveloping,Métis Ward,RS,3,53.51876520466084,-113.4353187671208,"{'latitude': '53.51876520466084', 'longitude': '-113.4353187671208', 'human_address': '{""address"": """", ""city"": """", ""state"": """", ""zip"": """"}'}","{'type': 'Point', 'coordinates': [-113.4353187671208, 53.51876520466084]}",
472389906-002,Minor Development Permit,Permitted Development,2024-09-10T00:00:00.000,Approved,"To construct a Single Detached House with front and side attached Garages, Unenclosed Front Porch, balconies, uncovered deck and covered deck over walkout Basement, rooftop terrace, elevator, sunroom with wet bar, and Basement development with wet bar (NOT to be used as an additional Dwelling).",6 - DONSDALE CRESCENT NW,Plan 7820140 Lot 6,4120,DONSDALE,Developing,sipiwiyiniwak Ward,RR,3,53.481680875785294,-113.63010461830376,"{'latitude': '53.481680875785294', 'longitude': '-113.63010461830376', 'human_address': '{""address"": """", ""city"": """", ""state"": """", ""zip"": """"}'}","{'type': 'Point', 'coordinates': [-113.63010461830376, 53.481680875785294]}",
429170549-002,Minor Development Permit,Discretionary Development,2022-04-29T00:00:00.000,Approved,"To construct a Single Detached House with front attached Garage, Unenclosed Front Porch, rear uncovered deck (14.38 m x 3.38 m), rear covered deck (9.75 m x 4.22 m), side covered deck (9.27 m x 5.33 m), fireplaces, elevator, Basement development (NOT to be used as an additional Dwelling) and balcony.",211 - WINDERMERE DRIVE NW,Plan 1820067 Blk 14 Lot 18,5570,WINDERMERE,Developing,pihêsiwin Ward,DC1,3,53.44550983270632,-113.62195175727774,"{'latitude': '53.44550983270632', 'longitude': '-113.62195175727774', 'human_address': '{""address"": """", ""city"": """", ""state"": """", ""zip"": """"}'}","{'type': 'Point', 'coordinates': [-113.62195175727774, 53.44550983270632]}",
272542690-001,Minor Development Permit,Discretionary Development,2018-02-02T00:00:00.000,Approved,To construct a front uncovered deck (12.19 m x 1.65 m @0.91 m in height) with ramp and privacy screening (1.52 m in height).,9521 - 149 STREET NW,Plan 7251AD Blk 74 Lot 16,3140,CRESTWOOD,Redeveloping,Nakota Isga Ward,RS,3,53.53236185161192,-113.57744208528186,"{'latitude': '53.53236185161192', 'longitude': '-113.57744208528186', 'human_address': '{""address"": """", ""city"": """", ""state"": """", ""zip"": """"}'}","{'type': 'Point', 'coordinates': [-113.57744208528186, 53.53236185161192]}",
509790207-002,Major Development Permit,Discretionary Development,2024-08-02T00:00:00.000,Approved,"To change the use of a Personal Service Shop to a Professional Office, and construct an addition and exterior alterations to the existing building (new elevator addition, barrier free ramp, front yard landscaping and deck).",10128 - 121 STREET NW,Plan 8355AK Blk B Lot 8,1151,WÎHKWÊNTÔWIN,Redeveloping,O-day'min Ward,RL,3,53.54186504986578,-113.53131850288241,"{'latitude': '53.54186504986578', 'longitude': '-113.53131850288241', 'human_address': '{""address"": """", ""city"": """", ""state"": """", ""zip"": """"}'}","{'type': 'Point', 'coordinates': [-113.53131850288241, 53.54186504986578]}",124 Street and Area
476674426-002,Major Development Permit,Permitted Development,2024-10-16T00:00:00.000,Approved,To construct a Multi-unit Housing building (293 Dwellings) with an underground parkade and a Publicly Accessible Private Park.,2831 - 109A STREET NW,Plan 2220331 Blk 32 Lot 19,5180,ERMINESKIN,Redeveloping,Ipiihkoohkanipiaohtsi Ward,CPT,3,53.45913151333767,-113.51073006284352,"{'latitude': '53.45913151333767', 'longitude': '-113.51073006284352', 'human_address': '{""address"": """", ""city"": """", ""state"": """", ""zip"": """"}'}","{'type': 'Point', 'coordinates': [-113.51073006284352, 53.45913151333767]}",
122329233-017,Major Development Permit,Not Available,,Other,To construct exterior alterations to an existing Apartment Housing/General Retail Stores building (ramp for east entrance encroaching onto 101 Street NW).,8028 - 101 STREET NW,Plan 1221272 Blk 51 Lot 13A,6610,RITCHIE,Redeveloping,papastew Ward,DC1,3,53.51679955098534,-113.49167661482252,"{'latitude': '53.51679955098534', 'longitude': '-113.49167661482252', 'human_address': '{""address"": """", ""city"": """", ""state"": """", ""zip"": """"}'}","{'type': 'Point', 'coordinates': [-113.49167661482252, 53.51679955098534]}",Old Strathcona
515528255-012,Major Development Permit,Permitted Development,2025-07-18T00:00:00.000,Approved,"To revise the design of an approved Child Care Service (construct exterior alterations including new windows, build barrier-free ramp and new entrance for barrier-free ramp, change fence material).",15204 - 114A STREET NW,Plan 2316TR Blk 7 Lot 107,3060,CAERNARVON,Redeveloping,Anirniq Ward,RS,3,53.61222527241551,-113.51923515108955,"{'latitude': '53.61222527241551', 'longitude': '-113.51923515108955', 'human_address': '{""address"": """", ""city"": """", ""state"": """", ""zip"": """"}'}","{'type': 'Point', 'coordinates': [-113.51923515108955, 53.61222527241551]}",
139507555-023,Major Development Permit,Discretionary Development,2018-05-16T00:00:00.000,Approved,"To construct exterior alterations (includes removal of rooftop patio, and addition of accessibility ramp at south entrance) to an Apartment House building.",11711 - 105 AVENUE NW,Plan 1323995 Blk 17 Lot 113A,1180,QUEEN MARY PARK,Redeveloping,O-day'min Ward,DC,3,53.547977704624,-113.52400157059846,"{'latitude': '53.547977704624', 'longitude': '-113.52400157059846', 'human_address': '{""address"": """", ""city"": """", ""state"": """", ""zip"": """"}'}","{'type': 'Point', 'coordinates': [-113.52400157059846, 53.547977704624]}",North Edge
416752365-002,Major Development Permit,Discretionary Development,2022-03-22T00:00:00.000,Approved,"To revise the design and to construct an addition; increase the Dwelling units from 158 to 163 for the Multi-unit Housing Use; and to construct exterior alterations (double height ground floor Commercial Uses reduced to single Storey along 102 Avenue and the corner of 123 Street; added chiller with mechanical screening on rooftop, increase in Height from 21.0 m to 21.7 m and increase in Amenity Area) to the building; and to construct exterior alterations to the Site (modifications to the landscaping, hardscaping and street furniture); and to reduce Public Space on the ground level with two (2) Specialty Food Services (Public Space of 64.4 m2 reduced to 62.41 m2, and 64.4 m2 reduced to 59.48 m2) and three (3) Restaurants (Public Space of 89.6 m2 reduced to 86.6 m2, and Public Space of 86.8 m2 reduced to 80.89 m2, and Public Space of 125.3 m2 reduced to 119.06 m2); and to change the Use of one (1) Restaurant to Specialty Food Services and to reduce the Public Space from 55.3 m2 to 50.4 m2); and to construct interior alterations (increase of underground vehicular parking stalls from 190 to 209 (consisting of an increase from 62 to 65 vehicular parking stalls as Vehicle Parking Use and an increase from 128 to 144 Accessory vehicular parking stalls for Multi-unit Housing Use and alterations to the underground parkade ramp); and increase in bicycle parking stalls from 91 to 94, to a mixed-Use building with Commercial Uses on the ground level. (Reference: Development Permit number 402632186-002)",10220 - 123 STREET NW,Plan RN22 Blk 20 Lots 11-14,1151,WÎHKWÊNTÔWIN,Redeveloping,O-day'min Ward,MU,3,53.5434054188626,-113.53461565773316,"{'latitude': '53.5434054188626', 'longitude': '-113.53461565773316', 'human_address': '{""address"": """", ""city"": """", ""state"": """", ""zip"": """"}'}","{'type': 'Point', 'coordinates': [-113.53461565773316, 53.5434054188626]}",124 Street and Area
323725682-001,Major Development Permit,Not Available,2019-06-25T00:00:00.000,Approved,"To change the Use of 3 Apartment House Dwelling Units to 1 Lodging House Sleeping Unit and to construct interior alterations (expand office space, and add barrier-free washroom and salon for Shepherd's Care)","101, 2755 - 109 STREET NW",Condo Common Area (Plan 1623512),5180,ERMINESKIN,Redeveloping,Ipiihkoohkanipiaohtsi Ward,RL,3,53.45865383182427,-113.50793788791901,"{'latitude': '53.45865383182427', 'longitude': '-113.50793788791901', 'human_address': '{""address"": """", ""city"": """", ""state"": """", ""zip"": """"}'}","{'type': 'Point', 'coordinates': [-113.50793788791901, 53.45865383182427]}",
374975936-002,Minor Development Permit,Discretionary Development,2022-01-06T00:00:00.000,Approved,"To construct a Single Detached House with an Unenclosed Front Porch, balcony, rear covered deck (4.83m x 4.50m), rear attached Garage, rooftop patio, elevator, fireplace, and Basement development (NOT to be used as an additional Dwelling).",7811 - SASKATCHEWAN DRIVE NW,Plan 2021965 Blk 5 Lot 22,5040,BELGRAVIA,Redeveloping,papastew Ward,RS,3,53.51450466714073,-113.53682689489548,"{'latitude': '53.51450466714073', 'longitude': '-113.53682689489548', 'human_address': '{""address"": """", ""city"": """", ""state"": """", ""zip"": """"}'}","{'type': 'Point', 'coordinates': [-113.53682689489548, 53.51450466714073]}",
341867882-002,Major Development Permit,Not Available,,Other,To construct exterior and interior alterations to a Dwelling within an Apartment House building (replace patio door with custom door and sidelight; install barrier-free bathroom),"116, 905 - BLACKLOCK WAY SW",Condo Common Area (Plan 0324771),5590,BLACKBURNE,Redeveloping,Ipiihkoohkanipiaohtsi Ward,DC2,3,53.43272947505319,-113.50834792676088,"{'latitude': '53.43272947505319', 'longitude': '-113.50834792676088', 'human_address': '{""address"": """", ""city"": """", ""state"": """", ""zip"": """"}'}","{'type': 'Point', 'coordinates': [-113.50834792676088, 53.43272947505319]}",
436320406-002,Minor Development Permit,Permitted Development,2022-10-12T00:00:00.000,Other,"To construct a Single Detached House with Unenclosed Front Porch, Basement development (NOT to be used as an additional Dwelling), fireplace, elevator and rear platform structure.",8413 - 118 STREET NW,Plan 4116HW Blk 14 Lot 22,5580,WINDSOR PARK,Redeveloping,papastew Ward,RS,3,53.52039930109437,-113.5337420805173,"{'latitude': '53.52039930109437', 'longitude': '-113.5337420805173', 'human_address': '{""address"": """", ""city"": """", ""state"": """", ""zip"": """"}'}","{'type': 'Point', 'coordinates': [-113.5337420805173, 53.52039930109437]}",
446763781-002,Minor Development Permit,Discretionary Development,2019-10-22T00:00:00.000,Approved,"To construct a Single Detached House with attached Garage, side landing two covered decks, Unenclosed Front Porch, underground Garage ramp and to demolish a Single Detached House.",9508 - RIVERSIDE DRIVE NW,Plan 8420255 Blk 9 Lot 42,3140,CRESTWOOD,Redeveloping,Nakota Isga Ward,RS,3,53.53228722372634,-113.56135598249058,"{'latitude': '53.53228722372634', 'longitude': '-113.56135598249058', 'human_address': '{""address"": """", ""city"": """", ""state"": """", ""zip"": """"}'}","{'type': 'Point', 'coordinates': [-113.56135598249058, 53.53228722372634]}",
246735953-001,Minor Development Permit,Permitted Development,2017-05-15T00:00:00.000,Approved,To move on a Mobile Home and to construct a side uncovered deck (2.44m x 3.05m) and wheelchair access ramp.,39 - KEYHOLE CRESCENT NW,Plan 7621821 Lot 1,6410,MAPLE RIDGE,Redeveloping,Sspomitapi Ward,RSF,3,53.49983352398829,-113.36229739919064,"{'latitude': '53.49983352398829', 'longitude': '-113.36229739919064', 'human_address': '{""address"": """", ""city"": """", ""state"": """", ""zip"": """"}'}","{'type': 'Point', 'coordinates': [-113.36229739919064, 53.49983352398829]}",
303560173-001,Major Development Permit,Discretionary Development,2020-05-12T00:00:00.000,Approved,To construct exterior (new parkade access ramp from 92 Street) and interior alterations (convert basement storage space to underground parkade) to an existing Apartment Housing,9420 - 92 STREET NW,Plan 8120550 Blk 10 Lot 13,6710,STRATHEARN,Redeveloping,Métis Ward,RL,3,53.531011846678226,-113.46918959204163,"{'latitude': '53.531011846678226', 'longitude': '-113.46918959204163', 'human_address': '{""address"": """", ""city"": """", ""state"": """", ""zip"": """"}'}","{'type': 'Point', 'coordinates': [-113.46918959204163, 53.531011846678226]}",
164646558-032,Major Development Permit,Not Available,2020-02-20T00:00:00.000,Approved,To change the Use of one Dwelling inside an approved Multi-unit House to a Residential Sales Centre (maximum two years) and to construct exterior alterations (access ramps),"108, 1316 - WINDERMERE WAY SW",Condo Common Area (Plan 1421329),5570,WINDERMERE,Developing,pihêsiwin Ward,DC1,3,53.43386717662011,-113.6181445999114,"{'latitude': '53.43386717662011', 'longitude': '-113.6181445999114', 'human_address': '{""address"": """", ""city"": """", ""state"": """", ""zip"": """"}'}","{'type': 'Point', 'coordinates': [-113.6181445999114, 53.43386717662011]}",
174931235-001,Major Development Permit,Discretionary Development,2015-11-12T00:00:00.000,Approved,To change the use from a Single Detched house with Secondary Suite to a Limited Group Home (max 6 residents) and to construct a rear landing (2.59m x 3.96m) with wheelchair accessable ramp.,12015 - 60 STREET NW,Plan 1854HW Blk 23 Lot 43,2550,MONTROSE,Redeveloping,Métis Ward,RS,3,53.57394179011042,-113.4333227602095,"{'latitude': '53.57394179011042', 'longitude': '-113.4333227602095', 'human_address': '{""address"": """", ""city"": """", ""state"": """", ""zip"": """"}'}","{'type': 'Point', 'coordinates': [-113.4333227602095, 53.57394179011042]}",
502620202-002,Minor Development Permit,Discretionary Development,2024-12-17T00:00:00.000,Approved,"To construct a Residential Use Single Detached House with two front attached Garages with breezeway, balconies, elevator, Basement development (NOT to be used as an additional Dwelling) with Garage and wet bar, covered deck, fireplaces and walkout Basement.",180 - WINDERMERE DRIVE NW,Plan 2301MC Blk 2 Lot 20,5570,WINDERMERE,Developing,pihêsiwin Ward,RR,3,53.444677228070475,-113.6241801376465,"{'latitude': '53.444677228070475', 'longitude': '-113.6241801376465', 'human_address': '{""address"": """", ""city"": """", ""state"": """", ""zip"": """"}'}","{'type': 'Point', 'coordinates': [-113.6241801376465, 53.444677228070475]}",
177195815-001,Major Development Permit,Discretionary Development,2015-09-16T00:00:00.000,Approved,"To construct 3 Dwellings of Row Housing with verandas, uncovered rear decks, wooden ramp and to operate a Residential Sales Center for a maximum of 2 years.",8051 - CHAPPELLE WAY SW,Plan 1523381 Blk 15 Lot 67,5462,CHAPPELLE AREA,Developing,Ipiihkoohkanipiaohtsi Ward,RSM,12,53.40094405,-113.582811129,"{'latitude': '53.40094405', 'longitude': '-113.582811129', 'human_address': '{""address"": """", ""city"": """", ""state"": """", ""zip"": """"}'}","{'type': 'Point', 'coordinates': [-113.582811129, 53.40094405]}",
286945027-006,Major Development Permit,Permitted Development,2018-08-08T00:00:00.000,Approved,"To convert a Single Detached House to a Limited Group Home (5 residents),  construct interior alterations and uncovered rear deck (7.77m x 6.7m), Pergola (1.64m x 2.43m) and ramps. (pre-application: 235655816-001)",12317 - 128 STREET NW,Plan 4843HW Blk 5 Lot 16,3410,SHERBROOKE,Redeveloping,Anirniq Ward,RS,3,53.57869399681178,-113.54239162444493,"{'latitude': '53.57869399681178', 'longitude': '-113.54239162444493', 'human_address': '{""address"": """", ""city"": """", ""state"": """", ""zip"": """"}'}","{'type': 'Point', 'coordinates': [-113.54239162444493, 53.57869399681178]}",
270000044-001,Major Development Permit,Discretionary Development,2018-02-21T00:00:00.000,Approved,"To change the Use from a Single Detached House to a Health Service, construct an addition (1.94m x 7.28m), and to construct interior and exterior alterations (construct wheelchair ramp, rear parking area).",13431 - 118 AVENUE NW,Plan 554KS Blk 3 Lot 8,3450,WOODCROFT,Redeveloping,Anirniq Ward,DC2,3,53.570037567534456,-113.55416928424685,"{'latitude': '53.570037567534456', 'longitude': '-113.55416928424685', 'human_address': '{""address"": """", ""city"": """", ""state"": """", ""zip"": """"}'}","{'type': 'Point', 'coordinates': [-113.55416928424685, 53.570037567534456]}",
565541861-002,Major Development Permit,No Development Permit Required,,Other,To construct an accessibility ramp and conduct maintenance to a non-Residential building.,10505 - 106 STREET NW,Plan 2421798 Blk 5 Lot 1A,1030,CENTRAL MCDOUGALL,Redeveloping,O-day'min Ward,"DC1,DC",4,53.548085031,-113.502000098,"{'latitude': '53.548085031', 'longitude': '-113.502000098', 'human_address': '{""address"": """", ""city"": """", ""state"": """", ""zip"": """"}'}","{'type': 'Point', 'coordinates': [-113.502000098, 53.548085031]}",North Edge
139391997-006,Major Development Permit,Permitted Development,2016-11-04T00:00:00.000,Approved,"To construct exterior alterations to an Apartment House (parkade ramp relocation, Building 1).","1, 17810 - 97 STREET NW",Plan 1620480 Blk 81 Lot 56,3190,ELSINORE,Developing,tastawiyiniwak Ward,"RSM,RM",4,53.640002025,-113.493189069,"{'latitude': '53.640002025', 'longitude': '-113.493189069', 'human_address': '{""address"": """", ""city"": """", ""state"": """", ""zip"": """"}'}","{'type': 'Point', 'coordinates': [-113.493189069, 53.640002025]}",
434076985-002,Minor Development Permit,Permitted Development,2022-08-22T00:00:00.000,Approved,"To construct a Single Detached House with front attached Garage, elevated entryway (at 1.85m above grade), Unenclosed Front Porch, Basement development (NOT to be used as an additional Dwelling), rear covered deck, rooftop terrace with hot tub, elevator and fireplace.",55A - FAIRWAY DRIVE NW,Plan 2220098 Blk 26 Lot 25C,5540,WESTBROOK ESTATES,Redeveloping,papastew Ward,RS,3,53.47272759755799,-113.54692742167069,"{'latitude': '53.47272759755799', 'longitude': '-113.54692742167069', 'human_address': '{""address"": """", ""city"": """", ""state"": """", ""zip"": """"}'}","{'type': 'Point', 'coordinates': [-113.54692742167069, 53.47272759755799]}",
627508679-002,Major Development Permit,Not Available,,Other,To Construct Exterior Alterations to a Residential Development in the form of Supportive Housing (Wheelchair Lift for a Group Home),11528 - 44 AVENUE NW,Plan 1210NY Blk 26 Lot 40,5430,ROYAL GARDENS,Redeveloping,papastew Ward,RS,3,53.481735513140194,-113.53087244128808,"{'latitude': '53.481735513140194', 'longitude': '-113.53087244128808', 'human_address': '{""address"": """", ""city"": """", ""state"": """", ""zip"": """"}'}","{'type': 'Point', 'coordinates': [-113.53087244128808, 53.481735513140194]}",
453891609-002,Major Development Permit,Discretionary Development,2023-02-06T00:00:00.000,Approved,"To construct an Addition (new vestibule), exterior alterations (new front stairs & ramp) and interior alterations to an existing Religious Assembly building.",11201 - 95 STREET NW,Plan RN43 Blk 28 Lot 1,1010,ALBERTA AVENUE,Redeveloping,Métis Ward,RS,3,53.56121439089109,-113.4867007754461,"{'latitude': '53.56121439089109', 'longitude': '-113.4867007754461', 'human_address': '{""address"": """", ""city"": """", ""state"": """", ""zip"": """"}'}","{'type': 'Point', 'coordinates': [-113.4867007754461, 53.56121439089109]}",
187150972-001,Major Development Permit,Discretionary Development,2016-03-04T00:00:00.000,Approved,To construct an exterior alteration to an existing Religious Assembly Building (Wheelchair ramp),10727 - 114 STREET NW,Plan B4 Blk 13 Lot 211,1180,QUEEN MARY PARK,Redeveloping,O-day'min Ward,RM,9,53.552339666996005,-113.51710243472887,"{'latitude': '53.552339666996005', 'longitude': '-113.51710243472887', 'human_address': '{""address"": """", ""city"": """", ""state"": """", ""zip"": """"}'}","{'type': 'Point', 'coordinates': [-113.51710243472887, 53.552339666996005]}",
477928319-002,Major Development Permit,Permitted Development,2023-08-16T00:00:00.000,Approved,"To construct exterior and interior alterations to an existing Multi-unit Project Development (changes to Buildings 1, 3, 7 & 8, relocate barrier-free parking spaces, and revise landscape plan).",9775 - 229 STREET NW,Plan 1921026 Blk 13 Lot 3,4487,SECORD,Developing,Nakota Isga Ward,RM,3,53.537968496371505,-113.70943262624868,"{'latitude': '53.537968496371505', 'longitude': '-113.70943262624868', 'human_address': '{""address"": """", ""city"": """", ""state"": """", ""zip"": """"}'}","{'type': 'Point', 'coordinates': [-113.70943262624868, 53.537968496371505]}",
647331184-002,Minor Development Permit,,,Other,To construct a Residential Use building in the form of a Single Detached House with Development application is for foundation replacement.  House is to be lifted and existing foundation removed and replaced.  New basement walls to be heightened in keeping with neighbouring dwelling. .,11122 - 81 AVENUE NW,Plan 4990Q Blk 155 Lots 31-32,5200,GARNEAU,Redeveloping,papastew Ward,RM,3,53.51738524865865,-113.5189069314319,"{'latitude': '53.51738524865865', 'longitude': '-113.5189069314319', 'human_address': '{""address"": """", ""city"": """", ""state"": """", ""zip"": """"}'}","{'type': 'Point', 'coordinates': [-113.5189069314319, 53.51738524865865]}",
220085920-001,Uncovered Deck Combo Permit,Permitted Development,2016-05-27T00:00:00.000,Approved,To construct a rear uncovered deck (irregular shape @ 1.60m in Height) with a Outdoor wheel chair Porch lift (1.53m x 1.53m).,8749 - 84 AVENUE NW,Plan 6900R Blk 8 Lot 17,6040,BONNIE DOON,Redeveloping,Métis Ward,RS,3,53.519778311329816,-113.46386664683008,"{'latitude': '53.519778311329816', 'longitude': '-113.46386664683008', 'human_address': '{""address"": """", ""city"": """", ""state"": """", ""zip"": """"}'}","{'type': 'Point', 'coordinates': [-113.46386664683008, 53.519778311329816]}",
402608398-002,Major Development Permit,No Development Permit Required,2021-10-25T00:00:00.000,Approved,To construct a rooftop Telecommunications Facility (relocate Telus antennas from the main roof to elevator walls).,"MNFL, 13404 - 96 STREET NW",Plan 518RS Blk 25 Lot 15A,2290,GLENGARRY,Redeveloping,tastawiyiniwak Ward,RM,3,53.59593954126648,-113.49100306791372,"{'latitude': '53.59593954126648', 'longitude': '-113.49100306791372', 'human_address': '{""address"": """", ""city"": """", ""state"": """", ""zip"": """"}'}","{'type': 'Point', 'coordinates': [-113.49100306791372, 53.59593954126648]}",
279881936-001,Uncovered Deck Combo Permit,Permitted Development,2018-04-26T00:00:00.000,Approved,To construct an Uncovered Deck (Accessibility Ramp). Structure is free floating can be unbolted to access water utility area.,20837 - 92A AVENUE NW,Plan 0820681 Blk 34 Lot 3,4730,SUDER GREENS,Developing,Nakota Isga Ward,RSF,3,53.52754131081757,-113.67760052950564,"{'latitude': '53.52754131081757', 'longitude': '-113.67760052950564', 'human_address': '{""address"": """", ""city"": """", ""state"": """", ""zip"": """"}'}","{'type': 'Point', 'coordinates': [-113.67760052950564, 53.52754131081757]}",
289660168-001,Minor Development Permit,Permitted Development,2018-09-17T00:00:00.000,Approved,"To construct uncovered decks and an addition to a Single Detached House (rear addition, 4.65m x 7.94m, rear uncovered decks 3.61m x 7.94m & 3.10m x 2.10m and front uncovered deck with lift 2.13m x 2.13m).",10527 - 56 AVENUE NW,Plan 735MC Blk 46 Lot 10,5320,PLEASANTVIEW,Redeveloping,papastew Ward,RS,3,53.49296115865637,-113.50200843106205,"{'latitude': '53.49296115865637', 'longitude': '-113.50200843106205', 'human_address': '{""address"": """", ""city"": """", ""state"": """", ""zip"": """"}'}","{'type': 'Point', 'coordinates': [-113.50200843106205, 53.49296115865637]}",
168869388-002,Major Development Permit,Discretionary Development,2015-09-10T00:00:00.000,Approved,To construct exterior alterations to a Limited Group Home (wheel chair barrier-free access ramp in Front Yard).,5107 - 124 AVENUE NW,Plan 2166NY Blk 5 Lot 52,2560,NEWTON,Redeveloping,Métis Ward,RS,3,53.57898911971732,-113.42055963054273,"{'latitude': '53.57898911971732', 'longitude': '-113.42055963054273', 'human_address': '{""address"": """", ""city"": """", ""state"": """", ""zip"": """"}'}","{'type': 'Point', 'coordinates': [-113.42055963054273, 53.57898911971732]}",
274454431-001,Minor Development Permit,Permitted Development,2018-02-12T00:00:00.000,Approved,"To construct exterior alterations to an existing Single Detached House (front accessibility ramp, front uncovered landing @ 1.07m in Height and front uncovered Deck @ 1.19m in Height).",11647 - 71 STREET NW,Plan 1188HW Blk 24 Lot 12,2060,BELLEVUE,Redeveloping,Métis Ward,RM,3,53.570047598436005,-113.45080639187469,"{'latitude': '53.570047598436005', 'longitude': '-113.45080639187469', 'human_address': '{""address"": """", ""city"": """", ""state"": """", ""zip"": """"}'}","{'type': 'Point', 'coordinates': [-113.45080639187469, 53.570047598436005]}",
459658753-002,Minor Development Permit,,,Other,"To construct a Single Detached House with Unenclosed Front Porch, two attached Garages (front and side), partially rear covered decks, rear covered deck (11.25m x 5.74m), fireplaces, elevator, and Basement development (NOT to be used as an additional Dwelling)",4519 - DONSDALE DRIVE NW,Plan 5751MC Lot 2,4120,DONSDALE,Developing,sipiwiyiniwak Ward,RR,3,53.48403114540747,-113.6314838608734,"{'latitude': '53.48403114540747', 'longitude': '-113.6314838608734', 'human_address': '{""address"": """", ""city"": """", ""state"": """", ""zip"": """"}'}","{'type': 'Point', 'coordinates': [-113.6314838608734, 53.48403114540747]}",
254726399-001,Major Development Permit,Permitted Development,2017-09-25T00:00:00.000,Approved,"To construct exterior alterations to an existing Apartment House (barrier-free ramp, railing and new stairs)",10508 - 119 STREET NW,Plan 9423856 Unit 164,1180,QUEEN MARY PARK,Redeveloping,O-day'min Ward,DC2,6,53.54829515763309,-113.52754415489494,"{'latitude': '53.54829515763309', 'longitude': '-113.52754415489494', 'human_address': '{""address"": """", ""city"": """", ""state"": """", ""zip"": """"}'}","{'type': 'Point', 'coordinates': [-113.52754415489494, 53.54829515763309]}",
162139487-015,Major Development Permit,Discretionary Development,2015-08-31T00:00:00.000,Approved,"To construct a 250.8 meter high mixed Use Tower with General Retail Stores on the main Floor; General Retail Stores and Specialty Food Services (with 12,696 square meters of Public Space and 600 seats) on the 2nd Floor; and General Retail Stores and Professional, Financial and Office Support Services on the 3rd floor; Professional, Financial and Office Support Services and accessible garden roof Amenity Area on the 4th Floor; Professional, Financial and Office Support Services from the 5th to 28th Floors; mechanical on the 29th Floor; Apartment Housing (454 Dwelling units) in the upper Tower from 30th to 66th Floors where the 30th Floor has a Residential roof Amenity Area; mechanical on the 67th to 69th Floors; and pedway to connect to the adjacent proposed Hotel (legally described as Plan 1321953, Block 2, Lot 1) development on a portion of the Site (legally described as Plan 1321953, Block 2, Lot 2). (Stantec Tower)",10220 - 103 AVENUE NW,Plan 2020006 Unit 566,1090,DOWNTOWN,Redeveloping,"Ward 06,O-day'min Ward","AED,HA",19,53.54531828476086,-113.49719088528578,"{'latitude': '53.54531828476086', 'longitude': '-113.49719088528578', 'human_address': '{""address"": """", ""city"": """", ""state"": """", ""zip"": """"}'}","{'type': 'Point', 'coordinates': [-113.49719088528578, 53.54531828476086]}",Downtown
611862051-002,Major Development Permit,Not Available,2025-07-17T00:00:00.000,Approved,To construct exterior alterations to a 25 Dwelling Residential Use building in the form of a Multi-unit Housing (sloped pathway and new barrier free access to the East entrance).,10540 - 77 AVENUE NW,Plan 2520547 Blk 27 Lot 21A,5330,QUEEN ALEXANDRA,Redeveloping,papastew Ward,RM,4,53.513561034,-113.50244561,"{'latitude': '53.513561034', 'longitude': '-113.50244561', 'human_address': '{""address"": """", ""city"": """", ""state"": """", ""zip"": """"}'}","{'type': 'Point', 'coordinates': [-113.50244561, 53.513561034]}",
354771412-001,Minor Development Permit,Permitted Development,2020-03-25T00:00:00.000,Approved,"To construct a Semi-Detached House with Unenclosed Front Porches, accessibility ramps, Secondary Suites in the Basements, and to demolish the existing Single Detached House and Accessory building (rear detached Garage).",12247 - 106 STREET NW,Plan 1056HW Blk 5 Lot F,1250,WESTWOOD,Redeveloping,O-day'min Ward,RS,3,53.57815342134148,-113.50238739077693,"{'latitude': '53.57815342134148', 'longitude': '-113.50238739077693', 'human_address': '{""address"": """", ""city"": """", ""state"": """", ""zip"": """"}'}","{'type': 'Point', 'coordinates': [-113.50238739077693, 53.57815342134148]}",
263488504-001,Minor Development Permit,,,Other,To construct an addition (enclosure for wheelchair ramp) to a Single Detached House.,17819 - 91 STREET NW,Plan 9023320 Blk 1 Lot 40,2440,KLARVATTEN,Developing,tastawiyiniwak Ward,RS,3,53.64041641910531,-113.47827350963665,"{'latitude': '53.64041641910531', 'longitude': '-113.47827350963665', 'human_address': '{""address"": """", ""city"": """", ""state"": """", ""zip"": """"}'}","{'type': 'Point', 'coordinates': [-113.47827350963665, 53.64041641910531]}",
188307978-001,Major Development Permit,Discretionary Development,,Refused,To convert a Single Detached House to a Child Care Service Use (49 Children) and to construct interior and exterior (convert attached garage to usable floor space and construct an outdoor landing 1.0m x 1.0m @ 1.47m in height with ramp).,9650 - 153 STREET NW,Plan 5229AD Blk 26 Lot 1,4580,WEST JASPER PLACE,Redeveloping,Nakota Isga Ward,RS,3,53.53446718445969,-113.58554222121512,"{'latitude': '53.53446718445969', 'longitude': '-113.58554222121512', 'human_address': '{""address"": """", ""city"": """", ""state"": """", ""zip"": """"}'}","{'type': 'Point', 'coordinates': [-113.58554222121512, 53.53446718445969]}",
370835529-002,Major Development Permit,Discretionary Development,,Other,To convert a Single Detached House to a (Limited Group Home with four residents and to construct exterior alterations (wheelchair ramp).,6603 - 131A AVENUE NW,Plan 6951MC Blk 19 Lot 13,2020,BALWIN,Redeveloping,tastawiyiniwak Ward,RM,3,53.59110771050351,-113.44345518137374,"{'latitude': '53.59110771050351', 'longitude': '-113.44345518137374', 'human_address': '{""address"": """", ""city"": """", ""state"": """", ""zip"": """"}'}","{'type': 'Point', 'coordinates': [-113.44345518137374, 53.59110771050351]}",
232204188-001,Major Development Permit,Discretionary Development,2016-10-13T00:00:00.000,In Progress,To construct an addition (elevator / lobby enclosure) to a Religious Assembly building,253 - WOODVALE ROAD WEST NW,Plan 7721467 Blk 20 Lot 40,6300,HILLVIEW,Redeveloping,Karhiio Ward,RSM,3,53.4684505325565,-113.43219399930959,"{'latitude': '53.4684505325565', 'longitude': '-113.43219399930959', 'human_address': '{""address"": """", ""city"": """", ""state"": """", ""zip"": """"}'}","{'type': 'Point', 'coordinates': [-113.43219399930959, 53.4684505325565]}",
182387343-001,Minor Development Permit,Permitted Development,2015-11-18T00:00:00.000,Approved,To construct exterior alterations to a Mobile Home (barrier-free access ramp).,14 - OAK RIDGE DRIVE NW,Plan 7920218 Lot 2,6410,MAPLE RIDGE,Redeveloping,Sspomitapi Ward,RSF,3,53.503389673375764,-113.36277298735689,"{'latitude': '53.503389673375764', 'longitude': '-113.36277298735689', 'human_address': '{""address"": """", ""city"": """", ""state"": """", ""zip"": """"}'}","{'type': 'Point', 'coordinates': [-113.36277298735689, 53.503389673375764]}",
165758591-004,Minor Development Permit,Discretionary Development,2015-10-16T00:00:00.000,Approved,To construct exterior alterations to an existing Single Detached House (wheelchair ramp).,4407 - 109 AVENUE NW,Plan 3327KS Blk 60 Lot 5,6061,CAPILANO,Redeveloping,Métis Ward,RS,3,53.5567771677195,-113.41210073386696,"{'latitude': '53.5567771677195', 'longitude': '-113.41210073386696', 'human_address': '{""address"": """", ""city"": """", ""state"": """", ""zip"": """"}'}","{'type': 'Point', 'coordinates': [-113.41210073386696, 53.5567771677195]}",
170879422-017,Major Development Permit,Discretionary Development,2019-03-15T00:00:00.000,Approved,"To construct an Addition, Exterior Alterations and Interior Alterations to a Child Care Services Use building (maximum 189 children) (to enclose an egress stairway, expand a covered patio [3.2m x 2.4m],amend and enclose a covered barrier free access ramp and covered patio [11.3m x 2.9m], partially enclose existing second floor patio, remove window on East Facade) and to amend the Landscaping Plan (adding trees and shrubs to the front setback).",124 - 66 STREET SW,Plan 3027KS Blk 1 Lot S,6211,ELLERSLIE,Developing,Karhiio Ward,RR,3,53.43191997999526,-113.44417468572526,"{'latitude': '53.43191997999526', 'longitude': '-113.44417468572526', 'human_address': '{""address"": """", ""city"": """", ""state"": """", ""zip"": """"}'}","{'type': 'Point', 'coordinates': [-113.44417468572526, 53.43191997999526]}",
181093671-001,Minor Development Permit,Permitted Development,2016-03-23T00:00:00.000,Approved,"To construct an addition to a Single Detached House (rear single story addition, 6.10m x 7.32m) and a rear uncovered deck  (2.44m x 1.68m), with ramp (1.31m x 5.59m @1.22m in Height).",11622 - 127 AVENUE NW,Plan 2052AE Blk 6 Lot 26,3070,CALDER,Redeveloping,Anirniq Ward,RS,3,53.585182906177906,-113.52315433917086,"{'latitude': '53.585182906177906', 'longitude': '-113.52315433917086', 'human_address': '{""address"": """", ""city"": """", ""state"": """", ""zip"": """"}'}","{'type': 'Point', 'coordinates': [-113.52315433917086, 53.585182906177906]}",
180208470-001,Minor Development Permit,Discretionary Development,,Refused,To construct exterior alterations to a Single Detached House (adding a wheelchair ramp).,14037 - 106A AVENUE NW,Plan 4677HW Blk 67A Lot 9,3200,GLENORA,Redeveloping,Nakota Isga Ward,RS,3,53.549957700055586,-113.56509327569381,"{'latitude': '53.549957700055586', 'longitude': '-113.56509327569381', 'human_address': '{""address"": """", ""city"": """", ""state"": """", ""zip"": """"}'}","{'type': 'Point', 'coordinates': [-113.56509327569381, 53.549957700055586]}",
186920348-001,Minor Development Permit,Permitted Development,2016-02-12T00:00:00.000,Approved,"To construct exterior alterations to a Single Detached House (temporary accessibility ramp from February 11th 2016 to September 30th, 2016).",9642 - 71 AVENUE NW,Plan 1763HW Blk 28 Lot 26,6290,HAZELDEAN,Redeveloping,papastew Ward,RS,3,53.50780849672183,-113.47856028095836,"{'latitude': '53.50780849672183', 'longitude': '-113.47856028095836', 'human_address': '{""address"": """", ""city"": """", ""state"": """", ""zip"": """"}'}","{'type': 'Point', 'coordinates': [-113.47856028095836, 53.50780849672183]}",
233478162-001,Minor Development Permit,Permitted Development,2016-10-25T00:00:00.000,Approved,To demolish an Essential Utility Services use building (lift station pump).,6039 - NADEN LANDING NW,NW-29-53-24-4;SW-29-53-24-4,3111,GRIESBACH,Redeveloping,Ward 2,"RF5g,DC2,GLG",3,53.60466812108686,-113.50890349143461,"{'latitude': '53.60466812108686', 'longitude': '-113.50890349143461', 'human_address': '{""address"": """", ""city"": """", ""state"": """", ""zip"": """"}'}","{'type': 'Point', 'coordinates': [-113.50890349143461, 53.60466812108686]}",
173773642-001,Minor Development Permit,Permitted Development,2015-07-09T00:00:00.000,Approved,"To construct interior alterations (Main floor: adding laundry room, relocating fireplace and kitchen; 2nd floor: removing bathroom walls; All floors: adding an elevator shaft) and exterior alterations (Main floor: adding 2 windows and enlarging patio door on the South side) to an existing Rowhouse.","16, 500 - LESSARD DRIVE NW",Condo Common Area (Plan 0223662),4160,GARIEPY,Redeveloping,sipiwiyiniwak Ward,RSM,3,53.491300369363216,-113.61693280650809,"{'latitude': '53.491300369363216', 'longitude': '-113.61693280650809', 'human_address': '{""address"": """", ""city"": """", ""state"": """", ""zip"": """"}'}","{'type': 'Point', 'coordinates': [-113.61693280650809, 53.491300369363216]}",
051866101-005,Minor Development Permit,Permitted Development,2015-07-30T00:00:00.000,Approved,"To construct exterior alterations to an existing Single Detached House (barrier free access ramp for wheelchair, 15.54m in length in front yard).",12406 - 18A AVENUE SW,Plan 0424132 Blk 10 Lot 115,5454,RUTHERFORD,Developing,Ipiihkoohkanipiaohtsi Ward,RSF,3,53.41631959961411,-113.53550470155713,"{'latitude': '53.41631959961411', 'longitude': '-113.53550470155713', 'human_address': '{""address"": """", ""city"": """", ""state"": """", ""zip"": """"}'}","{'type': 'Point', 'coordinates': [-113.53550470155713, 53.41631959961411]}",
185675022-001,Minor Development Permit,Permitted Development,2016-01-20T00:00:00.000,Approved,To construct an addition (elevator shaft) to an existing Single Detached House.,17240 - 115 STREET NW,Plan 9722601 Blk 85 Lot 107,3080,CANOSSA,Developing,Anirniq Ward,RS,3,53.634137400428855,-113.52433815179393,"{'latitude': '53.634137400428855', 'longitude': '-113.52433815179393', 'human_address': '{""address"": """", ""city"": """", ""state"": """", ""zip"": """"}'}","{'type': 'Point', 'coordinates': [-113.52433815179393, 53.634137400428855]}",
434103691-002,Minor Development Permit,Permitted Development,2022-10-11T00:00:00.000,Approved,"To construct a Single Detached House with front attached Garage, Unenclosed Front Porch, Basement development with wet bar (NOT to be used as an additional Dwelling), exterior hot tub, fireplace, roof top deck, elevator and rear uncovered deck (7.21m x 4.27m).",55B - FAIRWAY DRIVE NW,Plan 2220098 Blk 26 Lot 25B,5540,WESTBROOK ESTATES,Redeveloping,papastew Ward,RS,3,53.47272830297355,-113.54715354462222,"{'latitude': '53.47272830297355', 'longitude': '-113.54715354462222', 'human_address': '{""address"": """", ""city"": """", ""state"": """", ""zip"": """"}'}","{'type': 'Point', 'coordinates': [-113.54715354462222, 53.47272830297355]}",
282972914-003,Minor Development Permit,Permitted Development,2018-06-14T00:00:00.000,Approved,"To construct an addition to a Single Detached House (rear cover over existing rear deck, 1.98m x 3.05m), uncovered rear deck (6.9m x 2.43m @ 0.90m high) with wheelchair ramp and landing (1.26m x 1.23m @ 0.55m high), and front uncovered deck landing (1.32m x 1.68m @ 0.9m in High), existing without permits.",11912 - 90 STREET NW,Plan 2307R Blk 4 Lot 27,1010,ALBERTA AVENUE,Redeveloping,Métis Ward,RS,3,53.57238404313897,-113.48016681843188,"{'latitude': '53.57238404313897', 'longitude': '-113.48016681843188', 'human_address': '{""address"": """", ""city"": """", ""state"": """", ""zip"": """"}'}","{'type': 'Point', 'coordinates': [-113.48016681843188, 53.57238404313897]}",
161851219-012,Minor Development Permit,Permitted Development,2015-09-23T00:00:00.000,Approved,"To construct exterior alterations to a Single Detached House (glass elevator overrun, door change at swimming pool room, new chimney, extension of wall above swimming pool room).",11427 - 48 AVENUE NW,Plan 1422372 Blk 7 Lot 56A,5280,MALMO PLAINS,Redeveloping,papastew Ward,RS,3,53.48560348994347,-113.52484913902356,"{'latitude': '53.48560348994347', 'longitude': '-113.52484913902356', 'human_address': '{""address"": """", ""city"": """", ""state"": """", ""zip"": """"}'}","{'type': 'Point', 'coordinates': [-113.52484913902356, 53.48560348994347]}",
170972138-001,Uncovered Deck Combo Permit,Permitted Development,,In Progress,To construct a Side Uncovered deck (wheelchair ramp - 1.83m x 14.63m at 1.07m in height).,4123 - 123 AVENUE NW,Plan 1222308 Unit 45,2090,BERGMAN,Redeveloping,Métis Ward,RS,3,53.57811182154204,-113.40523729301592,"{'latitude': '53.57811182154204', 'longitude': '-113.40523729301592', 'human_address': '{""address"": """", ""city"": """", ""state"": """", ""zip"": """"}'}","{'type': 'Point', 'coordinates': [-113.40523729301592, 53.57811182154204]}",
287191410-001,Uncovered Deck Combo Permit,Permitted Development,2018-07-10T00:00:00.000,Approved,To construct a side uncovered deck to a mobile home (11.28m x 1.52m @ 0.81m in Height) with accessibility ramp.,14 - WEST VIEW BOULEVARD NW,Plan 0627961 Blk 1 Lot 7,4620,WESTVIEW VILLAGE,Redeveloping,Nakota Isga Ward,RSF,3,53.5521995183539,-113.69703236472066,"{'latitude': '53.5521995183539', 'longitude': '-113.69703236472066', 'human_address': '{""address"": """", ""city"": """", ""state"": """", ""zip"": """"}'}","{'type': 'Point', 'coordinates': [-113.69703236472066, 53.5521995183539]}",
304334832-001,Major Development Permit,Discretionary Development,2019-04-26T00:00:00.000,Approved,"To change the Use from a Single Detached House to a Restaurant (81.5 square meters of Public Space with 59 seats in interior) with an accessory fenced, outdoor patio (24.2 square meters of Public Space with 16 seats); and to construct exterior and interior alterations (new entry door, deck, stair, wheelchair lift and outdoor patio space).","BSMT, 8903 - 83 AVENUE NW",Plan 2980HW Blk 25 Lot 19,6040,BONNIE DOON,Redeveloping,Métis Ward,CN,3,53.518746050018514,-113.46463759325835,"{'latitude': '53.518746050018514', 'longitude': '-113.46463759325835', 'human_address': '{""address"": """", ""city"": """", ""state"": """", ""zip"": """"}'}","{'type': 'Point', 'coordinates': [-113.46463759325835, 53.518746050018514]}",
388830906-002,Minor Development Permit,Permitted Development,2021-04-26T00:00:00.000,Approved,"To construct a Single Detached House with front attached Garage, Unenclosed Front Porch, elevator, rear covered deck (9.14m x 4.60m), fireplace, hot tub, side door entrance (with landing), and Basement development (NOT to be used as an additional Dwelling).",4135 - CAMERON HEIGHTS POINT NW,Plan 1424124 Blk 14 Lot 93,4466,CAMERON HEIGHTS,Developing,sipiwiyiniwak Ward,RSF,3,53.47754279538237,-113.62749279943398,"{'latitude': '53.47754279538237', 'longitude': '-113.62749279943398', 'human_address': '{""address"": """", ""city"": """", ""state"": """", ""zip"": """"}'}","{'type': 'Point', 'coordinates': [-113.62749279943398, 53.47754279538237]}",
254974275-001,House Combo Permit,Permitted Development,2018-01-10T00:00:00.000,Approved,"To construct a Single Detached House with an Unenclosed Front Porch,  attached Garage, rear uncovered deck (6.64m x 3.68m), fireplace, elevator, Basement Development (NOT to be used as an additional Dwelling), and Rooftop Terrace.",8332 - ROWLAND ROAD NW,Plan 1721738 Blk 52 Lot 5A,6230,FOREST HEIGHTS,Redeveloping,Métis Ward,RS,3,53.5499884791013,-113.45690162385155,"{'latitude': '53.5499884791013', 'longitude': '-113.45690162385155', 'human_address': '{""address"": """", ""city"": """", ""state"": """", ""zip"": """"}'}","{'type': 'Point', 'coordinates': [-113.45690162385155, 53.5499884791013]}",
292487464-001,Major Development Permit,Discretionary Development,2018-10-19T00:00:00.000,Approved,To construct an addition to a Religious Assembly building (elevator shaft).,11526 - 76 AVENUE NW,Plan 1367HW Blk 17 Lot 10,5040,BELGRAVIA,Redeveloping,papastew Ward,RM,3,53.51252476995297,-113.53084074793458,"{'latitude': '53.51252476995297', 'longitude': '-113.53084074793458', 'human_address': '{""address"": """", ""city"": """", ""state"": """", ""zip"": """"}'}","{'type': 'Point', 'coordinates': [-113.53084074793458, 53.51252476995297]}",
294023918-001,Minor Development Permit,Permitted Development,2018-11-06T00:00:00.000,Approved,To construct a front uncovered deck with wheelchair lift (2.13m x 2.13m @ 0.56m in Height) and interior/ exterior alterations (main floor renovation and enlarging front door) to an existing Single Detached House.,11731 - 111 AVENUE NW,Plan 2674HW Blk 18 Lot 293,1180,QUEEN MARY PARK,Redeveloping,O-day'min Ward,RS,3,53.55845297323033,-113.52506201229875,"{'latitude': '53.55845297323033', 'longitude': '-113.52506201229875', 'human_address': '{""address"": """", ""city"": """", ""state"": """", ""zip"": """"}'}","{'type': 'Point', 'coordinates': [-113.52506201229875, 53.55845297323033]}",
234919092-007,Major Development Permit,Permitted Development,2018-11-19T00:00:00.000,Approved,"To amend the approved Development Permit number 234919092-001 by increasing the Height from 141.3 to 142.0 meter high mixed Use Tower; and reducing the Commercial podium from 3 to 2 Storeys including a common lobby, nine (9) General Retail Stores, three (3) Restaurants (60% of total Floor Area as Public Space), one (1) Professional, Financial and Office Support Services, with accessory Non-Residential Amenity Area including accessible outdoor rooftop podium; with an Apartment Housing Tower (adding a floor of Residential Use and increasing Dwelling units from 568 to 582 from the 3rd to 41st floors), with accessory Residential Amenity Area (indoor and outdoor rooftop podium); and an Urban Garden (66 garden plots) on the rooftop podium; and mechanical rooms on the 42nd floor; and to construct exterior and interior alterations.",10305 - 104 AVENUE NW,Plan 2020006 Units 308;Plan 2021522 Units 386;Plan 1722545 Blk 2 Lots 7-8,1090,DOWNTOWN,Redeveloping,"Ward 6,O-day'min Ward",AED,13,53.54589844888628,-113.49833063016284,"{'latitude': '53.54589844888628', 'longitude': '-113.49833063016284', 'human_address': '{""address"": """", ""city"": """", ""state"": """", ""zip"": """"}'}","{'type': 'Point', 'coordinates': [-113.49833063016284, 53.54589844888628]}",Downtown
436536873-002,Minor Development Permit,,,Other,"To construct a Single Detached House with rear attached Garage, Unenclosed Front Porch, rear covered deck (6.00m x 3.66m), balcony, fireplace, rooftop patio, wet bar, elevator, Garage level development (NOT to be used as an additional Dwelling) and to develop a Secondary Suite in the Basement.",10173 - 93 STREET NW,Plan 2057Q Blk 1 Lot 67,1210,RIVERDALE,Redeveloping,O-day'min Ward,RS,3,53.54486452363322,-113.47433824575029,"{'latitude': '53.54486452363322', 'longitude': '-113.47433824575029', 'human_address': '{""address"": """", ""city"": """", ""state"": """", ""zip"": """"}'}","{'type': 'Point', 'coordinates': [-113.47433824575029, 53.54486452363322]}",
296320252-001,Minor Development Permit,Permitted Development,2018-10-29T00:00:00.000,Approved,"To construct exterior alterations to a Single Detached House, (front uncovered deck, irregular shape 2.68m x 2.54m @ 0.41m in Height with Accessibility Ramp, 1.10m x 5.69m).",5118 - 17A AVENUE NW,Plan 7721181 Blk 10 Lot 35,6460,MEYOKUMIN,Redeveloping,Karhiio Ward,RS,3,53.447493267968696,-113.4215942800484,"{'latitude': '53.447493267968696', 'longitude': '-113.4215942800484', 'human_address': '{""address"": """", ""city"": """", ""state"": """", ""zip"": """"}'}","{'type': 'Point', 'coordinates': [-113.4215942800484, 53.447493267968696]}",
246868232-001,Major Development Permit,Discretionary Development,2017-06-27T00:00:00.000,Approved,To construct exterior alterations (accessibility ramp for the main entrance) to an existing Apartment House (Sundance Housing Co-op).,8803 - 101 AVENUE NW,Plan 4047ET Blk B Lot 5,1210,RIVERDALE,Redeveloping,O-day'min Ward,DC2,3,53.54338375840108,-113.46655133833299,"{'latitude': '53.54338375840108', 'longitude': '-113.46655133833299', 'human_address': '{""address"": """", ""city"": """", ""state"": """", ""zip"": """"}'}","{'type': 'Point', 'coordinates': [-113.46655133833299, 53.54338375840108]}",
517886321-002,Minor Development Permit,,,Other,"To construct a Residential Use building in the form of a Single Detached House with unenclosed front porch, rear ramp, Basement development (NOT to be used as an additional Dwelling) for DAY CARE USE.",9407 - COLAK LANE SW,Plan 2122833 Blk 40 Lot 1,5462,CHAPPELLE AREA,Developing,Ipiihkoohkanipiaohtsi Ward,RSF,3,53.39818737276504,-113.58691502533831,"{'latitude': '53.39818737276504', 'longitude': '-113.58691502533831', 'human_address': '{""address"": """", ""city"": """", ""state"": """", ""zip"": """"}'}","{'type': 'Point', 'coordinates': [-113.58691502533831, 53.39818737276504]}",
474695661-002,Major Development Permit,Permitted Development,2023-07-25T00:00:00.000,Approved,"A revision to DP 377204962-002: To reduce the number of Dwellings from 212 to 176 and reduce the height of the building, relocate the ramp and waste collection area, and construct exterior and interior alterations.","101, 5403 - 7 AVENUE SW",Plan 1222184 Blk 11 Lot 32,6661,CHARLESWORTH,Developing,Karhiio Ward,RM,3,53.4256736601843,-113.42677955909178,"{'latitude': '53.4256736601843', 'longitude': '-113.42677955909178', 'human_address': '{""address"": """", ""city"": """", ""state"": """", ""zip"": """"}'}","{'type': 'Point', 'coordinates': [-113.42677955909178, 53.4256736601843]}",
457416103-002,Minor Development Permit,Discretionary Development,2023-02-02T00:00:00.000,Approved,"To construct a Single Detached House with rear attached Garage, rear covered sunroom, elevator, fireplace, Basement development (NOT to be used as an additional Dwelling) and to demolish a Single Detached House and Accessory Building (detached Garage).",14639 - 92A AVENUE NW,Plan 6054HW Blk 9 Lot 15,3330,PARKVIEW,Redeveloping,sipiwiyiniwak Ward,RS,3,53.5263211740387,-113.57401735922681,"{'latitude': '53.5263211740387', 'longitude': '-113.57401735922681', 'human_address': '{""address"": """", ""city"": """", ""state"": """", ""zip"": """"}'}","{'type': 'Point', 'coordinates': [-113.57401735922681, 53.5263211740387]}",
304188521-001,Minor Development Permit,Discretionary Development,2019-06-19T00:00:00.000,Approved,"To construct a two-Storey Garden Suite with elevator, balcony and pergola-over-patio (main floor at 11.28m x 11.58m, second floor at 9.45m x 7.32m), and to demolish a detached Garage.",9123G - 76 STREET NW,Plan 5184HW Blk 22 Lot 41,6310,HOLYROOD,Redeveloping,Métis Ward,RS,3,53.52665634830626,-113.443994531377,"{'latitude': '53.52665634830626', 'longitude': '-113.443994531377', 'human_address': '{""address"": """", ""city"": """", ""state"": """", ""zip"": """"}'}","{'type': 'Point', 'coordinates': [-113.443994531377, 53.52665634830626]}",
139391997-014,Major Development Permit,Permitted Development,2016-11-04T00:00:00.000,Approved,To construct exterior and interior alterations to an approved development permit 139391997-001 (Apartment Housings Building 1 reduced from 91 to 87 Dwelling units and Building 2 increased from 59 to 63 Dwelling units and to relocate ramp on Building 2) and reconfigure location of Row Housings and Semi-detached House. Total number of Dwellings: 150.,17814 - 97 STREET NW,Plan 1620480 Blk 81 Lot 56,3190,ELSINORE,Developing,tastawiyiniwak Ward,"RSM,RM",3,53.63988269538699,-113.49323404432056,"{'latitude': '53.63988269538699', 'longitude': '-113.49323404432056', 'human_address': '{""address"": """", ""city"": """", ""state"": """", ""zip"": """"}'}","{'type': 'Point', 'coordinates': [-113.49323404432056, 53.63988269538699]}",
254970692-001,House Combo Permit,Permitted Development,2018-01-10T00:00:00.000,Approved,"To construct a Single Detached House with an Unenclosed Front Porch,  attached Garage, rear uncovered deck (6.64m x 3.68m), fireplace, elevator, Basement Development (NOT to be used as an additional Dwelling), and Rooftop Terrace.",8330 - ROWLAND ROAD NW,Plan 1721738 Blk 52 Lot 5B,6230,FOREST HEIGHTS,Redeveloping,Métis Ward,RS,3,53.55002480277972,-113.45676607169801,"{'latitude': '53.55002480277972', 'longitude': '-113.45676607169801', 'human_address': '{""address"": """", ""city"": """", ""state"": """", ""zip"": """"}'}","{'type': 'Point', 'coordinates': [-113.45676607169801, 53.55002480277972]}",
485959639-002,Minor Development Permit,Discretionary Development,2023-10-20T00:00:00.000,Approved,"To construct a Single Detached House with two front attached Garages, Unenclosed Front Porch, 4 balconies, rear 4 season room (5.59m x 3.66m), rear partially covered deck, elevator, roof top deck, fireplaces and Basement development (NOT to be used as an additional Dwelling).",207 - WINDERMERE DRIVE NW,Plan 1820067 Blk 14 Lot 19,5570,WINDERMERE,Developing,pihêsiwin Ward,DC1,3,53.44524956402306,-113.62213568850494,"{'latitude': '53.44524956402306', 'longitude': '-113.62213568850494', 'human_address': '{""address"": """", ""city"": """", ""state"": """", ""zip"": """"}'}","{'type': 'Point', 'coordinates': [-113.62213568850494, 53.44524956402306]}",
473418986-002,Minor Development Permit,Discretionary Development,2024-04-02T00:00:00.000,Approved,"To construct a Residential Use building in the form of a Single Detached House with front attached Garages, rear covered deck (12.65m x 4.88m), unenclosed front porch, fireplace, elevator, balcony, wet bar on third floor, and Basement development with wet bar (NOT to be used as an additional Dwelling).",323 - 153 AVENUE NW,Plan 8822930 Lot D2,2690,RURAL NORTH EAST SOUTH STURGEON,Developing,Dene Ward,AG,3,53.611255957956786,-113.34789582898306,"{'latitude': '53.611255957956786', 'longitude': '-113.34789582898306', 'human_address': '{""address"": """", ""city"": """", ""state"": """", ""zip"": """"}'}","{'type': 'Point', 'coordinates': [-113.34789582898306, 53.611255957956786]}",
312281917-001,Minor Development Permit,,,Other,To construct a Garden Suite with balcony and Elevator.,9536G - 144 STREET NW,Plan 6334HW Blk 90 Lot 14,3140,CRESTWOOD,Redeveloping,Nakota Isga Ward,RS,3,53.53277411712138,-113.57072970873037,"{'latitude': '53.53277411712138', 'longitude': '-113.57072970873037', 'human_address': '{""address"": """", ""city"": """", ""state"": """", ""zip"": """"}'}","{'type': 'Point', 'coordinates': [-113.57072970873037, 53.53277411712138]}",
282682625-001,Minor Development Permit,Permitted Development,2018-07-10T00:00:00.000,Approved,"To construct a addition and exterior alterations to a Single Detached House (enclose portion of rear porch, 3.96m x 1.68m, and add elevator and alteration to the main and basement).",14015 - 106 AVENUE NW,Plan 839HW Blk 69 Lot 4,3200,GLENORA,Redeveloping,Nakota Isga Ward,RS,3,53.54857235045884,-113.56401379116224,"{'latitude': '53.54857235045884', 'longitude': '-113.56401379116224', 'human_address': '{""address"": """", ""city"": """", ""state"": """", ""zip"": """"}'}","{'type': 'Point', 'coordinates': [-113.56401379116224, 53.54857235045884]}",
150268810-013,Uncovered Deck Combo Permit,Permitted Development,2016-10-14T00:00:00.000,Approved,"To construct a side uncovered deck to a Single Detached House (extention of front deck to the back of house for wheelchair access, approx 1.2m x 16.30m)",10810 - 65 AVENUE NW,Plan 1349HW Blk 11 Lot C,5010,ALLENDALE,Redeveloping,papastew Ward,RS,3,53.502274199765566,-113.50996860976697,"{'latitude': '53.502274199765566', 'longitude': '-113.50996860976697', 'human_address': '{""address"": """", ""city"": """", ""state"": """", ""zip"": """"}'}","{'type': 'Point', 'coordinates': [-113.50996860976697, 53.502274199765566]}",
473314915-002,Minor Development Permit,Permitted Development,2023-08-11T00:00:00.000,Approved,"To construct a Single Detached House with front attached Garage, unenclosed front porch, elevator, front balconies, rooftop terrace and Basement development (NOT to be used as an additional Dwelling).",7305B - 155 STREET NW,Plan 2222604 Blk 9 Lot 10B,4430,RIO TERRACE,Redeveloping,sipiwiyiniwak Ward,RS,3,53.50530960228231,-113.58866171052583,"{'latitude': '53.50530960228231', 'longitude': '-113.58866171052583', 'human_address': '{""address"": """", ""city"": """", ""state"": """", ""zip"": """"}'}","{'type': 'Point', 'coordinates': [-113.58866171052583, 53.50530960228231]}",
270198348-002,Uncovered Deck Combo Permit,Permitted Development,2021-03-31T00:00:00.000,Approved,"To construct an uncovered deck to a Single Detached House (5.35m x 7.63m @ 0.91m in Height, extended off of the landing of an accessability ramp).",6108 - 134 AVENUE NW,Plan 2676MC Blk 5 Lot 18,2080,BELVEDERE,Redeveloping,Dene Ward,RS,3,53.595630718650256,-113.43624889659995,"{'latitude': '53.595630718650256', 'longitude': '-113.43624889659995', 'human_address': '{""address"": """", ""city"": """", ""state"": """", ""zip"": """"}'}","{'type': 'Point', 'coordinates': [-113.43624889659995, 53.595630718650256]}",
422652459-002,Major Development Permit,Permitted Development,2022-03-01T00:00:00.000,Approved,"To construct exterior alterations (removal of two exterior doors and add glazing for future tenant fit-out on the east facade on the ground floor level to a mixed Use Tower (9 General Retail Stores, 3 Restaurants (60% of total Floor Area as Public Space), 1 Professional, Financial and Office Support Services, with accessory Non-Residential Amenity Area including accessible outdoor rooftop podium; with an Apartment Housing Tower with accessory Residential Amenity Area (indoor and outdoor rooftop podium); and an Urban Garden on the rooftop podium (reference Development Permit number 234919092-007). (Ice District, Building BG)",10324 - 103 STREET NW,Plan 2020006 Unit 566,1090,DOWNTOWN,Redeveloping,"Ward 6,O-day'min Ward",AED,7,53.54537323907584,-113.49723497062547,"{'latitude': '53.54537323907584', 'longitude': '-113.49723497062547', 'human_address': '{""address"": """", ""city"": """", ""state"": """", ""zip"": """"}'}","{'type': 'Point', 'coordinates': [-113.49723497062547, 53.54537323907584]}",Downtown
660347086-002,Major Development Permit,Not Available,,In Progress,To increase the occupancy of a Child Care Service within a Residential Single Detached House from 24 to 39 children and construct interior and exterior alterations (accessibility ramp).,1503 - 16 AVENUE NW,Plan 2122579 Blk 7 Lot 37,6445,ASTER,Developing,Sspomitapi Ward,RSF,3,53.45098628983669,-113.36559917363172,"{'latitude': '53.45098628983669', 'longitude': '-113.36559917363172', 'human_address': '{""address"": """", ""city"": """", ""state"": """", ""zip"": """"}'}","{'type': 'Point', 'coordinates': [-113.36559917363172, 53.45098628983669]}",
301403818-002,Major Development Permit,Discretionary Development,2019-11-25T00:00:00.000,Approved,"To construct exterior alterations by revising the parking layout (same number of parking spaces), and barrier free access encroaching onto City Road Right-of-Way, and rehabilitating the existing landscaping for an existing Multi-unit Housing.",9917 - 110 STREET NW,Condo Common Area (Plan 8321571),1151,WÎHKWÊNTÔWIN,Redeveloping,O-day'min Ward,RL,3,53.53798031520741,-113.5097400421073,"{'latitude': '53.53798031520741', 'longitude': '-113.5097400421073', 'human_address': '{""address"": """", ""city"": """", ""state"": """", ""zip"": """"}'}","{'type': 'Point', 'coordinates': [-113.5097400421073, 53.53798031520741]}",
623553237-002,Major Development Permit,Not Available,,Other,"To construct exterior alterations to a Community Service building (Religious Assembly), new exit doors, and stairs and wheel chair ramp. Encroachments existing without agreement, reference DP #310900581-001.",5410 - 122 AVENUE NW,Plan 2645KS Blk 76 Lot 20,2560,NEWTON,Redeveloping,Métis Ward,RS,3,53.576941570055865,-113.42566539406673,"{'latitude': '53.576941570055865', 'longitude': '-113.42566539406673', 'human_address': '{""address"": """", ""city"": """", ""state"": """", ""zip"": """"}'}","{'type': 'Point', 'coordinates': [-113.42566539406673, 53.576941570055865]}",
227703963-007,Minor Development Permit,Permitted Development,2017-04-20T00:00:00.000,Approved,"To construct interior alterations to a Single Detached House (installing an elevator, 1.38m x 1.35m)",232 - GRANDISLE POINT NW,Plan 5810MC Blk 3 Lot 8,4463,RIVERVIEW AREA,Developing,sipiwiyiniwak Ward,RR,3,53.43525410505334,-113.65578501466123,"{'latitude': '53.43525410505334', 'longitude': '-113.65578501466123', 'human_address': '{""address"": """", ""city"": """", ""state"": """", ""zip"": """"}'}","{'type': 'Point', 'coordinates': [-113.65578501466123, 53.43525410505334]}",
649665016-002,Minor Development Permit,,,In Progress,"To construct a Residential Use building in the form of a Single Detached House with a front attached Garage, balcony, Basement development (NOT to be used as an additional Dwelling), covered deck, elevator, fireplace, uncovered deck and unenclosed front porch and EXTERIOR HOT TUB.",4708 - DONSDALE DRIVE NW,Plan 0625493 Blk 54 Lot 91,4120,DONSDALE,Developing,sipiwiyiniwak Ward,RS,3,53.48591252700846,-113.6317220501731,"{'latitude': '53.48591252700846', 'longitude': '-113.6317220501731', 'human_address': '{""address"": """", ""city"": """", ""state"": """", ""zip"": """"}'}","{'type': 'Point', 'coordinates': [-113.6317220501731, 53.48591252700846]}",
346817458-002,Major Development Permit,Discretionary Development,2020-01-21T00:00:00.000,Approved,"To amend the approved Development Permit number 234919092-007 by constructing an addition of a Restaurant / Bar and Neighbourhood Pub to Level 3 (podium rooftop) by increasing the overall total Floor Area of 739 square meters to an approved mixed Use Tower that includes the common lobby, nine (9) General Retail Stores, an increase from three (3) to four (4) Restaurants and to change the Use to three (3) of the Restaurants (B, C and D) to Restaurants / Bars and Neighbourhood Pubs (1,753 square meters of Public Space with 879 seats, where 876.5 square meters of Public Space and 440 seats is dedicated to Restaurant and 876.5 square meters of Public Space and 439 seats is dedicated to Bars and Neighbourhood Pubs), with an attached accessory exterior outdoor rooftop patio with 1,175 square meters of Public Space with 397 seats; one (1) Professional, Financial and Office Support Services; with accessory Non-Residential Amenity Area including accessible outdoor rooftop podium; with an Apartment Housing Tower (Dwelling units of 582 from the 3rd to 41st floors), with accessory Residential Amenity Area (indoor and outdoor rooftop podium); and an Urban Garden (reduction from 66 to 44 garden plots) on the rooftop podium; and mechanical rooms on the 42nd floor; and to construct exterior and interior alterations.","310, 10332 - 103 STREET NW",Plan 2020006 Unit 566,1090,DOWNTOWN,Redeveloping,"Ward 6,O-day'min Ward",AED,10,53.54543669181046,-113.4973074738212,"{'latitude': '53.54543669181046', 'longitude': '-113.4973074738212', 'human_address': '{""address"": """", ""city"": """", ""state"": """", ""zip"": """"}'}","{'type': 'Point', 'coordinates': [-113.4973074738212, 53.54543669181046]}",Downtown
506041289-002,Minor Development Permit,Permitted Development,2024-06-03T00:00:00.000,Approved,"To construct a Residential Use building in the form of a Single Detached House with a front attached Garage, unenclosed front porch, partially covered deck (10.21m x 6.35m), sunken patio, balcony, Rooftop Terrace, fireplace, elevator, and Basement development (NOT to be used as an additional Dwelling).",515 - HILLCREST POINT NW,Plan 1224818 Blk 1 Lot 7,4390,PATRICIA HEIGHTS,Redeveloping,sipiwiyiniwak Ward,RSF,3,53.50452488528147,-113.59241776682879,"{'latitude': '53.50452488528147', 'longitude': '-113.59241776682879', 'human_address': '{""address"": """", ""city"": """", ""state"": """", ""zip"": """"}'}","{'type': 'Point', 'coordinates': [-113.59241776682879, 53.50452488528147]}",
157060193-008,Major Development Permit,Not Available,,Other,To construct exterior alterations (relocation of ramp to underground parkade) to an Apartment House building with 160 Dwellings.,560 - GRIESBACH PARADE NW,Condo Common Area (Plan 1822213),3111,GRIESBACH,Redeveloping,Ward 2,GVC,3,53.602578334919116,-113.49489080575651,"{'latitude': '53.602578334919116', 'longitude': '-113.49489080575651', 'human_address': '{""address"": """", ""city"": """", ""state"": """", ""zip"": """"}'}","{'type': 'Point', 'coordinates': [-113.49489080575651, 53.602578334919116]}",
170710884-001,Uncovered Deck Combo Permit,Discretionary Development,2015-06-22T00:00:00.000,Approved,"To construct a front uncovered deck (wheelchair ramp, irregular shape,  4.88m X 6.71m @ 1.22m in height).",10116 - 71 STREET NW,Plan 2444KS Blk 4 Lot 25,6730,TERRACE HEIGHTS,Redeveloping,Métis Ward,RS,3,53.54184858961327,-113.43732519478495,"{'latitude': '53.54184858961327', 'longitude': '-113.43732519478495', 'human_address': '{""address"": """", ""city"": """", ""state"": """", ""zip"": """"}'}","{'type': 'Point', 'coordinates': [-113.43732519478495, 53.54184858961327]}",
146894593-002,Major Development Permit,Permitted Development,2015-12-09T00:00:00.000,Approved,To construct exterior alterations to an existing Religious Assembly building (adding an entryway ramp and stairs to the east side of the building).,15911 - 107A AVENUE NW,Plan 3711KS Blk 29 Lot 3,4290,MAYFIELD,Redeveloping,Nakota Isga Ward,RS,9,53.55166019055585,-113.59639459990025,"{'latitude': '53.55166019055585', 'longitude': '-113.59639459990025', 'human_address': '{""address"": """", ""city"": """", ""state"": """", ""zip"": """"}'}","{'type': 'Point', 'coordinates': [-113.59639459990025, 53.55166019055585]}",
377379820-002,Major Development Permit,Discretionary Development,2020-12-17T00:00:00.000,Approved,"To construct an addition and exterior alterations to a Religious Assembly building (Demolition of existing front addition, front facade improvement including new entryway and wheelchair ramp; new vestibule at south west corner of building)",13428 - 127 STREET NW,Plan 5570KS Blk 29 Lot 23,3430,WELLINGTON,Redeveloping,Anirniq Ward,RS,4,53.595857033,-113.541681073,"{'latitude': '53.595857033', 'longitude': '-113.541681073', 'human_address': '{""address"": """", ""city"": """", ""state"": """", ""zip"": """"}'}","{'type': 'Point', 'coordinates': [-113.541681073, 53.595857033]}",
471300989-002,Minor Development Permit,Discretionary Development,2023-07-05T00:00:00.000,Approved,"To construct a Single Detached House with front attached Garage, Unenclosed front porch, elevator, Basement development (NOT to be used as an additional Dwelling) with wet bar, fireplaces, main floor partially covered deck  (17.98m x 5.79m with Balcony above 6.71m x 6.40m, rear sunken patio and walkout Basement.",18 - WINDERMERE DRIVE SW,Plan 0227756 Blk 2 Lot 34,5570,WINDERMERE,Developing,pihêsiwin Ward,DC2,3,53.43089575187735,-113.63177551703234,"{'latitude': '53.43089575187735', 'longitude': '-113.63177551703234', 'human_address': '{""address"": """", ""city"": """", ""state"": """", ""zip"": """"}'}","{'type': 'Point', 'coordinates': [-113.63177551703234, 53.43089575187735]}",
484518713-002,Minor Development Permit,Discretionary Development,2023-11-08T00:00:00.000,Approved,"To construct a Single Detached House with front attached Garage, Unenclosed Front Porch, rear covered deck (24.18m x 8.84m), balconies, exterior hot tub, outdoor kitchen, roof top deck, fireplace, elevator, and Basement development (NOT to be used as an additional Dwelling)",155 - WINDERMERE DRIVE NW,Plan 1820122 Blk 14 Lot 32,5570,WINDERMERE,Developing,pihêsiwin Ward,DC1,3,53.44225671804702,-113.62512766099434,"{'latitude': '53.44225671804702', 'longitude': '-113.62512766099434', 'human_address': '{""address"": """", ""city"": """", ""state"": """", ""zip"": """"}'}","{'type': 'Point', 'coordinates': [-113.62512766099434, 53.44225671804702]}",
439388364-002,Minor Development Permit,Discretionary Development,2022-08-24T00:00:00.000,Refused,To construct a two-Storey Garden Suite with balcony and elevator (10.05m x 7.93m).,11327G - 36 AVENUE NW,Plan 590NY Blk 66 Lot 23,5220,GREENFIELD,Redeveloping,papastew Ward,RS,3,53.46981265973028,-113.52608555553053,"{'latitude': '53.46981265973028', 'longitude': '-113.52608555553053', 'human_address': '{""address"": """", ""city"": """", ""state"": """", ""zip"": """"}'}","{'type': 'Point', 'coordinates': [-113.52608555553053, 53.46981265973028]}",
172190567-001,Uncovered Deck Combo Permit,Permitted Development,2015-06-26T00:00:00.000,Approved,To construct an uncovered deck (1.76m x 20.86m at 0.45m in Height) and a wheelchair ramp (1.20m x 6.20m) in the Side Yard.,15331 - 104 AVENUE NW,Plan 6629ET Blk 24 Lot 10,4090,CANORA,Redeveloping,Nakota Isga Ward,RS,3,53.54624706055964,-113.58633833636569,"{'latitude': '53.54624706055964', 'longitude': '-113.58633833636569', 'human_address': '{""address"": """", ""city"": """", ""state"": """", ""zip"": """"}'}","{'type': 'Point', 'coordinates': [-113.58633833636569, 53.54624706055964]}",
277616548-001,House Combo Permit,Permitted Development,2018-07-19T00:00:00.000,Approved,"To construct a Single Detached House, fireplace, elevator, veranda (3.05m x 2.44m), uncovered rear deck (triangle shaped 5.6mx 6.9m), Basement development with wet bar (NOT to be used as an additional Dwelling) and to demolish the existing Single Detached House",9533 - 74 AVENUE NW,Plan 8370ET Blk 19 Lot F,6610,RITCHIE,Redeveloping,papastew Ward,RS,3,53.51011350818968,-113.47530990896615,"{'latitude': '53.51011350818968', 'longitude': '-113.47530990896615', 'human_address': '{""address"": """", ""city"": """", ""state"": """", ""zip"": """"}'}","{'type': 'Point', 'coordinates': [-113.47530990896615, 53.51011350818968]}",
252386843-001,Minor Development Permit,Permitted Development,2017-05-29T00:00:00.000,Approved,To construct an Addition to a Single Detached House (porch with ramp 2.52m x 6.39m)(existing without permits),11312 - 53 AVENUE NW,Plan 2955MC Blk 5 Lot 38,5270,LENDRUM PLACE,Redeveloping,papastew Ward,RS,3,53.48996514866738,-113.52160103096071,"{'latitude': '53.48996514866738', 'longitude': '-113.52160103096071', 'human_address': '{""address"": """", ""city"": """", ""state"": """", ""zip"": """"}'}","{'type': 'Point', 'coordinates': [-113.52160103096071, 53.48996514866738]}",
177705340-003,Uncovered Deck Combo Permit,Permitted Development,2016-06-14T00:00:00.000,Approved,"To construct an uncovered deck to Single Detached House, existing without permits (1.52m x 6.22m @ 0.76m in Height with access ramp).",14037 - 106A AVENUE NW,Plan 4677HW Blk 67A Lot 9,3200,GLENORA,Redeveloping,Nakota Isga Ward,RS,3,53.549957700055586,-113.56509327569381,"{'latitude': '53.549957700055586', 'longitude': '-113.56509327569381', 'human_address': '{""address"": """", ""city"": """", ""state"": """", ""zip"": """"}'}","{'type': 'Point', 'coordinates': [-113.56509327569381, 53.549957700055586]}",
515046209-002,Minor Development Permit,Permitted Development,2025-08-12T00:00:00.000,Approved,To construct a Residential Use building in the form of a 3 Dwelling Backyard House with elevator.,"G1, 12122 - 45 STREET NW",Plan 2726HW Blk 29 Lot 1,2040,BEACON HEIGHTS,Redeveloping,Métis Ward,RS,3,53.57595836611415,-113.41111376529287,"{'latitude': '53.57595836611415', 'longitude': '-113.41111376529287', 'human_address': '{""address"": """", ""city"": """", ""state"": """", ""zip"": """"}'}","{'type': 'Point', 'coordinates': [-113.41111376529287, 53.57595836611415]}",
456858713-002,Minor Development Permit,Discretionary Development,2023-05-29T00:00:00.000,Approved,"To construct a Single Detached House with an Unenclosed Front Porch, rear attached Garage,  rear uncovered deck (6.20m x 3.51m), irregular shape rear covered deck (4.71m x 4.43m), indoor swimming pool & hot tub, balcony, fireplace, elevator, Basement development (NOT to be used as an additional Dwelling), and to demolish a Single Detached House and Accessory building (detached Garage).",8359 - 120 STREET NW,Plan 4116HW Blk 13 Lot 63,5580,WINDSOR PARK,Redeveloping,papastew Ward,RS,3,53.52221211091745,-113.53680925916967,"{'latitude': '53.52221211091745', 'longitude': '-113.53680925916967', 'human_address': '{""address"": """", ""city"": """", ""state"": """", ""zip"": """"}'}","{'type': 'Point', 'coordinates': [-113.53680925916967, 53.52221211091745]}",
252168271-001,Minor Development Permit,Discretionary Development,2017-09-26T00:00:00.000,Approved,"To construct an addition to a Single Detached House (attached Garage with internal ramp, and a second Storey) and to demolish the existing attached Garage and breezeway.",11619 - 139 STREET NW,Plan 6838KS Blk 10 Lot 23,3450,WOODCROFT,Redeveloping,Anirniq Ward,RS,3,53.5687326161496,-113.561012474445,"{'latitude': '53.5687326161496', 'longitude': '-113.561012474445', 'human_address': '{""address"": """", ""city"": """", ""state"": """", ""zip"": """"}'}","{'type': 'Point', 'coordinates': [-113.561012474445, 53.5687326161496]}",
252302320-003,Uncovered Deck Combo Permit,Permitted Development,2017-06-22T00:00:00.000,Approved,"To construct a front uncovered Deck with ramp to Single Detached House (2.42m x 5.81m @ 0.72m in hight with 1.13m wide ramp), existing without permits",11915 - 137 AVENUE NW,Plan 4766KS Blk 4 Lot 1,3250,KENSINGTON,Redeveloping,Anirniq Ward,RS,3,53.59904032635973,-113.52812752682925,"{'latitude': '53.59904032635973', 'longitude': '-113.52812752682925', 'human_address': '{""address"": """", ""city"": """", ""state"": """", ""zip"": """"}'}","{'type': 'Point', 'coordinates': [-113.52812752682925, 53.59904032635973]}",
