OBJECTID_1,join_OBJECTID,CUSTOMFOLDERNUMBER,FOLDERDESCRIPTION,FOLDERNAME,FOLDERTYPE,Subtype,Worktype,INDATE,ISSUEDATE,PROPERTYRSN,Status,Construction_Value,Dwelling_Units_Created,GFA,GFA__Accessory_Unit_,GFA__Basements_Alterations_,Infill_Lot,ConstructionStartDate,UnitsDemolished,AdjustedWorktype,StatusGroup,GlobalID,Number_of_Storeys,LEGALDESC,latitude,longitude
96,2552550,2016 001537 000 00 SA,UNIT D-11:  Move interior partition wall to enlarge existing office space and add an new barrier free washroom (16.26m2).  No additional GFA.,380 Dundas Street E,SA,"Post Secondary Institution, College",Alt./Improve,1472774400000,,67055,Cancelled,18376,,0,,,,,,Renovation & Repair,Cancelled,de4292e4-9b46-4c11-9939-84294af59e71,,PLAN M757 BLK 1,43.48820437626905,-79.71657838397797
579,2524217,2022 131908 REV 01 CA,"Revision to Permit # 22-131908 000 00 CA
Exterior window replacement, partial exterior stone panel replacement, addition of ACM panels, and revision to elevator sum pump pit - Scotiabank.",207 Lakeshore Rd E,CA,Bank,Alt./Improve,1717027200000,2024-06-27,24614,Closed,70000,,0,,,,,,Renovation & Repair,Closed,c5dab080-8829-4b11-a92b-881128551ce3,,PLAN 1 BLK 7 PT LOT D   ,43.446002048870355,-79.66839344169139
912,2525652,2016 000083 000 00 CN,"Interior alterations and small addition to existing unit.  Demolition and relocation of staircase between ground and second floors.  Fire separation between ground and second floors to create separate units - ground floor retail (50.7m2), second floor office (50.7m2).  Plumbing and mechanical on ground floor including new barrier free washroom.  Extension of glass storefront (new area added is 2.6m2).",229 Lakeshore Road E,CN,Multi-Use/Multi-Storey E,Addition,1453766400000,,24662,Cancelled,40000,,2.6,,,,,,Addition,Cancelled,87faf6b3-5f68-4e99-888e-6384d3e5806b,2,PLAN 1 BLK 7 PT LOT F   ,43.44643060037623,-79.66792065095034
1309,2556641,2025 108371 000 00 BDP,"Tenant fit-out to convert Bay 3 of existing Brewery/Warehouse into restaurant, event space and retail store with new outdoor patio, new mezzanine above kitchen, new rear entrances with landing, stairs and an accessible ramp.",1165 Invicta Drive,BDP,Restaurants,Addition to an existing building,1761004800000,,50463,Resubmission Under Review,3500000,,71.29,,,,,,Addition,Permit in Progress,cd5d2b1a-c495-47f7-b604-eaa28e29bde5,1,PLAN 608 LOT 8 PT LOT 9 RP 20R7525 PART 1 RP 20R23032 PART 1,43.47465018927009,-79.67629945264909
1552,2538592,2016 000790 000 00 SA,Interior alterations for accessibility upgrades to existing staff washrooms on first floor (19.54m2).  No GFA added.,2220 Lakeshore Road W,SA,Nursing Home,Alt./Improve,1462838400000,2016-06-29,10901,Closed,39080,,19.54,,,,,,Renovation & Repair,Closed,cc126519-c8cf-4168-aa7d-55dfd7f5b20f,,"CON 4 SDS PT LOTS 27,28   ",43.39945589945426,-79.70526764781695
2249,2523293,2016 002092 000 00 CA,"Interior alterations to existing retail space, new barrier free washroom (391.54m2).  HEALTHY PLANET.  No additional GFA.",210 North Service Road W,CA,Store,Alt./Improve,1477267200000,2017-01-16,481,Closed,100000,,391.54,,,,,,Renovation & Repair,Closed,787f6bea-b2bb-4e95-b88e-29c0a421ac5c,,"CON 2 SDS PT LOTS 17,18 RP 20R5959 PARTS 3,4  ",43.44915305631199,-79.70129811199872
2851,2486380,2015 001390 000 00 SA,Installation of new doors and barrier free operators and relocation of door on first floor washroom.  No GFA added.  OAKVILLE TRAFALGAR SCHOOL,1460 Devon Road,SA,Secondary School,Alt./Improve,1439856000000,2015-10-01,52976,Closed,38905,,10,,,,,,Renovation & Repair,Closed,480eddab-755f-41ca-915e-2ebd1d453f46,,PLAN M91 BLK A   ,43.47254293244845,-79.65393513700147
2990,2532530,2017 000636 REV 01 CA,"REVISION TO PERMIT: Removing push button access to front door for Barrier Free Design.  No other work proposed, no additional GFA.",2501 Third Line - Unit D10,CA,Restaurant E <30 persons,Alt./Improve,1501459200000,2017-08-08,68299,Closed,0,,0,,,,,,Renovation & Repair,Closed,e7ec2ae9-287a-4b2f-8bd3-d28f040d22b6,,PLAN M787 BLK 228,43.4499242807788,-79.7583272837436
3169,2527303,2025 110507 000 00 BDP,Stairs from an existing front porch is removed and a new ramp added in front yard of an existing house.,106 Chalmers Street,BDP,House - Part 9 - Detached House,Addition to an existing building,1745884800000,2025-05-08,15411,Issued,20000,0,12.5,0,0,Yes,1760572800000,,Addition,Permit Issued,c395dc73-4742-4649-960b-48fb2c505b23,1,PLAN M219 LOT 34   ,43.384218110117594,-79.71861934172406
3257,2501092,2019 001880 REV 01 CA,REVISION:  Removal of the public washrooms in the basement; provide an elevator machine room; and an updated seismic classification (based on seismic report).,2172 Speers,CA,Office Multi-Storey,Alt./Improve,1597881600000,2021-02-04,119930,Issued,0,,0,,,,,,Renovation & Repair,Permit Issued,ec9cdb78-dc97-45e4-a35f-d7f4a242168b,,PLAN 821 PT LOTS 1 TO 5 RP 20R16538 PART 2   ,43.41402157478707,-79.7199268268624
3324,2513693,2024 219869 REV 01 BDP,"REVISION TO EXISTING PERMIT - 24-219869
(Front porch ramp removed and 2 windows added to Primary Bedroom with door/juliette balcony removed)",417 Callaghan Crescent,BDP,House - Part 9 - Detached House,Alteration/repair OR Alteration/finish to an existing building,1752796800000,2025-08-07,5382,Closed,10000,0,1,1,0,,,,Renovation & Repair,Closed,0f2db5ce-3a27-4aa7-9609-78cc06c1d22b,,PLAN M411 LOT 27   ,43.46581709995263,-79.73020516072391
3988,2492908,2024 104392 000 00 CN,"Proposed addition to existing elevator shaft to accommodate larger elevator cab (no change in overall height proposed).Interior alteration to shell space to create new retail space. Basement to 3rd floor levels will change use from office to retail. Fourth floor will remain office use.  Proposed new stair opening and stair from 2nd to 3rd floors, extending existing stair connecting ground floor to second. Removal of washrooms in basement. Upgrading existing washroom to universal washroom (2nd floor).",75 Navy St,CN,Multi-Use/Multi-Storey E,Addition,1708992000000,2024-08-16,25159,Issued,750000,,9,,,,,,Addition,Permit Issued,d57c8e31-c810-41a5-848c-6063f4ff7aa6,4,PLAN 1 BLK 13 PT LOT A RP 20R9403 PART 1  ,43.44362374311671,-79.66874033108054
4602,2514044,2015 001197 000 00 CA,Installation of maglock on 3rd floor elevator lobby doors,2060 Winston Park Drive,CA,Office,Alt./Improve,1438128000000,2015-09-03,75082,Closed,,,0,,,,,,Renovation & Repair,Closed,feef71ce-ebde-4aad-93a0-bab62324306c,,PLAN M467 PT BLK 15 RP 20R14015 PARTS 1 TO 9,43.50806622748041,-79.67061647582213
4692,2484398,2016 002366 000 00 CA,"Installation of new elevator, replacement of plumbing fixtures and alterations to create new offices (158.46m2). No additional GFA.",2845 Bristol Circle,CA,Office,Alt./Improve,1479772800000,2017-03-14,69796,Closed,300000,,158.46,,,,,,Renovation & Repair,Closed,4429a96d-ffa6-416c-8793-89cfaa2dc466,,"PLAN M539 PT BLK 2 RP 20R14008 PARTS 1,3",43.50413261168918,-79.67761358224128
4930,2551881,2022 111747 000 00 DA,"Upgrade of the Ninth Line Wastewater Pumping Station to meet future flow demands. Process upgrades to include replacement of existing pumps, refurbishment and/or replacement of existing valves and process piping. Electrical upgrades to include new electrical supply, including new pad mounted transformer, outdoor generator in a standalone enclosure, MCC, automatic transfer switch, sensors, and VFDs. Structural and architectural work to include doors, windows, repairs to the wet/dry wells/building envelope, and new lift systems. No GFA added. ",1541 Lakeshore Rd E,DA,Bldg. 5000 sqft or less F1,Alt./Improve,1653868800000,2022-09-10,42936,Issued,4000000,,606.3,,,,,,Renovation & Repair,Permit Issued,e24c80fa-4491-42f1-8a46-286d4aa0d7ca,,CON 3 SDS PT LOT 6 RP 20R22213 PART 1,43.46854637960301,-79.6443372248081
4937,2523917,2018 001272 000 00 SA,Proposed interior alterations to child care facility (10m2) to construct new partition wall in existing coat room to create two new washrooms. Installation of door operator and actuators for existing barrier free washroom. Sharlaur Children&apos;s Centre Inc. No GFA added.,203 Georgian Drive,SA,Day Care Center,Alt./Improve,1532908800000,2018-10-15,70225,Closed,20000,,10,,,,,,Renovation & Repair,Closed,02ff95b7-746b-4049-9d1c-44af7c598a42,,"CON 1 SDS PT LOTS 13,14 RP 20R13924 PART 2



",43.48016443375556,-79.71711840664919
4938,2523917,2021 118894 000 00 SA,"Installation of automatic door operators on limited number of existing doors.  No changes to existing doors and maglocks.  The new automatic door openers are not serving to provide barrier free access, only touch less entry due to COVID-19.",203 Georgian Dr,SA,Long Term Care Home,Alt./Improve,1626998400000,2021-09-05,70225,Issued,100000,,300,,,,,,Renovation & Repair,Permit Issued,96f595ea-c75b-41c3-ae0f-1abbae4c1ef7,,"CON 1 SDS PT LOTS 13,14 RP 20R13924 PART 2



",43.48016443375556,-79.71711840664919
4971,2523164,2024 156208 REV 01 BDP,"Revision to BP # 24-156208 includes removing fire rated windows, removing elevator and replace with a storage closet, modification to bedroom #2 window and washroom. Washroom modification to bedroom 1 and relocating window. Infill side windows on ground floor. Laundry room layout revision.
",553 Wolsey Crescent,BDP,House - Part 9 - Detached House,New Construction,1762992000000,2025-11-20,7397,Closed,5000,0,0,0,0,Yes,,,New Construction,Closed,91dd2c95-6b25-4276-a165-322656111946,2,PLAN 682 LOT 69   ,43.42787522382967,-79.7034628005524
5132,2482648,2025 124981 000 00 BDP,"Demolish existing rear concrete porch and stairs to grade. Construct new reinforced concrete porch and stairs atop existing foundation, with added footing and wall section for stair extension. Install steel guardrails, handrail, and a lockable gate on the east side to allow library staff to move materials from the parking lot. Gate to remain locked when not in use.",1274 Rebecca Street,BDP,Libraries,Alteration/repair OR Alteration/finish to an existing building,1759276800000,2025-10-31,120055,Issued,20000,,13.5,,,,,,Renovation & Repair,Permit Issued,a2bfdacf-4dde-4995-9310-bff5ba8977d6,,TRAFALGAR PLAN 1118 PT LOT 6 RP 20R21071 PART 1,43.417228303796136,-79.69820828422168
6004,2540076,2016 001308 000 00 RS,Construction of attached deck and ramp to replace existing.  No GFA added.,86 Orion Crt,RS,Deck,New Const.,1469491200000,2016-08-11,4584,Closed,20000,,0,,,Yes,,,New Construction,Closed,4e911460-0b56-48b0-b1e4-2e822afa4679,,PLAN M352 PT BLK 155 RP 20R7157 PART 1  ,43.47197452491382,-79.71308017453715
6083,2501707,2025 109902 000 00 BDP,Proposed installation of a lift between the basement and the first floor. No GFA added.,1150 Dundas Street W,BDP,Churches,Alteration/repair OR Alteration/finish to an existing building,1745971200000,2025-06-02,101694,Closed,4000,,0,,,,,,Renovation & Repair,Closed,fa399687-b807-4054-ab19-8b3df4d30960,,"CON 1 SDS PT LOT 22 RP 20R1938 PARTS 1, 2 AND 4   ",43.460344423220995,-79.74921473756798
6207,2503471,2022 133596 000 00 SA,Interior alterations to upgrade the existing limited use elevator (LULA) to a regular use elevator.  Alterations to include construction of a new hoistway and modification to the existing floor assembly to allow for the new hoistway. No GFA added. ,1330 Montclair Dr,SA,Secondary School,Alt./Improve,1671667200000,2023-03-06,34524,Closed,225000,,0,,,,,,Renovation & Repair,Closed,b9bf7a8b-8fa9-4738-8f30-85f69d6d815e,,CON 2 SDS PT LOT 15   ,43.462539960837624,-79.70219842097858
6210,2503471,2023 115914 000 00 SA,Construction of new wood deck and barrier free access ramp at 3 existing portable classrooms for White Oaks S.S.  No GFA added.,1330 Montclair Dr,SA,Portable Classroom,Alt./Improve,1688515200000,2023-08-02,34524,Issued,10000,,75,,,,,,Renovation & Repair,Permit Issued,1e69de35-452a-4cfa-aecc-9873d3bc8555,,CON 2 SDS PT LOT 15   ,43.462539960837624,-79.70219842097858
7043,2558341,2024 223715  REV 01 BDP,REVISION to 24-223715 to update the barrier free washroom and update fire protection information - unit L2 (Urban Barn).  No GFA added.,3499 Wyecroft Road,BDP,Stores (Furniture/Appliances),Alteration/repair OR Alteration/finish to an existing building,1744070400000,2025-05-13,98926,Issued,400,,678.86,,,,,,Renovation & Repair,Permit Issued,349ce240-a793-4ec2-8794-524fe6562531,,PLAN M1005 BLK 2,43.397285501317526,-79.74940358049155
7291,2497922,2025 109426 000 00 BDP,"Construction of a new 2-storey single-family residence with front, side &amp; rear covered porches, elevator, finished basement with a room under the rear porch, and attached 2-car garage. ",469 Seaton Drive,BDP,House - Part 9 - Detached House,New Construction,1744761600000,2025-06-11,9601,Closed,2040000,1,379.51,201.75,0,Yes,1754870400000,,New Construction,Closed,7d74aa82-8e12-4a7c-bfa1-b4da97f89fc8,2,PLAN 852 LOT 148   ,43.413490493206154,-79.7136322782332
7638,2556713,2021 130317 000 00 CA,Interior alteration to existing shell unit to create new hair salon. No GFA added. New partition walls and a new Barrier Free washroom.,116 Burnhamthorpe Rd E,CA,Barber/Hairdressing Shop,Alt./Improve,1633651200000,2021-12-09,118296,Closed,35000,,0,,,,,,Renovation & Repair,Closed,13d2996b-e8c3-41fd-9846-f019911d7c90,,"PLAN M1212 PT BLK 190 RP 20R21835 PARTS 11,12,33 TO 39",43.49641401248909,-79.74357207555592
7738,2544804,2020 001973 REV 01 CA,Revision to Permit - Changes to the floor layout to accommodate elevator.,360 Oakville Place Dr,CA,Office Multi-Storey,Alt./Improve,1616716800000,2021-04-16,107063,Closed,0,,0,,,,,,Renovation & Repair,Closed,abca245d-2b6a-46c8-a94a-be9065a4f2de,,PLAN M14 PT LOT 8 RP 20R9779 PART 1 RP 20R8440 PART 1 ,43.46449900486352,-79.68409989330534
7819,2533046,2025 124753 000 00 BDP,"Interior Alterations: Main and basement level alterations. Basement level: New walk in closet, laundry room, bathrooms. Main level: New kitchen, closet, office, ensuites, and walk in closets. New cube lift. New garage door.",1330 Lakeshore Road W,BDP,House - Part 9 - Detached House,Alteration/repair OR Alteration/finish to an existing building,1760400000000,2025-11-07,6204,Issued,50000,0,0,48,0,,,,Renovation & Repair,Permit Issued,27936074-7c02-42cf-bf34-5112f9b47390,,CON 4 SDS PT LOT 23 RP 20R5525 PART 2   ,43.41261120738036,-79.69116279982129
7847,2498007,2026 000713 000 00 BDP,Interior alterations to an existing single storey Station Building at Oakville GO Station site to change interior finishes and replace windows and entrance doors to accommodate accessibility upgrades. No gross floor area (GFA) added. ,214 Cross Avenue,BDP,Passenger Stations / Depots,Alteration/repair OR Alteration/finish to an existing building,1769472000000,,67031,Resubmission Required,3300000,,0,,,,,,Renovation & Repair,Permit in Progress,71bd6be1-e3de-41d3-a3b2-78998877baff,,CON 3 SDS PT LOT 13,43.45597820334583,-79.68179081927921
8641,2514918,2020 002477 000 00 FR,Fire alarm control panel replacement and elevator modernization. No GFA Added,1275 North Service,FR,Office Multi-Storey,Fire Retrofit,1612915200000,2021-02-10,53704,Closed,53542,,0,,,,,,Renovation & Repair,Closed,a2d2e2e0-8201-4195-81aa-96b3875c0f83,,PLAN M246 BLK 12   ,43.43213363778083,-79.71951691277131
8915,2521033,2018 001847 000 00 FR,Installation of automatic door closers to be controlled by fire alarm system.  No additional GFA.,160 Bronte Road,FR,Retirement Home,Fire Retrofit,1543536000000,2020-01-24,106482,Closed,220000,,0,,,,,,Renovation & Repair,Closed,9420788e-c350-4ced-91c9-d8a44693e876,,PLAN M10 PT LOTS 56 TO 60 RP 20R18339 PART 1  ,43.394639546164754,-79.71440292355804
8977,2513428,2024 158167 000 00 SA,"Interior alterations to provide new areas, such as, baptistry, wheelchair access lift, new interior window and door on the main floor; basement level to receive alterations and new structural beams to support the main floor - Lighthouse Tabernacle Church.  No GFA added.",342 Sherin Dr,SA,Place of Worship,Alt./Improve,1727827200000,,8909,Re-submission Required,70000,,0,,,,,,Renovation & Repair,Permit in Progress,880f54ff-bfd2-4bb2-92cf-dc15999322d7,,PLAN 641 BLK C   ,43.415056303129425,-79.7038951903948
9186,2396289,2016 001032 000 00 SN,"Enclosure of existing carport including structural reinforcement of foundations (29m2), remove and replace existing barrier free ramp, and interior alterations to male and female washrooms/shower (29m2).  Construction of detached shed (8.9m2). Tennis Club in Queen Elizabeth Park",2310 Bridge Road,SN,Recreational Building,Addition,1466467200000,2016-07-18,65979,Closed,150000,,29,,,,,,Addition,Closed,123e6988-b8e4-4473-8907-adfd924ce451,,CON 3 SDS PT LOTS 28 AND 29,43.40645682297551,-79.72011292583257
9192,2515441,2025 110759 000 00 BDP,"Garage ramp repair to include suspended ramp slab replacement, partial ramp waterproofing and full replacement of the heated concrete topping. No GFA added.",135 Allan Street,BDP,Accessory structure,Alteration/repair OR Alteration/finish to an existing building,1746748800000,2025-07-16,39156,Closed,128000,0,0,0,0,,1761264000000,,Renovation & Repair,Closed,78d16421-9ce6-41fd-aa4c-a8261900968b,,PLAN 113 RES G PT LOT 1 TO 7   ,43.45004566157111,-79.66547258556012
9320,2523282,2016 000341 000 00 CN,"Add&apos;n and renovations for new automotive sales and service centre incl. removal of two storey office component at north end (243.2m2), reconstruction of new showroom add&apos;n, modifications to exist&apos;g building (286.8m2) and fa&ccedil;ade incl. new exterior entrance stair and ramps, relocated transformer, new RTUs",225 Wyecroft Road,CN,Auto Speciality Shop,Addition,1457308800000,2016-05-24,32888,Closed,,,189.52,,,,,,Addition,Closed,71dcb8d6-a82e-46f7-99a1-557f58b1ad41,,"PLAN 949 PT BLK A CON 3 SDS PT LOT 17 RP 20R6388 PARTS 2,3 ",43.44824405508556,-79.69566116713493
9641,2438592,2026 006801 000 00 BDP,"Construction of a new 2-storey single-family residence with front covered porch, elevator, attached 2-car garage and finished basement with a cold room under the front porch. ",384 Maplehurst Avenue,BDP,House - Part 9 - Detached House,New Construction,1774915200000,2026-05-13,6503,Issued,4000000,1,446.56,180,0,Yes,,,New Construction,Permit Issued,b5814e35-16a3-4380-87bf-72a208f66bc8,2,PLAN 579 LOT 48   ,43.42551584915455,-79.69514902715638
9897,2484759,2017 001322 000 00 DA,Construct an aerial platform to allow access to a valve cluster for required maintenance (3.00m2). Note that access to platform is only by scissor lift. RICHARDSON INTERNATIONAL LTD.,2835 Bristol Circle,DA,Factory F2,Alt./Improve,1499644800000,2017-08-08,71977,Issued,10000,,3,,,,,,Renovation & Repair,Permit Issued,8b4edb1a-3359-4acc-80d6-5ab3306660e4,,"PLAN M539 PT BLK 2 RP 20R14008 PARTS 2,4",43.504624551614185,-79.67911812000125
11972,2544684,2021 109180 000 00 DN,Enlarge existing drive-in overhead door.  Convert two existing loading dock level overhead doors to an additional drive-in overhead door.  New asphalt ramp and retaining wall.  No GFA added.,2130 South Service Rd W,DN,Warehousing F2,Addition,1614556800000,2021-10-25,15947,Issued,100000,,0,,,,,,Addition,Permit Issued,9901f7a8-e4d1-414b-ae8f-d6b9c3d72125,,"PLAN 844 PT BLKS C AND F RP 20R7562 PARTS 2, 3 AND 4 PT PARTS 1, 5 AND 6  ",43.419539303451124,-79.7277709463172
12397,2514030,2020 000295 000 00 CA,Interior alterations to create offices and installation of two sets of double doors in elevator lobby with maglocks. No GFA Added,"2020 Winston Park Oakville ON
CANADA",CA,Multi-Use/Multi-Storey D,Alt./Improve,1580688000000,2020-02-20,102608,Closed,787350,,1574.7,,,,,,Renovation & Repair,Closed,1530c7c8-b561-497b-9f86-fb4effc6e9af,,PLAN M467 PT BLK 15 RP 20R14015 PARTS 10 TO 28,43.50769717280956,-79.66966159283538
12434,2430078,2024 102220 000 00 SA,Interior alteration to include installation of a new elevator in existing school.  No other work proposed &ndash; Maclachlan College.  No GFA added.,2794 South Sheridan Way,SA,"Post Secondary Institution, College",Alt./Improve,1706140800000,2024-02-21,45718,Closed,85000,,5.5,,,,,,Renovation & Repair,Closed,57567a57-813c-4c77-99a2-849ebccf565d,,"PLAN M518 BLKS 3,4 RP 20R9838 PARTS 1 TO 8  ",43.50391393461227,-79.66813853780222
12497,2485781,2016 000701 000 00 SA,"Interior alterations to existing elementary school for barrier free requirements, interior finishes and lighting. (101.00m2) MAPLE GROVE PUBLIC SCHOOL. No new GFA.",288 Maple Grove Drive,SA,Elementary School,Alt./Improve,1461542400000,2016-07-04,42960,Closed,400000,,101,,,,,,Renovation & Repair,Closed,f5455ca2-fcf7-46be-a451-92298d3ebd08,,CON 3 SDS PT LOT 6   ,43.47307320734038,-79.65137627400453
12751,2556244,2023 117144 000 00 SA,"Interior alteration to room BD17 include railing upgrade, wall removal, wall furring layer, wall insulation, automatic door operations, add soundproof double door. Alteration to roomD102 to wall insulation, railing upgrade, and automatic door operations. No GFA added. ",1430 Trafalgar Rd,SA,Secondary School,Alt./Improve,1691712000000,2023-09-14,106502,Closed,200000,,0,,,,,,Renovation & Repair,Closed,9be48036-a2f6-4c90-9c3e-08cb4ead724f,,CON 2 SDS PT LOTS 13 AND 14 RP HR105 PARTS 1 AND 4 PT PARTS 2 AND 3,43.469177089399366,-79.6996351873027
12771,2556244,2016 000321 000 00 SA,"New exterior service ramp into basement level of C-wing bldg.
No additional gfa",1430 Trafalgar Road,SA,Secondary School,Alt./Improve,1456876800000,2016-05-12,106502,Closed,,,279,,,,,,Renovation & Repair,Closed,2c2c7db5-e436-4607-93e3-cb191ff40857,,CON 2 SDS PT LOTS 13 AND 14 RP HR105 PARTS 1 AND 4 PT PARTS 2 AND 3,43.469177089399366,-79.6996351873027
12775,2556244,2018 000334 000 00 SA,"Demolition of existing stairs which are connected to the ramp landing in C-wing (3.2 m2) 
No GFA Added",1430 Trafalgar Road,SA,Secondary School,Alt./Improve,1518134400000,2018-04-19,106502,Closed,10000,,3.2,,,,,,Renovation & Repair,Closed,3063ed46-218c-4824-ae2e-d44cad35d0ab,,CON 2 SDS PT LOTS 13 AND 14 RP HR105 PARTS 1 AND 4 PT PARTS 2 AND 3,43.469177089399366,-79.6996351873027
12918,2394412,2022 107677 000 00 CA,Interior renovation to add a new barrier free washroom and new finishes in existing portable. No GFA Added.,2508 Lakeshore Rd W,CA,Office,Alt./Improve,1648771200000,2022-04-21,12528,Issued,40000,,0,,,,,,Renovation & Repair,Permit Issued,2a818e0b-3cfe-4f25-9d0e-d0c19fc4a0c9,,PLAN M11 LOT 91   ,43.392735919181135,-79.71240253342876
13257,2523772,2021 114765 REV 01 DA,"Revision to remove universal hydraulic lifts, update existing edge of dock levelers to pit levelers, upgrade existing pit levelers to hydraulic pit levelers, update to restrooms, update to janitor&apos;s supply closet, update responsibility matrix, update door types, update west break room wall",529 Michigan Dr,DA,Warehousing F2,Alt./Improve,1632960000000,2021-12-07,108994,Closed,0,,4645,,,,,,Renovation & Repair,Closed,5e295747-9288-4de2-bade-8060e86d623e,,PLAN M1135 PT BLK 1 RP 20R20118 PARTS 1 AND 2 RP 20R21518 PART 1,43.388235155731515,-79.740694535537
14711,2554863,2025 103247 REV 01 BDP,"Revision to permit 25-103247 to add exterior door, ramp and grease duct. 
",133 Bronte Road - unit B1-B,BDP,Restaurants (Not more than 30 Persons as Permitted by Article 3.1.2.6),Alteration/repair OR Alteration/finish to an existing building,1749600000000,2025-07-16,115049,Issued,20000,0,0,0,0,No,,,Renovation & Repair,Permit Issued,8ea4e013-5654-4221-a586-6fd33c5ce658,14,PLAN M7 LOT 156 PT LOTS 146 AND 151,43.39505010591252,-79.71262282471864
14978,2490073,2025 132469 000 00 BDP,"Interior alterations to create wheelchair accessibility throughout main floor: convert dining rm to bedroom, new ensuite, move hallway-garage wall and new interior-garage door, widening interior door openings, install vertical lift in garage, raising dining rm floor and replacing patio door with window.  No GFA added.",2942 Caradoc Lane,BDP,House - Part 9 - Detached House,Alteration/repair OR Alteration/finish to an existing building,1768176000000,2026-02-18,46326,Issued,100000,0,0,48,0,,1776384000000,,Renovation & Repair,Permit Issued,e0eb4b8a-4062-4be3-9fee-c6b9a85a67bc,,PLAN M375 LOT 98   ,43.50224266721185,-79.65697810584517
16309,2484095,2017 001368 REV 02 CA,"REVISION 01 - New automatic door opener on door #30, existing partition walls to be removed and sink relocated, size of vestibule revised, doors #3 and #8 were relocated, construct new wall in ladies washroom, and existing columns enclosed in drywall. No GFA added.",2940 Bristol Circle Unit 20,CA,Office,Alt./Improve,1560211200000,2019-06-25,59099,Closed,0,,0,,,,,,Renovation & Repair,Closed,962e22ac-4e4d-49cb-8029-0db207d20b33,,"PLAN M474 PT BLK 19, BLK 20 RP 20R13474 PARTS 1,2,4,5 ",43.50688203254821,-79.6732580446768
16580,2553768,2017 001793 000 00 CA,Installation of elevator in existing lobby of children&apos;s recreational facility (12.05m2).  No additional GFA.,407 Speers Road,CA,Recreational Facility,Alt./Improve,1506384000000,2018-01-18,30435,Closed,80000,,12,,,,,,Renovation & Repair,Closed,81188dd7-6181-4d9f-bc8a-7397f10dffd9,,"CON 3 SDS PT LOT 19 RP 20R4133 PARTS 3,5  ",43.43942000137565,-79.69666670023098
16617,2519776,2024 161091 000 00 CA,"Adding second set of double doors to the elevator lobby of 7th floor of the building (existing business) in order to restrict access to the floor, including magnetic lock/card reader access.  No GFA added.",1315 North Service Rd E,CA,Office Multi-Storey,Alt./Improve,1719446400000,2024-09-03,99014,Closed,48300,,0,,,,,,Renovation & Repair,Closed,b06cecb2-534a-4f33-8aa2-10c726986b12,,"CON 2 SDS PT LOTS 7,8 RP 20R16955 PART 2   ",43.4800269277111,-79.67509016736892
17139,2534313,2022 115243 000 00 DA,Installation of two new overhead doors with two new loading ramps.,1485 Speers Rd,DA,Warehousing F2,Alt./Improve,1657238400000,2022-08-17,19638,Issued,125000,,0,,,,,,Renovation & Repair,Permit Issued,ec5e27d0-78cd-4164-a0ae-8d99710a6783,,CON 3 SDS PT LOT 25   ,43.42081212240119,-79.71646467039768
17518,2481759,2025 128183 000 00 BDP,Construction of a below grade concrete trench with an access ramp and stairs to support Oakville Fire Department Trench Rescue Training.,1144 South Service Road W,BDP,,New Construction,1765411200000,,66996,Resubmission Required,100000,,25,,,,,,New Construction,Permit in Progress,1663584c-21ee-4b5e-ba4e-8c3c1ce8b340,0,CON 3 SDS PT LOT 22 RP 20R7485 PARTS 1 TO 5,43.431189159935364,-79.71037963130274
17526,2481759,2016 000329 000 00 DA,Installation of new foundation for new large vehicle lift equipment for the vehicle repair area of the CENTRAL OPERATIONS BUILDING. No GFA added.,1140 South Service Road W,DA,Bldg over 5000 sqft F2,Alt./Improve,1456963200000,2016-04-05,66997,Closed,20000,,156,,,,,,Renovation & Repair,Closed,69489ee3-631e-49fc-bf39-71c421a18885,,CON 3 SDS PT LOT 22 RP 20R7485 PARTS 1 TO 5,43.431189159935364,-79.71037963130274
17805,2493838,2020 001964 REV 01 CA,"A revision to the base building permit to prepare what was formerly a restaurant space for a retail occupancy (florist).  Changes to ceiling membrane between floor 1 and 2, added fire protection around plumbing shaft, updated barrier free requirements, new hvac and plumbing systems.",335 Kerr St,CA,Shop,Alt./Improve,1675209600000,2023-02-23,26315,Closed,0,,0,,,,,,Renovation & Repair,Closed,53894f02-eed4-4880-99d2-54fd72f3ae38,1,"PLAN 228 LOTS 36,38   ",43.444116000716534,-79.68153258549901
18042,2525805,2023 125794 REV 01 BDP,"REVISION to 23-125794 to include new storage rooms under garage slab, new elevator, window and door alterations, and all exterior stucco revised to brick veneer.  ",249 Burgundy Drive,BDP,House - Part 9 - Detached House,Alteration/repair OR Alteration/finish to an existing building,1742428800000,2025-07-02,42088,Issued,50000,0,0,61.24,0,,,,Renovation & Repair,Permit Issued,13b1c31e-9eae-4b18-be78-6e6adc2b6c5b,,PLAN 604 LOT 22   ,43.461314940091654,-79.66034794147701
18125,2555722,2017 000343 000 00 SA,"Area C: Add 1 new washroom within the existing lounge space. (28.00m2)
House 1: enlarge bathroom, install a shower instead of tub, widen doorway.  No additional GFA.",53 Bond Street,SA,Nursing Home,Alt./Improve,1488499200000,2017-07-27,26028,Closed,25000,,28,,,,,,Renovation & Repair,Closed,df9a65b5-f7c4-425d-a7fa-b1ee7a9b8c6c,,"CON 3 SDS PT LOTS 15,16 RP 20R1712 PART 3 PT CLSD RD ALLCE BETWEEN 15 & 16 ",43.4433900970906,-79.67767210355208
18600,2544690,2019 001404 000 00 CA,Proposed alterations to existing building to include: Interior alterations to existing warehouse area to convert a portion into new offices (852m2) and new mezzanine area of  (224m2). Exterior alterations to include stairs and ramp. &quot;Alternawork Inc&quot;,2115 South Service Road W,CA,Office,Alt./Improve,1565740800000,2019-11-29,60967,Closed,2513000,,5026.8,,,,,,Renovation & Repair,Closed,4506da18-13bd-42ff-af20-dc864b662689,,PLAN 884 PT BLK B C RP 20R6587 PARTS 1-6  ,43.42053780300735,-79.72607409826104
18602,2544690,2019 001404 REV 01 CA,"REVISION:  additional office area on second floor, updated demising walls, revised washroom layouts, revised RTU locations, lighting changes, revised footings for ramp and stairs, remove exit stair.  No GFA added.",2115 South Service Oakville,CA,Office,Alt./Improve,1595548800000,2020-12-16,60967,Closed,500000,,0,,,,,,Renovation & Repair,Closed,778dcba7-42bd-42e6-9778-eb7a13a85012,,PLAN 884 PT BLK B C RP 20R6587 PARTS 1-6  ,43.42053780300735,-79.72607409826104
18802,2516002,2024 157262 000 00 MS,Retaining wall repair at rear driveway ramp.  No GFA added.,2110 Lakeshore Rd W,MS,Retaining / Sound Wall,Alt./Improve,1714694400000,2024-07-02,10425,Issued,80000,,73.9,,,,,,Renovation & Repair,Permit Issued,f6c947de-4f30-4f1b-b04b-f4fdb466368f,,HALT CONDO PLAN 95 LEVEL 1 UNIT 1  ,43.40226884319083,-79.70152095593949
19150,2487307,2015 001661 000 00 DA,"Addition of demising wall to create additional unit (4.51m2), addition of front entrance doors (.58m2), overhead door and loading ramp (95.13m2) and washroom rough-ins (11.83m2).  Shell only.  No GFA added.",2600 Bristol Circle Unit A2,DA,Warehousing F2,Alt./Improve,1441324800000,2015-11-05,59077,Closed,70622.62,,112.86,,,,,,Renovation & Repair,Closed,697b7a6c-4b22-490f-8171-8283b8aa2f78,,"PLAN M514 PT BLK 2 20R11710 PARTS 5,6,13 14  ",43.514064093403285,-79.68654665288454
19435,2556192,2024 157098 000 00 CA,"Alteration to a shell building to construct demising wall to create units 1-2 (combined) and unit 3. Addition of one loading door and dock ramp to north elevation of building. Demolition of exterior wall, glazing, concrete and asphalt to facilitate the alteration.  No GFA added.",3421 Superior Crt,CA,Office,Alt./Improve,1714435200000,2024-07-12,104617,Closed,1615000,,59.23,,,,,,Renovation & Repair,Closed,718e6af7-3a56-4cab-aad6-dccfa16191d1,,"CON 3 SDS PT LOT 35 RP 20R18080 PARTS 1, 2, 6, 7, 12 AND 13",43.39028139672717,-79.7462561534527
20061,2552569,2012 000911 REV 01 CA,REVISION:  Upgrades/alterations to meet SB-10 and barrier free requirements.  No GFA added.,"3515 Rebecca St Unit Bldg ""F""",CA,Plaza,Alt./Improve,1466035200000,2016-08-05,103803,Revoked,195760,,0,,,,,,Renovation & Repair,Revoked,a4e19434-df09-4f66-b98f-95bd9768adf7,,PLAN M1084 BLK 1,43.383011590105355,-79.7380189538655
20064,2552569,2012 000910 REV 01 CA,REVISION:  Upgrades/alterations to meet SB-10 and barrier free requirements.  No GFA added.,"3525 Rebecca St Unit Bldg ""E""",CA,Plaza,Alt./Improve,1466035200000,2016-08-05,103897,Revoked,195740,,0,,,,,,Renovation & Repair,Revoked,b56d4ffb-3707-4656-bae3-235f763fc00e,,"PLAN M1084 BLK 1 RP 20R19074 PARTS 1, 2 AND 3",43.383011590105355,-79.7380189538655
20075,2552569,2022 125762 REV 01 CN,"REVISION to 22-125762 for Unit A:  work to prepare for future tenant.    1. Adding 2nd floor level, elevator, and exit stairs    2. To adjust the location of the ground floor north exterior wall to provide covered outdoor area as required by ground floor tenant.   ",3535 Rebecca St,CN,Multi-Use/Multi-Storey D,Addition,1708041600000,2025-02-19,103898,Closed,500000,,420.54,,,,,,Addition,Closed,83f8316e-d9d4-42a6-b257-0e4acbbcce55,2,"PLAN M1084 BLK 1 RP 20R19074 PARTS 1, 2 AND 3",43.383011590105355,-79.7380189538655
20080,2552569,2012 000759 REV 01 CA,"REVISION:  Upgrades/alterations to meet SB-10 and barrier free requirements and revision to building footprint.  Shell permit for Unit C2 to be under separate permit, tenant fit outs to be under separate permits.  No GFA added.","3535 Rebecca St  Unit A, B, C1",CA,Plaza,Alt./Improve,1473292800000,,103898,Cancelled,260000,,6388.7,,,,,,Renovation & Repair,Cancelled,2334c3dd-5f14-49e7-bad2-f1e6cfd4206e,,"PLAN M1084 BLK 1 RP 20R19074 PARTS 1, 2 AND 3",43.383011590105355,-79.7380189538655
20081,2552569,2012 000759 REV 02 CA,"REVISION:  Upgrades/alterations to meet SB-10 and barrier free requirements and revision to building footprint.  Shell permit for Units A, B, C1 to be under separate permit, tenant fit outs to be under separate permits.  No GFA added.",3535 Rebecca St  Unit C2,CA,Plaza,Alt./Improve,1473897600000,,103898,Cancelled,812000,,2360,,,,,,Renovation & Repair,Cancelled,f8739c4b-b99f-488f-ba96-8bcd9f1d47b6,,"PLAN M1084 BLK 1 RP 20R19074 PARTS 1, 2 AND 3",43.383011590105355,-79.7380189538655
20084,2552569,2012 000909 REV 01 CA,REVISION:  Upgrades/alterations to meet SB-10 and barrier free requirements.  No GFA added.,"3545 Rebecca St Unit Bldg ""D""",CA,Plaza,Alt./Improve,1466035200000,2016-08-05,103899,Revoked,320000,,0,,,,,,Renovation & Repair,Revoked,7e8c9eb4-e0f4-492f-9461-533d41e53c1b,,"PLAN M1084 BLK 1 RP 20R19074 PARTS 1, 2 AND 3",43.383011590105355,-79.7380189538655
20129,2543955,2023 103951 000 00 CA,"New Entrance Canopy, New Garage Door &amp; Canopy, Replace Ramp &amp; Stairs, New exterior Garbage Enclosure.",243 Speers Rd,CA,Warehouse F2,Alt./Improve,1678060800000,2023-11-13,120237,Issued,50000,,59.5,,,,,,Renovation & Repair,Permit Issued,d29c4aa4-8804-4aec-bd6c-0ee39b3a4792,,TRAFALGAR CON 3 SDS PT LOT 17 PLAN 750 PT LOTS 1 TO 3 RP 20R19329 PART 2 RP 20R4125 PART 1,43.44363133332013,-79.69096283769298
20236,2516764,2020 000316 000 00 SA,Proposed removal of existing radiant heating equipment and associated piping. Installation of new unit ventilators and associated piping. Remove existing stairs in corridor and construct new barrier free ramps and stairs. No GFA added - OAKWOOD PUBLIC SCHOOL,357 Bartos L7R3Z2,SA,Elementary School,Alt./Improve,1580860800000,2020-06-15,27505,Closed,479500,,959.28,,,,,,Renovation & Repair,Closed,2190f239-b129-4260-b144-9049e9d09110,,CON 3 SDS PT LOT 15   ,43.44739091228677,-79.68353741432688
20410,2553460,2016 000700 000 00 SA,"Interior alterations to existing elementary school washrooms to barrier free, air conditioning upgrades, interior finishes and lighting. (447.00m2). FALGARWOOD PUBLIC SCHOOL. No new GFA.",1385 Gainsborough Drive,SA,Elementary School,Alt./Improve,1461542400000,2016-07-04,50232,Closed,500000,,447,,,,,,Renovation & Repair,Closed,b8d4bc70-40d4-47df-9078-a98d6c5a8ea6,,PLAN 995 BLK C   ,43.479103025000455,-79.68354061235016
21430,2483727,2021 114771 000 00 SA,Installation of barrier free door operators on exterior doors.   Installation of maglocks on corridor doors.  Alterations to the  Special Education Room Kitchen and provide new Sensory Room.  Revise storage closet to create new Universal Washroom.  Remove existing concrete pads and install new barrier free access ramps.  No GFA added.,PORTAL - 1641 Heritage Way,SA,Elementary School,Alt./Improve,1622678400000,2021-07-29,55243,Issued,250000,,0,,,,,,Renovation & Repair,Permit Issued,b3dd65b3-4cb3-442f-99bf-ed319b6a8c13,,PLAN M484 BLK 139   ,43.431782083098106,-79.74198497453374
21498,2553679,2025 116724 000 00 BDP,"Tenant fit out for basketball courts, training facility c/w two full size basketball courts, 6 smaller practice courts, 6 interactive training centres, offices, barrier free washroom, male/female washrooms, reception desk &ndash; units 8-10.  No GFA added.",89 Loyalist Trail,BDP,Gymnasia (Athletic),Alteration/repair OR Alteration/finish to an existing building,1752019200000,2025-11-19,121065,Issued,500000,,0,,,,,,Renovation & Repair,Permit Issued,e85d9c51-69bc-4099-b705-d87aabe68069,,PLAN M1221 PT BLK 152,43.4984251399077,-79.74647879168872
21805,2556196,2025 107318 REV 01 BDP,"Revision to permit - To remove garage elevator and underground parking, remove west side front addition, redesign second floor washroom. Addition in rear yard and interior alterations to all floors and revised HVAC design.",37 Colonial Crescent,BDP,House - Part 9 - Detached House,Addition to an existing building,1762214400000,2025-12-17,41456,Closed,0,0,214,727,0,No,,,Addition,Closed,51cf0cfd-0f7e-4aeb-945b-028a78253a4c,2,PLAN 343 LOT 9   ,43.45984454117917,-79.64890353651909
21973,2523360,2014 002715 REV 01 CA,"Revision to permit: Changes to HVAC, relocation of washrooms, removal of office partitions and construction of new wall, revision to outdoor ramps as per SK dwgs and removal of exit at gridline 5D
No GFA added.",886 Sinclair Road Unit 1 to 5,CA,Recreational Facility,Alt./Improve,1440720000000,2015-12-09,32892,Closed,0,,0,,,,,,Renovation & Repair,Closed,c98601b0-46b0-48f3-a223-bc376104757a,,PLAN 949 PT BLK D RP 20R9163 PARTS 1 TO 5  ,43.44698930871635,-79.69781462331966
22072,2485449,2016 002706 000 00 CA,Interior alterations to existing space to create universal washroom including installation of automatic door openers.  No mechanical work proposed (13m2).  CRACK POT POTTERY STUDIO. No additional GFA.,301 Robinson Street,CA,Shop,Alt./Improve,1481241600000,2017-03-03,38915,Closed,30000,,13,,,,,,Renovation & Repair,Closed,a5674b49-a289-4837-b218-bf48540cf166,,"PLAN 1 BLK 27 PT LOTS E,F   ",43.44762631192554,-79.665280256844
22209,2505532,2023 137166 000 00 SA,"Replace building entrance ramp, stairs, and parking lot curbs &ndash; Faith Baptish Church.  No GFA added.",1415 Trafalgar Rd,SA,Place of Worship,Alt./Improve,1702512000000,2024-04-24,543,Closed,250000,,0,,,,,,Renovation & Repair,Closed,d8a96340-53b1-4b52-bebc-d18860f8f343,,CON 2 SDS PT LOT 12 RP 20R5006 PART 1  ,43.47207691973909,-79.69658485115689
22482,2492385,2022 116594 000 00 CA,Interior alteration for tenant fit-out &quot;EXP Realty brokerage&quot; with reception area. Handicap accessible washroom ,85 Burnhamthorpe Rd E,CA,Office,Alt./Improve,1662422400000,2022-10-31,117789,Closed,60000,,0,,,,,,Renovation & Repair,Closed,28ff05e0-bb92-4db8-bfde-5c00fbc0a447,,"PLAN M1221 PT BLK 126 RP 20R21811 PARTS 11,12,13",43.49557118597767,-79.74535264797987
22690,2522473,2023 114253 REV 01 BDP,"Revision to Permit # 23-114253, including changes to HVAC system, interior layout on second floor, addition of elevator, and new window locations in basement and location of basement walkup door. No GFA added. ",396 Winston Road,BDP,House - Part 9 - Detached House,New Construction,1756857600000,2025-09-26,6610,Issued,5000,0,0,0,0,Yes,,,New Construction,Permit Issued,5742c8bd-921f-46de-af02-76067225cd1b,2,PLAN 579 LOT 29   ,43.424732209695044,-79.69683695388412
23405,2539282,2026 004730 000 00 BDP,Adding an elevator in an existing two-storey personal service building.  No GFA added.,388 Speers Road,BDP,Offices (Business),Alteration/repair OR Alteration/finish to an existing building,1773187200000,,30565,Resubmission Under Review,20000,,0,,,,,,Renovation & Repair,Permit in Progress,c8110e4b-6a35-43b5-b21c-d25c4b0af1e4,,PLAN 835 PT BLK A RP 20R4179 PART 1  ,43.43930275259564,-79.69416433738074
23415,2529786,2025 109326 000 00 BDP,"Interior renovations of existing washroom, enlargement of existing elevator, and adding a new elevator &ndash; T.A. Blakelock Secondary School.  No GFA added.",1160 Rebecca Street,BDP,"Schools, Secondary",Alteration/repair OR Alteration/finish to an existing building,1744761600000,2025-05-15,6241,Issued,750000,,0,,,,,,Renovation & Repair,Permit Issued,6a083ab3-31d0-495c-909f-8ee3962a1b78,,CON 4 SDS PT LOT 22   ,43.419283723041076,-79.69390228783394
23932,2545104,2023 126333 000 00 DA,"Tenant fit-out to create space for warehouse/office facility for &quot;Snuggle Bugz&quot;. New power door operators at main entry, new universal washroom, demolition of existing warehouse offices, new storage rooms, bicycle rack, bf parking spaces, new rack configuration, updated sprinkler design. No GFA added",2160 South Service Rd W,DA,Bldg over 5000 sqft F2,Alt./Improve,1698796800000,2024-01-29,52991,Issued,500000,,0,,,,,,Renovation & Repair,Permit Issued,2624f647-d831-4176-b210-319e2041e599,,"PLAN 844 PT BLKS C,D RP 20R7562 PARTS 10,11 RP 20R9014 PARTS 2,16 RP 20R10456 PART 1",43.41894134492244,-79.72853740687205
23956,2492409,2024 138295 000 00 DA,"Oakville Water Purification Plant &ndash; structural modifications and concrete repairs to the Low Lift Pump Stn and High Lift Pump Stn, new Electrical Room in existing building; installation of new high lift pump, and a new Laboratory space in existing water treatment plant.  No GFA added.",21 Kerr St,DA,Bldg. 5000 sqft or less F3,Alt./Improve,1705276800000,2024-04-02,25489,Issued,3270000,,0,,,,,,Renovation & Repair,Permit Issued,8942a2ca-6953-4c3f-bd70-53c876cb95cf,,"PLAN 1 BLK 74 RP 20R6644 PARTS 2,3,5,7,8, 9,11,12 ",43.4384608751892,-79.67173055619635
23958,2492409,2023 138285 000 00 MS,"Installation of solar panels in the Oakville Water Treatment facility on the High Lift Pump Station (roof &lsquo;G&rsquo;), the Gravity Thickener bldg. (roof &lsquo;C&rsquo;) and the Filter bldg. (roof &lsquo;F&rsquo;).  No GFA added.",21 Kerr St,MS,Solar Collector,New Const.,1702252800000,2024-03-15,25489,Issued,3270000,,930,,,,,,New Construction,Permit Issued,eb909f64-a0b4-452d-b6fb-85be1bbd6810,,"PLAN 1 BLK 74 RP 20R6644 PARTS 2,3,5,7,8, 9,11,12 ",43.4384608751892,-79.67173055619635
24231,2478594,2023 153219 000 00 CA,Work includes localized concrete repairs and waterproofing repairs for the entire parking garage including waterproofing repairs to the elevator shaft/pit structure. ,300 Church St,CA,Parking Garage,Alt./Improve,1701302400000,2024-01-05,39307,Closed,2700000,,0,,,,,,Renovation & Repair,Closed,19e01bd1-4b9f-45a8-8e45-eb45afb923e3,,"PLAN 1 BLK 26 LOTS B,C PT LOT A  ",43.44820478763201,-79.66653982673466
24381,2508408,2018 001810 000 00 CA,Interior alterations to ground level (122.39 m2) and second level (62.43 m2). Rebuilding of enclosed foyer + front steps. Removal of rear foyer - to be replaced with wood deck + steps and wheelchair lift. Alterations to ground level window openings. ,135 Brant Street,CA,Office,Alt./Improve,1542931200000,2019-03-15,28585,Closed,275000,,184.82,,,,,,Renovation & Repair,Closed,05fdc12a-feba-4e2b-96e4-fb3273c0a6ce,,PLAN 1 BLK 60 PT LOT 8   ,43.439918447903594,-79.6767309266732
24405,2552682,2020 000002 000 00 CN,Addition of a accessibility ramp for access to rear of building for a indoor dog kennel. No GFA Added,3521 Regional 25 L6J4Z3,CN,Shop,Addition,1577923200000,2020-02-15,5902,Issued,10000,,24,,,,,,Addition,Permit Issued,9b9a56cb-15ee-490e-baa6-3253c51db293,,CON 1 NDS PT LOT 30   ,43.448740881743674,-79.79372387712178
24981,2477496,2024 109994 REV 01 SA,Revision to 24-109994. Revision to changerooms and washroom areas. Addition of non-load bearing walls and lintels for the widened doors. Changes to lighting and door operators.,1415 Third Line,SA,Rink,Alt./Improve,1738195200000,2025-02-26,56046,Issued,0,,0,,,,,,Renovation & Repair,Permit Issued,de252436-3cfe-4963-8c25-5b5657a029bf,,PLAN M477 BLK 4   ,43.43699198653089,-79.73903963377028
24982,2477496,2024 109994 000 00 SA,"Renovation to include replacement of concrete rink slab, alterations in changerooms to include barrier-free washrooms and doors; sliding door and roll-up door installation; mezzanine guard rail modification; replacement of roof top unit; and material finishes upgrade - Glen Abbey Community Centre.  No GFA added.",1415 Third Line,SA,Rink,Alt./Improve,1714348800000,2024-09-13,56046,Issued,2000000,,0,,,,,,Renovation & Repair,Permit Issued,89daf7b3-8055-4509-99a2-b183fbf8ded9,,PLAN M477 BLK 4   ,43.43699198653089,-79.73903963377028
25272,2523211,2019 001686 000 00 DA,installation of new elevator shaft from first to second floor - POST SCRIPTUM HOLDINGS LTD,874 Sinclair L6K2Y1,DA,Warehousing F2,Alt./Improve,1569456000000,,32880,Cancelled,150000,,20,,,,,,Renovation & Repair,Cancelled,d77ea80a-74f2-4fe3-82fa-b97945dc4c87,,"PLAN 949 PT BLK D 43R 20 -2- 7606 PT 1,2,4,6  ",43.44639442639428,-79.69699243791378
25508,2534699,2023 106583 REV 01 BDP,REVISION of 23-106583 to include the relocation of the main floor office to basement replaced with second kitchen; Bsmt Laundry room replaced the Bsmt Bdrm #2; Second floor relocation of plumbing fixtures and closets throughout; and Laundry closet room added next to Primary Bdrm. Proposed elevator. No GFA added.,152 Third Line,BDP,House - Part 9 - Detached House,Alteration/repair OR Alteration/finish to an existing building,1774483200000,,119585,Resubmission Required,0,0,0,14,0,,,,Renovation & Repair,Permit in Progress,262078d2-cbf0-4f00-928a-4cb520695fbf,,CON 4 SDS PT LOT 26 RP 20R21231 PART 2,43.40668436647033,-79.70153823702195
26042,2543453,2017 002126 000 00 CA,Install maglocks on 5th elevator lobby double doors and connect to an existing maglock power supply/control system for emergency release on fire alarm. No GFA  added.,2201 Bristol Circle,CA,Office,Alt./Improve,1509580800000,2017-11-21,108760,Closed,6000,,0,,,,,,Renovation & Repair,Closed,c73dd021-c253-49ee-888f-accb4099605c,,"PLAN M467 PT BLK 1 RP 20R19928 PARTS 1, 3 AND 9 ",43.51400979471753,-79.67143838730411
26139,2552886,2024 206864 000 00 FR,Installation of new smoke detectors and control relays for CSA B44 emergency elevator recall functions.  No GFA added.,586 Argus Rd,FR,Office Multi-Storey,Fire Retrofit,1722297600000,2024-08-28,53349,Issued,27225,,200,,,,,,Renovation & Repair,Permit Issued,81ca709f-9939-44cd-81b8-8c29b5d6d67f,,CON 3 SDS PT LOT 14 PLAN 1333 LOT 4 ,43.45715929538519,-79.68614145545338
26325,2497710,2016 000702 000 00 SA,"Interior alterations to existing elementary school for barrier free washrooms, interior finishes, lighting and life safety upgrades. (180.00m2). GLADYS SPEERS PUBLIC SCHOOL. No new GFA.",2150 Samway Road,SA,Elementary School,Alt./Improve,1461542400000,2016-07-08,11731,Closed,400000,,180,,,,,,Renovation & Repair,Closed,135bc5c2-e384-4801-9e88-ff632c7d19d0,,CON 3 SDS PT LOT 27   ,43.40959464561739,-79.71484009187365
26558,2503837,2020 001547 000 00 SN,"Addition of a mezzanine to third floor, addition of elevator and interior alterations to first and second floors. ",1177 Invicta L6K4M1,SN,Place of Worship,Addition,1600905600000,2021-06-25,50488,Closed,700000,,242.59,,,,,,Addition,Closed,d22ec081-9f5e-4804-aee4-d395a16a733c,,"CON 2 SDS PT LOT 9 RP 20R6478 PARTS 4,7  ",43.476104929379,-79.67610094697653
26672,2521689,2025 119331 000 00 BDP,"Interior alteration for new office layout, replace part existing floor, underpin part basement and add a elevator. No GFA added.",217 Lakeshore Road E,BDP,Offices (Business),Alteration/repair OR Alteration/finish to an existing building,1757635200000,2025-12-03,24638,Issued,1000000,,0,,,,,,Renovation & Repair,Permit Issued,294b8418-fe57-43d8-83d6-c5e9f707ffa8,,"PLAN 1 BLK 7 PT LOTS B,E   ",43.446229267208864,-79.6681519125267
27288,2479169,2018 000870 000 00 CA,Renovation of partial ground floor level (1033.56m2) of existing two storey Town of Oakville building. Remove existing interior partitions and construct new interior partitions. Replace existing fixtures and upgrade mechanical with construction of a new barrier free washroom. No GFA added.,193 Church Street,CA,Office,Alt./Improve,1527120000000,2018-07-24,24858,Revoked,516780,,1033.56,,,,,,Renovation & Repair,Revoked,66eeb876-1ad6-4c1a-a4d2-727cce4dbae5,,"PLAN 1 BLK 2 LOTS C,F PT LOTS B,E  ",43.44620328832479,-79.66973886813439
28213,2502765,2025 112307 000 00 BDP,Interior alterations to install an elevator. Elevator to service the main and second floor levels only. No GFA added.,2349 Belyea Street,BDP,House - Part 9 - Detached House,Alteration/repair OR Alteration/finish to an existing building,1748995200000,2025-06-13,104728,Closed,60000,0,0,6,0,,1765929600000,,Renovation & Repair,Closed,f0f7a5e5-4100-43d0-84b6-f88c0a76ca18,,PLAN M7 PT LOT 41 RP 20R19295 PART 2   ,43.39879811531511,-79.71176859616064
28561,2557189,2025 130812 000 00 BDP,"Construction of a new two-storey service addition, including a service stair, service elevator, electrical room, and exit corridor - Oakville Golf Club.",1154 Sixth Line,BDP,"Licensed Clubs, Lodges",Addition to an existing building,1765670400000,2026-05-25,38432,Issued,950000,,56.8,,,,,,Addition,Permit Issued,4093d04e-e606-4b32-ad54-287aa195c762,2,PLAN 174 LOT 41 PT LOT 40   ,43.45614663309308,-79.70154662806996
28988,2552560,2026 011805 000 00 BDP,Interior alteration to provide an opening between Units 5 and 6 with a ramp. No change of use. No GFA added.,504 Iroquois Shore Road Unit 5,BDP,Offices (Business),Alteration/repair OR Alteration/finish to an existing building,1779667200000,,62092,Under Review,20000,,0,,,,,,Renovation & Repair,Permit in Progress,15b85b4d-cf5d-447c-b539-4170b4424835,,HALT CONDO PLAN 180 LEVEL 1 UNIT 8  ,43.46842192266714,-79.67996698402598
29277,2527567,2022 110081 000 00 CA,Landlord&apos;s work to Demolish and bring down to shell space. Removal of two partition walls to combine three(3) units to one(1). Construction of a new vestibule and addition of a double door. Removal of existing loading overhead door. dock equipment and scissor&apos;s lift. Addition of new rear loading double door and concrete pad. Replace existing roof top units and electrical services for future DOLLARAMA. No GFA Added,511 Maple Grove Dr,CA,Store,Alt./Improve,1653436800000,2022-07-15,43591,Closed,350000,,0,,,,,,Renovation & Repair,Closed,f9949352-97bd-4c38-898b-f6d7759a08e0,,"CON 3 SDS PT LOT 5 PLAN 626 LOTS 88 TO 99 LOT 100 PT BLK A RP 20R7136 PARTS 1,2,3",43.48037700129463,-79.65586967497849
29285,2527567,2020 001434 000 00 CN,"Interior and exterior renovations to Sobey&apos;s supermarket.  Interior renovations include entire ground floor and mezzanine areas.  Exterior storefront to be removed with new entrance, curtain wall, entrance ramp, RTUs and canopy.  No GFA added.",511 Maple Grove L6J 6X8,CN,Supermarket,Addition,1596067200000,,43591,Letter Issued,2463500,,4754.26,,,,,,Addition,Permit in Progress,ea53ebb6-9dea-4719-a1c7-36b0decca032,,"CON 3 SDS PT LOT 5 PLAN 626 LOTS 88 TO 99 LOT 100 PT BLK A RP 20R7136 PARTS 1,2,3",43.48037700129463,-79.65586967497849
29465,2556369,2025 117521 000 00 BDP,"Interior alterations to include installing an elevator, finish basement, renovation to main floor and second floor. Exterior renovation to include replace rear single door to double door. ",139 Innville Crescent,BDP,House - Part 9 - Detached House,Alteration/repair OR Alteration/finish to an existing building,1752537600000,2025-08-05,100448,Issued,92530,0,0,185.06,0,,,,Renovation & Repair,Permit Issued,d4024452-04d7-46f5-9b1a-2222c97fc7ce,,PLAN M1016 LOT 99 ,43.38392065430595,-79.72286568375395
29579,2553538,2017 002039 000 00 CA,UNITS 2A/2B:  Construct a new demising wall for future tenants and install 2 barrier free washrooms.  No additional GFA.,330 Dundas Street E,CA,Office,Alt./Improve,1508716800000,2017-11-29,67784,Closed,40000,,0,,,,,,Renovation & Repair,Closed,b605fa0f-11ef-4a44-82dd-e495ffb5338a,,"CON 1 SDS PT LOT 12 RP 20R13538 PARTS 1,2,3",43.487487924747505,-79.71827262996638
29790,2495412,2016 000672 000 00 SN,Addition of wheelchair ramp to existing church on west side of building.  No GFA added.,2521 Dundas Street W,SN,Place of Worship,Addition,1461024000000,2016-06-14,5852,Closed,12000,,0,,,,,,Addition,Closed,d985d87d-8151-46ee-9eca-75543f149d29,,CON 1 NDS PT LOT 30   ,43.43656925261501,-79.7765159000362
29863,2499013,2016 000979 000 00 RS,Installation of new glass guards and stainless steel railings and handrail to existing walkout. No additional GFA. ,2051 White Dove Circle,RS,Other Secondary Structure,Alt./Improve,1465344000000,2016-06-21,64617,Closed,5028.5,,0,,,No,,,Renovation & Repair,Closed,3f358749-94a2-4369-9f26-ed45c7f66a19,,PLAN M658 PT BLK 44 RP 20R12724 PART 11,43.43992259432314,-79.74481741771737
29911,2476682,2020 001459 000 00 SN,"Construction of accessible porch and doorways, replacement of wood landing and stairs.  Interior alterations on all floors.  No GFA added.",114 King L6J1B1,SN,Museum,Addition,1603843200000,2021-02-10,24894,Closed,1800000,,191.5,,,,,,Addition,Closed,98df7607-ff3a-42b5-bf8e-9af6806c6cf8,2,PLAN 1 LOT 2,43.44200399854412,-79.66768357880018
30611,2517869,2025 122826 000 00 BDP,"Interior alterations include constructing a raised wood platform deck in the garage to accommodate a vertical platform lift, raising the existing mudroom floor to be flush with the main floor, and creating a bedroom with an ensuite bathroom to meet accessibility needs",1421 Sandpiper Road,BDP,House - Part 9 - Detached House,Alteration/repair OR Alteration/finish to an existing building,1757894400000,2025-09-18,64510,Closed,30000,0,0,0,0,,1760486400000,,Renovation & Repair,Closed,f6e89fdd-85ac-4009-b36c-f548581ad6dd,,PLAN M688 LOT 177,43.44217926775592,-79.7420894580698
30818,2485368,2019 000844 000 00 SA,"Interior alterations to existing church - Addition of an elevator for Barrier free accessibility, relocate interior stair and addition of two metal stairs outside (900 m2) No GFA Added",250 Lakeshore Road E,SA,Place of Worship,Alt./Improve,1559001600000,2019-09-09,24698,Closed,450000,,900,,,,,,Renovation & Repair,Closed,9340446f-15bb-4a86-941d-23a532a82640,,PLAN 1 BLK 12 LOT A LOT D   ,43.446496631654064,-79.66673706287298
30846,2515279,2026 007526 000 00 BDP,"To add fire alarm field detection devices and control relays to existing fire alarm control panel to permit intelligent elevator recall (elevator modernization), as per CSA-B44",1235 North Service Road W,BDP,Offices (Business),Alteration/repair OR Alteration/finish to an existing building,1775088000000,2026-04-23,18697,Issued,33770.8,,0,,,,,,Renovation & Repair,Permit Issued,2ea23807-2f5b-44e2-8402-64194dda3737,,PLAN M246 BLK 10   ,43.43348847755228,-79.71758525260582
30848,2515279,2021 124048 000 00 CA,"Interior alterations to elevator lobby and public corridor on 3rd floor of existing office building. No GFA added.

Permit revoked March 8/23 - AP",1235 North Service Rd W,CA,Office Multi-Storey,Alt./Improve,1629936000000,2021-09-15,18697,Revoked,37250,,0,,,,,,Renovation & Repair,Revoked,48819d90-368d-4d4c-8bd4-e60c1346dc3f,,PLAN M246 BLK 10   ,43.43348847755228,-79.71758525260582
31579,2532925,2025 112539 000 00 BDP,"Construction of a new 2-storey single-family residence with front &amp; rear covered porches, elevator, attached 2-car garage and finished walk-out basement with rooms under the garage &amp; rear porch. ",1574 Old Lakeshore Road,BDP,House - Part 9 - Detached House,New Construction,1750636800000,2025-09-12,6224,Issued,3440000,0,602.64,358.19,0,Yes,1759795200000,,New Construction,Permit Issued,0d9f6ecb-26cd-4f25-a999-3f0f0944e501,2,CON 4 SDS PT LOT 25 RP 20R3003 PART 4  ,43.40452490187173,-79.69574502984155
32131,2513885,2015 002420 REV 01 CA,REVISION TO PERMIT: Corridor revision and new barrier free washroom.  No additional GFA.,2401 Bristol Circle Unit 102 & 103,CA,Office,Alt./Improve,1459987200000,2016-05-31,58787,Closed,0,,0,,,,,,Renovation & Repair,Closed,2243bc5e-6ee5-45d2-96f8-e24872f58c6a,,"PLAN M500 PT BLK 1 RP 20R11095 PARTS 2,3,6,7",43.51951050947492,-79.67841704672007
32187,2482104,2023 115123 000 00 SA,Addition of 16 wave door sensors and power door operators to existing doors. Widening of two existing doors. &ndash; Joshua&rsquo;s Creek Arenas.  No GFA added. ,1663 North Service Rd E,SA,Arena,Alt./Improve,1688083200000,,108992,Cancelled,90000,,0,,,,,,Renovation & Repair,Cancelled,2f8d8218-4108-40e7-859d-d46517f332be,,CON 2 SDS PT LOT 6 RP 20R20103 PARTS 1 AND 2,43.49194139159562,-79.67566668313869
32325,2521337,2025 104459 000 00 BDP,"Construction of second storey addition to accommodate new elevator. 
",41 Arbour Drive,BDP,House - Part 9 - Detached House,Addition to an existing building,1741132800000,2025-04-08,41343,Issued,30000,0,9.83,9.83,0,Yes,1750118400000,,Addition,Permit Issued,781f6dd8-1028-42a8-a001-f5da1047ac76,2,PLAN 557 LOT 8   ,43.47264093515079,-79.63544355084085
32985,53,2016 002106 REV 02 CA,REVISION:  fire rating of third floor slab at duct penetration; install structural steel to reinforce floor opening for freight lift.  No additional GFA.  Build out approx. 334.45m2 of shell area to new office space.,1 The Canadian Road,CA,Office,Alt./Improve,1511222400000,2018-07-20,432,Closed,95000,,0,,,,,,Renovation & Repair,Closed,b365b7c8-7c94-44ab-8ca6-954e35f0252d,,CON 2 SDS PT LOTS 5 TO 9   ,,
33044,1046,2017 001677 000 00 CA,Installation of a one stop lift enclosure within existing office (1.95 m2). No GFA added.,2568 Bristol Circle,CA,Office,Alt./Improve,1505088000000,2017-09-15,797,Closed,50000,,1.95,,,,,,Renovation & Repair,Closed,8de320b5-def0-4ed9-b352-6c3d364f98e0,,"PLAN M492 PT BLK 2 RP 20R9192 PARTS 24-26,54-56 RP 20R12535 PARTS 2,4",,
33067,1312,2022 111835 000 00 SN,"Re-location of the existing portable modular library facility (Oakville Public Library - Sixteen Mile Branch), from 3070 Neyagawa Blvd to 3250 Neyagawa Blvd. Formation of exterior stair and ramp structure will be revised to suite grades at new location.",3250 Neyagawa Blvd,SN,Library,New Const.,1654646400000,2022-08-18,3215,Issued,650000,,469,,,,,,New Construction,Permit Issued,56326412-15f7-4ce9-b5ea-a62bf2f735c0,,CON 1 NDS  PT LOT 21,,
33099,1384,2016 001304 000 00 RS,Construction of attached deck and ramp to replace existing.  No GFA added.,320 Rimmington Drive,RS,Deck,New Const.,1469491200000,2016-08-11,4859,Closed,20000,,0,,,Yes,,,New Construction,Closed,656b9ca7-ffc2-4952-bfcb-efb5763f44ed,,"PLAN M310 BLKS 120,121,122, 124  ",,
33100,1385,2016 001305 000 00 RS,Construction of attached deck and ramp to replace existing.  No GFA added.,324 Rimmington Dr,RS,Deck,New Const.,1469491200000,2016-08-11,4860,Closed,20000,,0,,,Yes,,,New Construction,Closed,cbe4bf9b-d14a-458a-a854-bee5b2a4d8b4,,"PLAN M310 BLKS 120,121,122, 124  ",,
33101,1386,2016 001306 000 00 RS,Construction of attached deck and ramp to replace existing.  No GFA added.,348 Rimmington Dr,RS,Deck,New Const.,1469491200000,2016-08-11,4871,Closed,20000,,0,,,Yes,,,New Construction,Closed,24ba15db-ef5d-4a26-9247-6003af7669ba,,"PLAN M310 BLKS 120,121,122, 124  ",,
33102,1387,2016 001307 000 00 RS,Construction of attached deck and ramp to replace existing.  No GFA added.,352 Rimmington Dr,RS,Deck,New Const.,1469491200000,2016-08-11,4872,Closed,20000,,0,,,Yes,,,New Construction,Closed,2b2a9340-582b-43f6-b03d-cad690c59bb7,,"PLAN M310 BLKS 120,121,122, 124  ",,
33127,1578,2014 001654 REV 02 SA,"REVISION:  to suit on site conditions (additional storage room in basement, eliminate stairs in basement of relocated church, changes to mechanical and electrical room, addition of elevator mechanical room).  25m2.  No additional GFA added.",3114 Dundas Street W,SA,Place of Worship,Alt./Improve,1483401600000,2017-02-21,6007,Closed,6500,,25,,,,,,Renovation & Repair,Closed,0e01c8d4-faf2-4d83-91d7-e8ed490364da,,CON 1 SDS PT LOT 32   ,,
33149,2002,2021 135105 000 00 MS,Erection of a temporary single accessible washroom unit (Natures Call BMEC General Layout accessible washroom). Self contained non-potable water supply. Unit is on weekly cleaning and service. ,1297 Dundas St E,MS,Trailer / Office,New Const.,1641427200000,2022-02-08,1026,Issued,1000,,8.54,,,,,,New Construction,Permit Issued,4e835cf9-a490-4de0-ba73-4c6397a25910,,CON 1 NDS PT LOT 8   ,,
33261,4108,2018 000770 000 00 SN,"Addition of a new elevator, elevator hoist way and a machine room to the North side of existing building (30.18m2) and interior alterations to replace two interior stairs (29.13m2). Brookdale Public School.",1195 Bridge Road,SN,Elementary School,Addition,1525392000000,2018-08-01,7255,Closed,106758,,30.18,,,,,,Addition,Closed,b84ab78b-b634-4ca3-bca8-93780c0faea7,,CON 3 SDS PT LOT 23 PLAN 716 BLK A  ,,
33264,4111,2024 109584 000 00 SA,"Renovation of washrooms and universal washroom including new plumbing fixtures, aid-assist system, widened doors.   No GFA added.",1195 Bridge Rd,SA,Elementary School,Alt./Improve,1714348800000,2024-05-29,7255,Issued,500000,,0,,,,,,Renovation & Repair,Permit Issued,126ba7a9-20a1-4328-bd72-e32cb66adf2c,,CON 3 SDS PT LOT 23 PLAN 716 BLK A  ,,
33667,9581,2021 110749 000 00 CN,"Construction of a modular office bldg. (replace existing) to include pre-fabricated metal storage bldg with parking, barrier free access, conc. footing, electric heating; and installation of geothermal system; with servicing updates and the decommissioning of existing septic system and leach beds. - Halton Regional Biosolids Mgmt Centre",4449 Regional 25 Rd,CN,Office,New Const.,1617840000000,,62366,Cancelled,,,,,,,,,New Construction,Cancelled,5b0d157a-3b8d-40c3-95c7-96cc51d0da13,,CON 2 NDS PT LOT 27 20R-6648,,
33668,9582,2021 110753 000 00 CN,"Construction of a modular office building (replace existing ) to include a pre-fabricated metal storage building, barrier free access accommodations,  Halton Regional Biosolids Mgmt Centre",4449 Regional 25 Rd,CN,Office,New Const.,1620000000000,2022-12-12,62366,Closed,1800000,,340.64,,,,,,New Construction,Closed,b279ab5a-c836-41c9-9012-80e0d2c9568a,,CON 2 NDS PT LOT 27 20R-6648,,
34209,15793,2022 114381 000 00 SA,"Barn Renovation - Interior fit-up for an office including replacement of exterior windows and doors with same size and aesthetic. The interior renovation includes installation of fire alarm systems, new lighting and mechanical system, add a barrier-free washroom and upgrade finishes.",540 Lakeshore Rd W,SA,Miscellaneous Structure,Alt./Improve,1654732800000,2022-12-09,30910,Closed,500000,,0,,,,,,Renovation & Repair,Closed,4ab7e79c-8253-4a1d-ae87-d5f02a4d25ff,,CON 4 SDS PT LOTS 19 AND 20 PLAN M213 PT BLK A RP 20R5865 PART 1   ,,
34229,16339,2024 211547 000 00 CN,"Construction of a new barrier free ramp at the front entrance including an accessible parking space, and a new barrier-free washroom on the ground floor &ndash; Glen Abbey Golf Club.  No GFA added.",1333 Dorval Dr,CN,Recreational Facility,Addition,1728604800000,2024-11-21,32545,Issued,20000,,22.44,,,,,,Addition,Permit Issued,86dd8bc6-d6c0-42f8-848a-77a2141cbd65,2,"CON 2 SDS PT LOTS 17 TO 20 RP 20R1606 PART 1,PR 20R9077 PART 1, PT RD ALLOW PT LOT 20,21 CON 2 SDS",,
34532,17547,2015 001754 000 00 DN,Interior alterations to existing warehouse incl. roof lift and new office (480.3m2) as well as exterior re-cladding and new entrance canopies,480 Wyecroft Road,DN,Bldg over 5000 sqft F3,Addition,1442275200000,2015-12-04,33151,Closed,,,480.3,,,,,,Addition,Closed,1eeb78f2-7422-48b7-87e4-96e2c6b7453c,,CON 3 SDS PT LOT 20 RP 20R17742 PART 2  ,,
35053,21976,2025 105714 000 00 BDP,"OAKVILLE ASSEMBLY PLANT, OAC BODY 1 and the OAC BODY 2 buildings. Renovating within existing buildings; new canteens, washrooms, an interior entrance ramp, and alterations to offices; demolition and installation of stairs and landings; and a new eating area for new Tim Hortons.  No GFA added.",1400 The Canadian Road,BDP,,Alteration/repair OR Alteration/finish to an existing building,1742169600000,2025-06-26,45706,Issued,5000000,,2387.1,,,,,,Renovation & Repair,Permit Issued,d8bba3fa-b040-4973-b14b-74bf06f87067,,CON 2 SDS PT LOTS 5 TO 9   ,,
35057,21980,2025 111620 000 00 BDP,"New outdoor forklift and frame conveyor shed at the South East end of the Final Assembly facility, along with the addition of new roadways, upgraded concrete surfaces, partial replacement of the existing fire loop, and storm sewer upgrades.",1400 The Canadian Road,BDP,,Addition to an existing building,1748822400000,2025-10-16,45706,Issued,10000000,,239.8,,,,,,Addition,Permit Issued,7748e24b-815e-4d41-9023-a4b085d43920,,CON 2 SDS PT LOTS 5 TO 9   ,,
35085,22183,2017 000097 000 00 CA,"Interior and exterior alterations to existing F3 - Industrial space for new A3 - Assembly Swim School.  New barrier free ramp access, interior alterations for change rooms (172.00m2), new indoor swimming pool area (952.00m2).  No new GFA. ",1130 Eighth Line Unit 17,CA,Swimming Pool (Non-Gov't),Alt./Improve,1485993600000,2017-06-09,47779,Closed,2665600,,952,,,,,,Renovation & Repair,Closed,9b413c43-fc05-4a3f-81fe-03ed776185d7,,"CON 2 SDS PT LOTS 11,12   ",,
35094,22206,2019 001691 000 00 CA,"Alterations to building elevations, new interior demising walls to create units, new roof top units, construction of accessible ramp (8086.13m2) Site Servicing under Permit # 19-2178",407 Iroquois Shore L6H1M3,CA,Shop,Alt./Improve,1569542400000,2020-05-04,47816,Closed,4043065,,8086.13,,,,,,Renovation & Repair,Closed,a9006749-93d4-4912-bf43-50e3cf73b1d1,,"PLAN M14 PT LOTS 3,4 RP 20R5017 PARTS 1,3  RP 20R21594 PARTS 3 AND 4",,
35117,22231,2024 208468 000 00 SA,Demo existing exterior barrier free ramp and construct new barrier free ramp to meet AODA requirements at Syl Apps Youth Centre. No GFA Added,475 Iroquois Shore Rd,SA,Reformatory with Detention,Alt./Improve,1723161600000,2024-09-19,47826,Closed,200000,,33.2,,,,,,Renovation & Repair,Closed,25b0d8b6-bb99-4b5c-bbe1-204b5b8993d1,,CON 2 SDS PT LOT 11 PLAN M14 LOT 5 RP 20R226 PARTS 1 TO 6 ,,
35121,22235,2019 000150 000 00 SN,Demolish existing accessibility ramp and reconstruct in new location.  Repair front entrance stairs and landing (56m2).  No additional GFA.,475 Iroquois Shore Road,SN,Reformatory with Detention,Addition,1550102400000,2019-04-09,47826,Closed,50000,,56,,,,,,Addition,Closed,5d6caed0-afee-4a63-ba20-2e98a4a3a6f8,,CON 2 SDS PT LOT 11 PLAN M14 LOT 5 RP 20R226 PARTS 1 TO 6 ,,
35265,22937,2018 001954 REV 01 CA,"REVISION for lobby alteration to the public washrooms in the Elevator lobby.  Convert first washroom into a universal washroom, and convert the second washroom to gender-free use.  No GFA added.
",210 Lakeshore Rd E,CA,Plaza,Alt./Improve,1625788800000,2021-07-21,53389,Closed,0,,0,,,,,,Renovation & Repair,Closed,c8c86bce-1646-45b0-bdd6-838bcd12a9c5,,PLAN 1 LOT  A BLK 11,,
35292,23079,2023 116324 000 00 SA,"interior alterations to include additional washrooms, lift installation and wall removal (ground floor). No GFA added.",2250 Eighth Line,SA,Place of Worship,Alt./Improve,1692748800000,2023-10-17,54084,Issued,300000,,0,,,,,,Renovation & Repair,Permit Issued,b166f928-7b94-443f-8075-ccc84395a511,1,"CON 1 SDS PT LOT 11 RP 20R8122 PARTS 1-5 LESS PARTS 1,2,3,4,5 RP11004 ",,
35346,23409,2022 119890 000 00 CA,"Interior alteration and renovations to include: demo of Mr. Lube and pharmacy. Addition of new pharmacy, pick up area. Exterior- New loading dock doors, ramp.  Minor Exterior Renovations.  Modification of roof units. No GFA added. ",234 Hays Blvd,CA,Department Store,Alt./Improve,1662940800000,2022-12-12,57401,Closed,2400000,,0,,,,,,Renovation & Repair,Closed,0f4a9744-f755-48c0-b062-f7e972a42455,,PLAN M657 PT BLK 4 RP 20R          PART ,,
35423,24077,2016 001529 000 00 SA,Reconfiguration of existing retaining wall and new ramp leading to outdoor play area at existing daycare (548.00m2).  No additional GFA.,2025 Winston Park Drive,SA,Day Care Center,Alt./Improve,1472601600000,2016-12-20,64124,Closed,45075,,548,,,,,,Renovation & Repair,Closed,be6e886d-fee8-411f-aec2-1310912f1170,,"PLAN M467 BLKS 13 AND 14, PLAN M474 BLKS 27 AND 28",,
35444,24212,2023 100981 000 00 MS,"Relocation of Existing Temporary Sales Office (Modular Trailer) from (Brampton) to (Oakville).  102sm of existing space.  Construct new concrete pier footings and deck with ramp - Branthaven West Oak
",2170 Postmaster Dr,MS,Trailer / Office,New Const.,1675728000000,2023-03-16,65321,Closed,204000,,102,,,,,,New Construction,Closed,25f4233b-2587-4d28-8e1c-d9068b052d8c,,PLAN M696 BLK 107,,
35445,24213,2023 123227 000 00 DP,"Demolition of Temporary Sales Office (Modular Trailer). pier footings, deck, ramp, portable washroom",2170 Postmaster Dr,DP,Trailer / Office,Demolition,1693353600000,2023-09-18,65321,Issued,0,,102,,,,1694995200000,1,Demolition,Permit Issued,2fe866f1-3567-4825-91a5-4734725d4742,1,PLAN M696 BLK 107,,
35526,24897,2019 000612 REV 01 DA,"revision to permit:  interior alteration as per tenant fit up to unit C2-C3, mechanical/electrical room has been removed in unit C2 and emergency shower and accessible shower room 1 has been revised ",3280 South Service Rd W,DA,Warehousing F2,Alt./Improve,1632873600000,2022-05-26,71930,Closed,25000,,109.09,,,,,,Renovation & Repair,Closed,c413e898-3268-4c79-8c1c-e6fadcdb7633,,CON 3 SDS PT LOT 33 RP 20R14971 PT PART 1 AND RP 20R15605 PART 2,,
35920,26857,2021 130946 000 00 CA,Proposed new barrier free door and outdoor patio area for existing restaurant - No GFA added - BLACK PEPPER INDIAN KITCHEN,519 Dundas St W,CA,Restaurant A2 30+ persons,Alt./Improve,1635724800000,2021-11-16,103916,Closed,5000,,0,,,,,,Renovation & Repair,Closed,84eb839c-cece-418d-9a8f-bc3f58ca6de8,,"PLAN M1085 PT BLK 393 RP 20R19384 PARTS 3, 4, 6 TO 10",,
36254,29556,2021 110035 000 00 SA,Installation of Barrier Free lift in existing storage room and new HVAC units to the second floor classrooms. New HVAC unit to the Gymnasium. ,150 Ridge Dr,SA,Elementary School,Alt./Improve,1620864000000,2021-06-15,108447,Issued,1200000,,0,,,,,,Renovation & Repair,Permit Issued,52537a62-ff76-4936-9e7c-a15f2bf66972,,CON 2 SDS PT LOT 14 PLAN 374 LOTS 52 TO 54 PT RIDGE DR 1 FT RESERVE AND RP 20R19742 PARTS 1 TO 3 ,,
36441,32786,2023 122910 000 00 CA,"Tenant fit-out to shell space for a beauty salon for eyelash extensions (Deka Lash). Interior work includes, barrier free washroom, reception area, service areas lunchroom and storage space. No GFA added.",125 Bronte Rd,CA,Beauty Parlor,Alt./Improve,1695686400000,2023-11-23,115048,Closed,51215,,0,,,,,,Renovation & Repair,Closed,55999312-1683-4769-b464-231024c8735c,,PLAN M7 LOT 156 PT LOTS 146 AND 151,,
36474,32882,2019 001604 000 00 CA,"Alterations to existing above ground parking garage for Southeast Community Centre (3715m2), including but not limited to:  alter elevator vestibule to be accessible, new doors, repair/replace plumbing, structural repairs to slab, repairs to brick veneer, replace parapets, addition of security screen to limit access to P4 level where photovoltaic panels will be added under separate permit.  No additional GFA.",325 Reynolds Street,CA,Parking Garage,Alt./Improve,1568246400000,2019-10-30,117119,Closed,800000,,3715,,,,,,Renovation & Repair,Closed,87adaa03-b7f3-42b8-bc6b-58d7dae1f53e,,LAN 1 PARK LOT T PT PARK LOTS P Q R S RP 20R21190 PARTS 2 3 8 AND 9,,
36476,32884,2019 001604 REV 01 CA,"REVISION:  Replace existing hollow metal glazed cladding at west and north stair tower with new curtain wall cladding. Repairs to existing brick, mortar, parapets, concrete, structural steel and miscellaneous metal. Permit update for accessible sloped floor (5% ramp) configuration into elevator lobby. No additional GFA.",325 Reynolds,CA,Parking Garage,Alt./Improve,1592352000000,2020-07-15,117119,Closed,800000,,0,,,,,,Renovation & Repair,Closed,c5a2f24c-4595-4807-b9dc-0c5577d0c666,,LAN 1 PARK LOT T PT PARK LOTS P Q R S RP 20R21190 PARTS 2 3 8 AND 9,,
36684,34238,2023 106375 000 00 CA,Interior alterations for tenant fit-out to create space for a physiotherapy clinic.  No GFA added.  Mobility Plus Healthcare Inc.,1927 Ironoak Way,CA,Medical Office,Alt./Improve,1680566400000,2023-05-11,119984,Issued,30000,,0,,,,,,Renovation & Repair,Permit Issued,f2919991-4877-401a-b278-1f23906fd5a7,,PLAN M1171 PT BLK 2 RP 20R21410 PART 1,,
36691,34245,2023 156647 000 00 CA,"Interior Alteration for tenant fit-out &ndash; construct a boardroom, two meeting rooms, one barrier-free washroom, a staff washroom and a coffee server &ndash; unit A103, Canon.  No GFA added.",1939 Ironoak Way,CA,Office,Alt./Improve,1703203200000,2024-03-18,119987,Closed,1300000,,0,,,,,,Renovation & Repair,Closed,b5a3c315-5fa6-4e8a-ad7b-fccec2ffe586,,PLAN M1171 PT BLK 2 RP 20R21410 PART 1,,
36696,34250,2023 115712 000 00 CA,"Tenant fit out for insurance office.  Offices, board room, workstations, kitchenette and meeting room.  Barrier free and unisex washrooms.  No GFA added. ",1939 Ironoak Way,CA,Office Multi-Storey,Alt./Improve,1688428800000,2023-08-30,119987,Closed,260000,,0,,,,,,Renovation & Repair,Closed,0e0b3cf7-1a69-4e18-959f-de0c17834534,1,PLAN M1171 PT BLK 2 RP 20R21410 PART 1,,
36820,34613,2021 136774 000 00 MS,"Construction of temporary sales pavilion (relocated from 145 Dundas Street E) and portable barrier free washroom for GREAT GULF. 
",1019 Dundas St E,MS,Trailer / Office,New Const.,1641945600000,2022-04-26,120516,Closed,500000,,200,,,,,,New Construction,Closed,43145448-7d3a-4035-8936-dd6eb3ec8fda,,CON 1 NDS PT LOT 10 RP 20R4830 PART 1 EXCEPT PART 6 HR892156 AND RP 20R21503 PART 1 RP 20R21750 PART 1,,
36821,34614,2022 104393 000 00 MS,"Construction of temporary sales pavilion and portable barrier free washroom for Arista Homes (Oakpointe) Inc. 
",1019 Dundas St E,MS,Trailer / Office,New Const.,1648598400000,2022-07-28,120516,Closed,1000000,,282.05,,,,,,New Construction,Closed,127a1570-c59f-48b2-b857-45a8c138817e,,CON 1 NDS PT LOT 10 RP 20R4830 PART 1 EXCEPT PART 6 HR892156 AND RP 20R21503 PART 1 RP 20R21750 PART 1,,
36827,34640,2022 126763 000 00 SN,Renovation and replacement of accessibility ramp leading to north entrance of church hall building. This ramp allows physically challenged persons to access the church hall. The church hall is currently used as a reception and meeting space.,5 Dundas St E,SN,Place of Worship,Addition,1664928000000,2022-11-22,120751,Closed,148000,,50,,,,,,Addition,Closed,6d2c1d3e-ba09-4be5-b8b3-d4f2331c90b7,,TRAFALGAR CON 1 NDS PT LOT 15,,
36828,34641,2022 126763 REV 01 SA,This is a revision to permit #22-126763: adding a small landing to integrate with a sidewalk that will ensure wheelchair access from the parking lot.  No GFA added.,5 Dundas St E,SA,Place of Worship,Alt./Improve,1700006400000,2024-02-12,120751,Closed,5000,,50,,,,,,Renovation & Repair,Closed,ab133402-da1c-4fba-b084-ff30344fa42b,,TRAFALGAR CON 1 NDS PT LOT 15,,
37523,37385,2025 108655 000 00 BDP,Proposed interior alteration of a dental clinic in an existing vacant commercial unit on the ground floor of a multi storey building.  To include a new exterior door with landing and ramp. No GFA added.,339 Wheat Boom Drive,BDP,Dental Offices (General),Alteration/repair OR Alteration/finish to an existing building,1744675200000,2025-06-23,129603,Closed,400000,,0,,,,,,Renovation & Repair,Closed,123a23fb-e8b0-4896-88db-b94f70a003e8,,PLAN 20M1211 PT BLKS 10 AND 11 RP 20R22508 PARTS 3 14,,
