point,permitnum,address,applicant,category,description,proposedusecode,proposedusedescription,permitteddiscretionary,landusedistrict,landusedistrictdescription,statuscurrent,applieddate,decisiondate,releasedate,mustcommencedate,decision,decisionby,communitycode,communityname,ward,quadrant,latitude,longitude,locationcount,locationtypes,locationaddresses,locationsgeojson,locationswkt,canceledrefuseddate,sdabnumber,sdabhearingdate,sdabdecision,sdabdecisiondate
"{'type': 'Point', 'coordinates': [-113.99122655008739, 51.034154221057314]}",DP2023-00909,2046 BIRCH CR SE,HANDYCAP MOBILITY SPECIALISTS,Home Occupation Class 2,TEMPORARY USE: HOME OCCUPATION - CLASS 2 (HANDICAP AUTO EQUIPPING - 5 YEARS),C1730,HOME OCCUPATION - CLASS 2,Discretionary,R-C1,Residential - Contextual One Dwelling,Released,2023-02-13T00:00:00.000,2023-03-20T00:00:00.000,2023-04-17T00:00:00.000,2025-03-20T00:00:00.000,Approval,Development Authority,SOV,SOUTHVIEW,9,SE,51.034,-113.991,2,Titled Parcel;Building,2046 BIRCH CR SE;2046 BIRCH CR SE,"{""type"":""MultiPoint"",""coordinates"":[[-113.9912266,51.0341542],[-113.9911514,51.03409]]}","MULTIPOINT ((-113.99122655008739 51.034154221057314),(-113.9911514259156 51.03409004656181))",,,,,
"{'type': 'Point', 'coordinates': [-114.10565157061757, 51.01822385838888]}",DP2023-03128,1962 40 AV SW,SANTHA DESIGN,Change of Use - With Change to Site Plan,CHANGE OF USE: SECONDARY SUITE (4 SUITES); CHANGES TO SITE PLAN: ACCESSORY RESIDENTIAL BUILDING (MOBILITY STORAGE),C1020; C2540,ACCESSORY RESIDENTIAL BUILDING; ROWHOUSE BUILDING,Permitted,R-CG,Residential - Grade-Oriented Infill,Released,2023-05-15T00:00:00.000,2023-09-26T00:00:00.000,2023-10-31T00:00:00.000,2025-09-26T00:00:00.000,Approval,Development Authority,ALT,ALTADORE,8,SW,51.018,-114.106,5,Titled Parcel;Building;Building;Building;Building,1960 40 AV SW;1966 40 AV SW;1968 40 AV SW;1962 40 AV SW;1964 40 AV SW,"{""type"":""MultiPoint"",""coordinates"":[[-114.1056516,51.0182239],[-114.1059617,51.0182784],[-114.1060446,51.018273],[-114.1058058,51.0182785],[-114.1058782,51.0182762]]}","MULTIPOINT ((-114.10565157061757 51.01822385838888),(-114.10596167252687 51.01827839726939),(-114.10604459566746 51.018273027068716),(-114.1058057645772 51.01827853853858),(-114.10587820468402 51.018276153563505))",,,,,
"{'type': 'Point', 'coordinates': [-114.18276322579834, 51.08594296923567]}",DP2022-04631,6504 BOWWOOD DR NW,RICK BALBI ARCHITECT,Renovations - Non-Residential,CHANGE OF USE: CHILD CARE SERVICE (12 CHILDREN); CHANGES TO SITE PLAN: CHILD CARE SERVICE (RAMP),C1310,CHILD CARE SERVICE,Discretionary,M-C1,Multi-Residential - Contextual Low Profile,Released,2022-06-29T00:00:00.000,2022-08-17T00:00:00.000,2022-09-16T00:00:00.000,2024-08-17T00:00:00.000,Approval,Development Authority,BOW,BOWNESS,1,NW,51.086,-114.183,2,Titled Parcel;Building,6504 BOWWOOD DR NW;6504 BOWWOOD DR NW,"{""type"":""MultiPoint"",""coordinates"":[[-114.1827632,51.085943],[-114.1825872,51.0861354]]}","MULTIPOINT ((-114.18276322579834 51.08594296923567),(-114.18258715134407 51.08613539872681))",,,,,
"{'type': 'Point', 'coordinates': [-114.20208682960096, 51.03595056473412]}",DP2022-03062,7953 19 AV SW,NORR ARCHITECTS ENGINEERS PLANNERS,Change of Use - With Change to Site Plan,REVISION: CHANGES TO DP2020-7636 (PARKADE RAMP),C2050,MULTI-RESIDENTIAL DEVELOPMENT,Discretionary,M-H1 h22,Multi-Residential - High Density Low Rise,Released,2022-05-04T00:00:00.000,2022-07-15T00:00:00.000,2022-08-15T00:00:00.000,2025-07-15T00:00:00.000,Approval,Development Authority,SPH,SPRINGBANK HILL,6,SW,51.036,-114.202,2,Titled Parcel;Building,7953 19 AV SW;7953 19 AV SW,"{""type"":""MultiPoint"",""coordinates"":[[-114.2020868,51.0359506],[-114.2017918,51.0354641]]}","MULTIPOINT ((-114.20208682960096 51.03595056473412),(-114.20179180152621 51.035464117263786))",,,,,
"{'type': 'Point', 'coordinates': [-114.13530343800142, 51.03043006392514]}",DP2024-07665,3308 26 AV SW,,Residential - Multi-Family - Minor and Rowhouses,"NEW: DWELLING UNIT (2 BUILDINGS), SECONDARY SUITE (10 SUITES), ACCESSORY RESIDENTIAL BUILDING (GARAGES, MOBILITY STORAGE LOCKERS)",C1020; C1540; C2626,ACCESSORY RESIDENTIAL BUILDING; DWELLING UNIT; SECONDARY SUITE,Permitted,H-GO,Housing - Grade Oriented District (H-GO),Released,2024-10-28T00:00:00.000,2025-06-13T00:00:00.000,2025-09-15T00:00:00.000,2027-06-13T00:00:00.000,Approval,Development Authority,KIL,KILLARNEY/GLENGARRY,8,SW,51.030,-114.135,3,Titled Parcel;Titled Parcel;Titled Parcel,2632 33 ST SW;2636 33 ST SW;3308 26 AV SW,"{""type"":""MultiPoint"",""coordinates"":[[-114.1353034,51.0304301],[-114.1353034,51.0303164],[-114.1349196,51.0301639]]}","MULTIPOINT ((-114.13530343800142 51.03043006392514),(-114.13530340643031 51.030316397430354),(-114.1349196142962 51.03016394329132))",,,,,
"{'type': 'Point', 'coordinates': [-114.04667864070801, 51.050081516325825]}",DP2020-4967,23 MCDOUGALL CO NE,DIALOG,Residential - Multi-Family - Minor and Rowhouses,"NEW: ASSISTED LIVING; CHANGES TO SITE PLAN: ASSISTED LIVING (NEW BARRIER FREE RAMP, STAIRCASE, NEW ENTRANCE CANOPY, LANDSCAPING, PARKING RECONFIGURATION); CHANGE OF USE: ASSISTED LIVING",C1110,ASSISTED LIVING,Discretionary,M-C1,Multi-Residential - Contextual Low Profile,Lapsed,2020-08-10T00:00:00.000,2021-08-11T00:00:00.000,,2023-08-11T00:00:00.000,Approval,Development Authority,BRD,BRIDGELAND/RIVERSIDE,9,NE,51.050,-114.047,1,Titled Parcel,23 MCDOUGALL CO NE,"{""type"":""Point"",""coordinates"":[-114.0466786,51.0500815]}",POINT (-114.04667864070801 51.050081516325825),2023-08-11T00:00:00.000,,,,
"{'type': 'Point', 'coordinates': [-114.08474683862796, 51.17214831290198]}",DP2023-05417,86 PANTON VW NW,,Relaxation - New - Residential,"ADDITION: SINGLE DETACHED DWELLING (REAR ELEVATOR, DECK, & BALCONY)",C2730,SINGLE DETACHED DWELLING,Permitted with a Relaxation,R-1N,Residential - Narrow Parcel One Dwelling,Cancelled,2023-08-08T00:00:00.000,,,,,,PAN,PANORAMA HILLS,3,NW,51.172,-114.085,2,Titled Parcel;Building,86 PANTON VW NW;86 PANTON VW NW,"{""type"":""MultiPoint"",""coordinates"":[[-114.0847468,51.1721483],[-114.0845488,51.1721502]]}","MULTIPOINT ((-114.08474683862796 51.17214831290198),(-114.0845488171404 51.17215020014605))",2024-02-13T00:00:00.000,,,,
"{'type': 'Point', 'coordinates': [-114.143429987451, 51.02706421468766]}",DP2024-00651,3916 30 AV SW,,Residential - Multi-Family,"NEW: ROWHOUSE BUILDING (1 BUILDING), SECONDARY SUITE (4 SUITES) ACCESSORY RESIDENTIAL BUILDING (GARAGE, MOBILITY STORAGE)  ",C9999,OTHER,Discretionary,R-C2,Residential - Contextual One/Two Dwelling,Cancelled,2024-01-29T00:00:00.000,,,,,,GBK,GLENBROOK,6,SW,51.027,-114.143,1,Titled Parcel,3916 30 AV SW,"{""type"":""Point"",""coordinates"":[-114.14343,51.0270642]}",POINT (-114.143429987451 51.02706421468766),2024-04-29T00:00:00.000,,,,
"{'type': 'Point', 'coordinates': [-114.12437295559576, 51.03171705367535]}",DP2023-08318,2710 25 AV SW,JOHN TRINH & ASSOCIATES,Residential - Multi-Family,"NEW: ROWHOUSE BUILDING (1 BUILDING), SECONDARY SUITE (4 SUITES) ACCESSORY RESIDENTIAL BUILDING (GARAGE, MOBILITY STORAGE LOCKER)",C1020; C2540,ACCESSORY RESIDENTIAL BUILDING; ROWHOUSE BUILDING,Discretionary,R-CG,Residential - Grade-Oriented Infill,Released,2023-11-24T00:00:00.000,2024-04-09T00:00:00.000,2024-12-05T00:00:00.000,2026-04-09T00:00:00.000,Approval,Development Authority,KIL,KILLARNEY/GLENGARRY,8,SW,51.032,-114.124,2,Titled Parcel;Building,2710 25 AV SW;2439 26 ST SW,"{""type"":""MultiPoint"",""coordinates"":[[-114.124373,51.0317171],[-114.1240393,51.0317738]]}","MULTIPOINT ((-114.12437295559576 51.03171705367535),(-114.12403928798601 51.03177384599291))",,,,,
"{'type': 'Point', 'coordinates': [-114.07818216478609, 51.0410120278976]}",DP2020-1524,720 13 AV SW,MTA URBAN DESIGN ARCHITECTURE INTERIOR DESIGN,Renovations - Non-Residential,"EXTERIOR RENOVATIONS: APARTMENT BUILDING (NEW ENTRANCES & CANOPIES), CHANGES TO SITE PLAN: APARTMENT BUILDING (NEW STAIRS & RAMP)",B1300; C2680; C2700,APARTMENT BUILDING; SIGN - CLASS B; SIGN - CLASS D,Discretionary,DC,DIRECT CONTROL DISTRICT                                 ,Released,2020-03-10T00:00:00.000,2020-06-15T00:00:00.000,2023-07-04T00:00:00.000,2025-06-15T00:00:00.000,Approval,Development Authority,BLN,BELTLINE,8,SW,51.041,-114.078,3,Titled Parcel;Titled Parcel;Building,720 13 AV SW;710 13 AV SW;720 13 AV SW,"{""type"":""MultiPoint"",""coordinates"":[[-114.0781822,51.041012],[-114.0772384,51.0409751],[-114.0781496,51.041161]]}","MULTIPOINT ((-114.07818216478609 51.0410120278976),(-114.07723835351825 51.04097513225649),(-114.0781495900698 51.04116100069245))",,,,,
"{'type': 'Point', 'coordinates': [-114.07230673096493, 51.034142682512645]}",DP2022-07486,509 21 AV SW,,Renovations - Non-Residential,CHANGES TO SITE PLAN: EXTERIOR RENOVATIONS (BARRIER FREE RAMP),C1572,EXTERIOR RENOVATIONS,Discretionary,M-C2,Multi-Residential - Contextual Medium Profile,Cancelled,2022-10-27T00:00:00.000,,,,,,CLI,CLIFF BUNGALOW,8,SW,51.034,-114.072,2,Titled Parcel;Building,509 21 AV SW;509 21 AV SW,"{""type"":""MultiPoint"",""coordinates"":[[-114.0723067,51.0341427],[-114.0722954,51.0340054]]}","MULTIPOINT ((-114.07230673096493 51.034142682512645),(-114.07229541091675 51.0340054339972))",2022-11-04T00:00:00.000,,,,
"{'type': 'Point', 'coordinates': [-114.07171163481888, 51.006816380684455]}",DP2022-07616,401 52 AV SW,,Change of Use - With Change to Site Plan,CHANGES TO SITE PLAN: ASSISTED LIVING (NEW LIFT AND DECK),C1110,ASSISTED LIVING,Discretionary,R-C2,Residential - Contextual One/Two Dwelling,Released,2022-11-03T00:00:00.000,2022-12-09T00:00:00.000,2023-01-06T00:00:00.000,2024-12-09T00:00:00.000,Approval,Development Authority,WND,WINDSOR PARK,11,SW,51.007,-114.072,3,Titled Parcel;Building;Building,401 52 AV SW;401 52 AV SW;403 52 AV SW,"{""type"":""MultiPoint"",""coordinates"":[[-114.0717116,51.0068164],[-114.0717157,51.0067171],[-114.0718181,51.0067173]]}","MULTIPOINT ((-114.07171163481888 51.006816380684455),(-114.07171571367813 51.00671709490457),(-114.07181807859796 51.00671730172555))",,,,,
"{'type': 'Point', 'coordinates': [-114.06094718969105, 51.04751896975144]}",DP2024-03650,140 6 AV SE,CITY OF CALGARY - CULTURE,Temporary Structure,"TEMPORARY USE: COMMUNITY RECREATION FACILITY (SEACAN, SKATE RAMP, GREENHOUSE)",C1350,COMMUNITY RECREATION FACILITY,Discretionary,CR20-C20/R20,Commercial Residential District,Released,2024-05-23T00:00:00.000,2024-07-26T00:00:00.000,2024-08-22T00:00:00.000,2027-07-26T00:00:00.000,Approval,Development Authority,DNC,DOWNTOWN COMMERCIAL CORE,7,SE,51.048,-114.061,2,Titled Parcel;Building,140 6 AV SE;140 6 AV SE,"{""type"":""MultiPoint"",""coordinates"":[[-114.0609472,51.047519],[-114.0607763,51.0476154]]}","MULTIPOINT ((-114.06094718969105 51.04751896975144),(-114.06077626360965 51.04761537471885))",,,,,
"{'type': 'Point', 'coordinates': [-114.12974046458096, 51.03817035571607]}",DP2024-01818,3021 15 AV SW,LOLA ARCHITECTURE,Change of Use - With Change to Site Plan,"CHANGES TO SITE PLAN: RESIDENTIAL CARE (NEW EGRESS WINDOW WELL - 2, NEW DECK - 2, NEW COMPOSITE STAIRS, LANDING AND RAMP - 2); CHANGE OF USE: RESIDENTIAL CARE (44 RESIDENTS))",C2440,RESIDENTIAL CARE,Discretionary,M-C1,Multi-Residential - Contextual Low Profile,Released,2024-03-15T00:00:00.000,2024-05-03T00:00:00.000,2024-05-31T00:00:00.000,2026-05-03T00:00:00.000,Approval,Development Authority,SHG,SHAGANAPPI,8,SW,51.038,-114.130,3,Titled Parcel;Building;Building,1731 29 ST SW;3105 15 AV SW;3021 15 AV SW,"{""type"":""MultiPoint"",""coordinates"":[[-114.1297405,51.0381704],[-114.1315512,51.0388369],[-114.1310692,51.0388914]]}","MULTIPOINT ((-114.12974046458096 51.03817035571607),(-114.13155121488263 51.03883691709257),(-114.13106919203949 51.03889135218866))",,,,,
"{'type': 'Point', 'coordinates': [-114.0741713859904, 51.0773330796288]}",DP2023-05738,602 27 AV NW,NEW CENTURY DESIGN,Residential - Multi-Family,"NEW: ROWHOUSE BUILDING (1 BUILDING), SEMI-DETACHED DWELLING (1 BUILDING), SECONDARY SUITE (5 UNITS), ACCESSORY RESIDENTIAL BUILDING (GARAGE AND MOBILITY STORAGE LOCKERS)",C1020; C2540; C2640,ACCESSORY RESIDENTIAL BUILDING; ROWHOUSE BUILDING; SEMI-DETACHED DWELLING,Discretionary,R-CG,Residential - Grade-Oriented Infill,Released,2023-08-18T00:00:00.000,2024-01-17T00:00:00.000,2024-06-10T00:00:00.000,2026-01-17T00:00:00.000,Approval,Development Authority,MOP,MOUNT PLEASANT,7,NW,51.077,-114.074,2,Titled Parcel;Building,2821 5 ST NW;602 27 AV NW,"{""type"":""MultiPoint"",""coordinates"":[[-114.0741714,51.0773331],[-114.0743005,51.077142]]}","MULTIPOINT ((-114.0741713859904 51.0773330796288),(-114.07430047200839 51.077142047774736))",,,,,
"{'type': 'Point', 'coordinates': [-114.1433564351521, 51.02706108660119]}",DP2024-02688,3916 30 AV SW,VSDG,Residential - Multi-Family - Minor and Rowhouses,"NEW: ROWHOUSE BUILDING (1 BUILDING), SECONDARY SUITE (4 SUITES) ACCESSORY RESIDENTIAL BUILDING (GARAGE, MOBILITY STORAGE)  ",C1020; C2540; C2626,ACCESSORY RESIDENTIAL BUILDING; ROWHOUSE BUILDING; SECONDARY SUITE,Discretionary,R-CG,Residential - Grade-Oriented Infill,Released,2024-04-17T00:00:00.000,2024-07-11T00:00:00.000,2025-01-27T00:00:00.000,2026-07-11T00:00:00.000,Approval,Development Authority,GBK,GLENBROOK,6,SW,51.027,-114.143,2,Titled Parcel;Building,3916 30 AV SW;3916 30 AV SW,"{""type"":""MultiPoint"",""coordinates"":[[-114.1433564,51.0270611],[-114.1436376,51.0271329]]}","MULTIPOINT ((-114.1433564351521 51.02706108660119),(-114.14363761307507 51.02713289320511))",,,,,
"{'type': 'Point', 'coordinates': [-114.07230673096493, 51.034142682512645]}",DP2022-07707,509 21 AV SW,,Renovations - Non-Residential,CHANGES TO SITE PLAN: EXTERIOR RENOVATIONS (BARRIER FREE RAMP),C1572,EXTERIOR RENOVATIONS,Discretionary,M-C2,Multi-Residential - Contextual Medium Profile,Released,2022-11-08T00:00:00.000,2023-04-20T00:00:00.000,2023-06-15T00:00:00.000,2025-04-20T00:00:00.000,Approval,Development Authority,CLI,CLIFF BUNGALOW,8,SW,51.034,-114.072,2,Titled Parcel;Building,509 21 AV SW;509 21 AV SW,"{""type"":""MultiPoint"",""coordinates"":[[-114.0723067,51.0341427],[-114.0722954,51.0340054]]}","MULTIPOINT ((-114.07230673096493 51.034142682512645),(-114.07229541091675 51.0340054339972))",,,,,
"{'type': 'Point', 'coordinates': [-114.13236103002214, 51.00100180957909]}",DP2010-5020,5940 LAKEVIEW DR SW,OMICRON CANADA,Commercial - Other Areas,ADDITION: PLACE OF WORSHIP - SMALL (ELEVATOR ON NW SIDE),C2280,PLACE OF WORSHIP - SMALL,Discretionary,R-C1,Residential - Contextual One Dwelling,Released,2010-12-24T00:00:00.000,2011-02-18T00:00:00.000,2011-03-22T00:00:00.000,2013-02-18T00:00:00.000,Approval,Development Authority,LKV,LAKEVIEW,11,SW,51.00100180957909,-114.13236103002214,3,Titled Parcel;Titled Parcel;Building,5940R LAKEVIEW DR SW;5940 LAKEVIEW DR SW;5940 LAKEVIEW DR SW,"{""type"":""MultiPoint"",""coordinates"":[[-114.132361,51.0010018],[-114.1333546,51.0010806],[-114.1327802,51.0010243]]}","MULTIPOINT (-114.13236103002214 51.00100180957909,-114.13335462929273 51.00108056318251,-114.13278020471157 51.001024257975445)",,,,,
"{'type': 'Point', 'coordinates': [-114.09995501140426, 51.13322681035285]}",DP2007-3778,55 SANDARAC DR NW,WOODS PARKER ARCHITECTS,Residential - Multi-Family,ADDITION TO ACCESSORY  BUILDING (ELEVATOR SHAFT),B8680,TOWNHOUSES,Discretionary,RM-1,RESIDENTIAL LOW DENSITY MULTI-DWELLING DISTRICT,Released,2007-10-25T00:00:00.000,2007-11-07T00:00:00.000,2007-12-03T00:00:00.000,2008-11-07T00:00:00.000,Approval,Development Authority,SAN,SANDSTONE VALLEY,4,NW,51.13322681035285,-114.09995501140426,1,Titled Parcel,55 SANDARAC DR NW,"{""type"":""Point"",""coordinates"":[-114.099955,51.1332268]}",POINT (-114.09995501140426 51.13322681035285),,,,,
"{'type': 'Point', 'coordinates': [-114.2548902112604, 51.09344623478361]}",DP2012-0650,84 VALLEY RIDGE GR NW,,Relaxation - Existing - Residential,RELAXATION: SKATEBOARD RAMP [ONE YEAR],C9999,OTHER,Discretionary,R-C1,Residential - Contextual One Dwelling,Expired,2012-02-21T00:00:00.000,2012-03-16T00:00:00.000,2012-04-12T00:00:00.000,2013-03-16T00:00:00.000,Approval,Development Authority,VAL,VALLEY RIDGE,1,NW,51.09344623478361,-114.2548902112604,1,Titled Parcel,84 VALLEY RIDGE GR NW,"{""type"":""Point"",""coordinates"":[-114.2548902,51.0934462]}",POINT (-114.2548902112604 51.09344623478361),,,,,
"{'type': 'Point', 'coordinates': [-114.06348655275639, 50.92119545529895]}",DP2015-5015,149 PROVIDENCE BV SE,DIALOG,Change of Use - With Change to Site Plan,"REVISION: REVISIONS TO DP2012-3245 (SHARED ACCESS WITH ADJACENT SITE, RETAINING WALL NW SIDE OF SITE, RETAINING WALL SE SIDE OF SITE, REVISED BARRIER FREE PARKING, REVISED LANDSCAPING)",C2440,RESIDENTIAL CARE,Discretionary,S-CI,Special Purpose - Community Institution,Released,2015-12-03T00:00:00.000,2015-12-21T00:00:00.000,2016-01-15T00:00:00.000,2017-12-21T00:00:00.000,Approval,Development Authority,MID,MIDNAPORE,14,SE,50.92119545529895,-114.06348655275637,1,Titled Parcel,149 PROVIDENCE BV SE,"{""type"":""Point"",""coordinates"":[-114.0634866,50.9211955]}",POINT (-114.06348655275637 50.92119545529895),,,,,
"{'type': 'Point', 'coordinates': [-113.92490164923156, 51.07331331550267]}",DP1997-3339,227 DEL RAY RD NE,,,CONVERTED JOB - HOME OCCUPATION - MOBILE SERVICING AND REPAIR OF FORKLIFTS (1 YEAR),B5550,HOME OCCUPATION - CLASS 2,Discretionary,R-1,RESIDENTIAL SINGLE-DETACHED DISTRICT,Expired,1997-10-24T00:00:00.000,1997-11-20T00:00:00.000,,1999-11-20T00:00:00.000,Approval,Development Authority,MOR,MONTEREY PARK,10,NE,51.07331331550267,-113.92490164923156,1,Titled Parcel,227 DEL RAY RD NE,"{""type"":""Point"",""coordinates"":[-113.9249016,51.0733133]}",POINT (-113.92490164923156 51.07331331550267),,,,,
"{'type': 'Point', 'coordinates': [-114.11280617546775, 51.093013860341706]}",DP2013-0095,4316 CHIPPEWA RD NW,JOHN HADDON DESIGN,Residential - Additions over 10 sq metres,NEW: SINGLE DETACHED DWELLING & RETAINING WALLS (LOCATED IN FRONT SETBACK AREA TO PROVIDE WHEELCHAIR ACCESS),C2535; C2730,RETAINING WALL; SINGLE DETACHED DWELLING,Discretionary,R-C1,Residential - Contextual One Dwelling,Released,2013-01-10T00:00:00.000,2013-02-07T00:00:00.000,2013-03-04T00:00:00.000,2015-02-07T00:00:00.000,Approval,Development Authority,CHW,CHARLESWOOD,4,NW,51.0930138603417,-114.11280617546775,2,Titled Parcel;Building,4316 CHIPPEWA RD NW;4316 CHIPPEWA RD NW,"{""type"":""MultiPoint"",""coordinates"":[[-114.1128062,51.0930139],[-114.1127113,51.0931255]]}","MULTIPOINT (-114.11280617546775 51.0930138603417,-114.11271130074122 51.093125477584096)",,,,,
"{'type': 'Point', 'coordinates': [-114.11981164545568, 50.954241848005026]}",DP2011-2584,11620 OAKFIELD DR SW,RICK BALBI ARCHITECT,Residential - Multi-Family - Renovations,ADDITION: MULTI-RESIDENTIAL DEVELOPMENT (COVER EXISTING PARKADE RAMP),C2050,MULTI-RESIDENTIAL DEVELOPMENT,Discretionary,M-C1 d55,Multi-Residential - Contextual Low Profile,Lapsed,2011-07-07T00:00:00.000,2011-09-08T00:00:00.000,2011-10-04T00:00:00.000,2013-09-08T00:00:00.000,Approval,Development Authority,CED,CEDARBRAE,11,SW,50.954241848005026,-114.11981164545568,1,Titled Parcel,11620 OAKFIELD DR SW,"{""type"":""Point"",""coordinates"":[-114.1198116,50.9542418]}",POINT (-114.11981164545568 50.954241848005026),,,,,
"{'type': 'Point', 'coordinates': [-114.2548902112604, 51.09344623478361]}",DP2009-3397,84 VALLEY RIDGE GR NW,,Relaxation - Existing - Residential,RELAXATION: OTHER - SKATEBOARD RAMP,C9999,OTHER,Discretionary,R-C1,Residential - Contextual One Dwelling,Expired,2009-09-18T00:00:00.000,2009-11-09T00:00:00.000,2010-02-19T00:00:00.000,2011-02-10T00:00:00.000,Refusal,Development Authority,VAL,VALLEY RIDGE,1,NW,51.09344623478361,-114.2548902112604,1,Titled Parcel,84 VALLEY RIDGE GR NW,"{""type"":""Point"",""coordinates"":[-114.2548902,51.0934462]}",POINT (-114.2548902112604 51.09344623478361),,SDAB2009-0279,1970-08-21T15:22:08.000,Appeal Allowed  -  Application Approved,1970-08-21T15:23:30.000
"{'type': 'Point', 'coordinates': [-114.07263596400257, 51.00681415561845]}",DP2003-3784,419 52 AV SW,L'ARCHE ASSOCIATION OF CALGARY,,ADDITION OF ELEVATOR TO EXISTING SPECIAL CARE FACILITY,B8280,SPECIAL CARE FACILITY,Discretionary,R-2,RESIDENTIAL LOW DENSITY DISTRICT,Released,2003-12-15T00:00:00.000,2004-01-23T00:00:00.000,2004-02-17T00:00:00.000,2005-01-23T00:00:00.000,Approval,Development Authority,WND,WINDSOR PARK,11,SW,51.00681415561845,-114.07263596400256,1,Titled Parcel,419 52 AV SW,"{""type"":""Point"",""coordinates"":[-114.072636,51.0068142]}",POINT (-114.07263596400256 51.00681415561845),,,,,
"{'type': 'Point', 'coordinates': [-114.10761409148193, 51.02686573204383]}",DP2001-2417,2012 30 AV SW,,,EXTERIOR RENOVATIONS-FOR WHEEL-CHAIR RAMP/LANDING TO REMAIN AS PER DP1999-3735 CONDITION OF APPROVAL,B8172,SINGLE-DETACHED DWELLING,Discretionary,R-2,RESIDENTIAL LOW DENSITY DISTRICT,Cancelled,2001-08-08T00:00:00.000,,,,,,SOC,SOUTH CALGARY,8,SW,51.026865732043824,-114.10761409148193,1,Titled Parcel,2012 30 AV SW,"{""type"":""Point"",""coordinates"":[-114.1076141,51.0268657]}",POINT (-114.10761409148193 51.026865732043824),2002-07-24T00:00:00.000,,,,
"{'type': 'Point', 'coordinates': [-114.18524834521865, 51.056508176430896]}",DP1995-2335,719 COACH BLUFF CR SW,,,CONVERTED JOB - ADDITION OF BASEMENT LEVEL ENTRY,B8172,SINGLE-DETACHED DWELLING,Permitted,R-1,RESIDENTIAL SINGLE-DETACHED DISTRICT,Cancelled,1995-06-12T00:00:00.000,,,,N/A,Development Authority,COA,COACH HILL,6,SW,51.056508176430896,-114.18524834521865,1,Titled Parcel,719 COACH BLUFF CR SW,"{""type"":""Point"",""coordinates"":[-114.1852483,51.0565082]}",POINT (-114.18524834521865 51.056508176430896),1995-06-23T00:00:00.000,,,,
"{'type': 'Point', 'coordinates': [-114.07833778955322, 51.052415748989176]}",DP2004-1423,800 1 AV SW,NORR ARCHITECT PLANNERS,Change of Use - Discretionary Use or Relaxations Required,CHANGES TO THE EXISTING PARKADE RAMP AND SIGNAGE,B1300,APARTMENT BUILDING,Discretionary,DC,DIRECT CONTROL DISTRICT,Released,2004-05-19T00:00:00.000,2004-07-05T00:00:00.000,2005-04-11T00:00:00.000,2007-07-05T00:00:00.000,Approval,Development Authority,EAU,EAU CLAIRE,7,SW,51.052415748989176,-114.07833778955322,1,Titled Parcel,800 1 AV SW,"{""type"":""Point"",""coordinates"":[-114.0783378,51.0524157]}",POINT (-114.07833778955322 51.052415748989176),,,,,
"{'type': 'Point', 'coordinates': [-114.15321941458232, 51.14837340941283]}",DP2004-1599,22 HAMPTONS CL NW,W M WAKERICH BARRISTER & SOLICITOR,Relaxation - Existing - Residential - FastTrack,SIDE YARD  RELAXATION FOR EXISTING DWELLING (ELEVATOR & EAVE),B8172,SINGLE-DETACHED DWELLING,Permitted with a Relaxation,R-1,RESIDENTIAL SINGLE-DETACHED DISTRICT,Released,2004-06-03T00:00:00.000,2004-06-03T00:00:00.000,2004-06-25T00:00:00.000,2005-06-03T00:00:00.000,Approval,Development Authority,HAM,HAMPTONS,2,NW,51.14837340941283,-114.15321941458232,1,Titled Parcel,22 HAMPTONS CL NW,"{""type"":""Point"",""coordinates"":[-114.1532194,51.1483734]}",POINT (-114.15321941458232 51.14837340941283),,,,,
"{'type': 'Point', 'coordinates': [-114.09764804047478, 51.13329058065821]}",DP2007-1209,36 SANDARAC WY NW,,Relaxation - Existing - Residential - FastTrack,SIDE YARD  RELAXATION FOR LANDING AND RAMPS,B8172,SINGLE-DETACHED DWELLING,Permitted with a Relaxation,R-2,RESIDENTIAL LOW DENSITY DISTRICT,Released,2007-04-12T00:00:00.000,2007-04-13T00:00:00.000,2007-05-08T00:00:00.000,2008-04-13T00:00:00.000,Approval,Development Authority,SAN,SANDSTONE VALLEY,4,NW,51.13329058065821,-114.09764804047477,1,Titled Parcel,36 SANDARAC WY NW,"{""type"":""Point"",""coordinates"":[-114.097648,51.1332906]}",POINT (-114.09764804047477 51.13329058065821),,,,,
"{'type': 'Point', 'coordinates': [-114.081550457143, 50.99078991400958]}",DP1998-2599,7112 7 ST SW,,,CONVERTED JOB - ELEVATOR ADDITION TO EXISTING SCHOOL,B8092,SEPARATE SCHOOL,Discretionary,R-1,RESIDENTIAL SINGLE-DETACHED DISTRICT,Released,1998-07-24T00:00:00.000,1998-07-29T00:00:00.000,,1999-07-29T00:00:00.000,Approval,Development Authority,KIN,KINGSLAND,11,SW,50.99078991400958,-114.081550457143,1,Titled Parcel,7112 7 ST SW,"{""type"":""Point"",""coordinates"":[-114.0815505,50.9907899]}",POINT (-114.081550457143 50.99078991400958),1998-09-11T00:00:00.000,,,,
"{'type': 'Point', 'coordinates': [-114.11944790937193, 50.931190475868334]}",DP2016-4925,115 WOODACRES DR SW,CROSS ARCHITECTURE,Residential - Additions over 10 sq metres,"ADDITION: SINGLE DETACHED DWELLING (ATTACHED GARAGE AND ELEVATOR [NORTH ELEVATION], MAIN FLOOR [SOUTH ELEVATION], COVERED DECK [WEST ELEVATION])",C2730,SINGLE DETACHED DWELLING,Discretionary,R-C1,Residential - Contextual One Dwelling,Released,2016-12-01T00:00:00.000,2017-02-23T00:00:00.000,2017-07-06T00:00:00.000,2019-05-23T00:00:00.000,Approval,Development Authority,WBN,WOODBINE,13,SW,50.931190475868334,-114.11944790937193,2,Titled Parcel;Building,115 WOODACRES DR SW;115 WOODACRES DR SW,"{""type"":""MultiPoint"",""coordinates"":[[-114.1194479,50.9311905],[-114.1192831,50.9310378]]}","MULTIPOINT (-114.11944790937193 50.931190475868334,-114.1192830533293 50.93103777090714)",,SDAB2017-0031,1970-08-22T10:53:38.000,Appeal Denied  -  Application Approved,1970-08-22T10:55:23.000
"{'type': 'Point', 'coordinates': [-113.96621249183248, 51.070511984524465]}",DP1994-1662,4759 RUNDLEHORN DR NE,,,CONVERTED JOB - HOME OCCUPATION - (CLASS 2) REPAIR OF TRAMPOLINES (2 YEARS),B5540,HOME OCCUPATION,Discretionary,R-1,RESIDENTIAL SINGLE-DETACHED DISTRICT,Expired,1994-05-09T00:00:00.000,1994-06-02T00:00:00.000,,1996-06-02T00:00:00.000,Approval,Development Authority,RUN,RUNDLE,10,NE,51.070511984524465,-113.96621249183248,1,Titled Parcel,4759 RUNDLEHORN DR NE,"{""type"":""Point"",""coordinates"":[-113.9662125,51.070512]}",POINT (-113.96621249183248 51.070511984524465),,,,,
"{'type': 'Point', 'coordinates': [-114.09477694585547, 51.18107171723706]}",DP2013-4824,14111 14 ST NW,STANTEC CONSULTING,Temporary Structure,"TEMPORARY USE: UTILITY BUILDING, UTILITIES (LIFT STATION SANITARY & STORM)",C2900; C2910,UTILITIES; UTILITY BUILDING,Discretionary,M-X1,Multi-Residential - Low Profile Support Commercial,Expired,2013-11-21T00:00:00.000,2014-05-01T00:00:00.000,2014-06-10T00:00:00.000,2017-05-01T00:00:00.000,Approval,Development Authority,EVN,EVANSTON,2,NW,51.18107171723706,-114.09477694585547,1,Titled Parcel,14111 14 ST NW,"{""type"":""Point"",""coordinates"":[-114.0947769,51.1810717]}",POINT (-114.09477694585547 51.18107171723706),,,,,
"{'type': 'Point', 'coordinates': [-114.07106623602685, 50.934513981036424]}",DP1997-2886,389 CANTRELL DR SW,,,CONVERTED JOB - SIDE YARD RELAXATION FOR EXISTING DWELLING AND RAMP,B8172,SINGLE-DETACHED DWELLING,Permitted,R-1,RESIDENTIAL SINGLE-DETACHED DISTRICT,Released,1997-09-12T00:00:00.000,1997-09-18T00:00:00.000,,1998-09-18T00:00:00.000,Approval,Development Authority,CAN,CANYON MEADOWS,13,SW,50.934513981036424,-114.07106623602685,1,Titled Parcel,389 CANTRELL DR SW,"{""type"":""Point"",""coordinates"":[-114.0710662,50.934514]}",POINT (-114.07106623602685 50.934513981036424),1997-10-16T00:00:00.000,,,,
"{'type': 'Point', 'coordinates': [-114.08504869427603, 51.039073503400566]}",DP1991-2230,1009 15 AV SW,,,CONVERTED JOB - HANDICAPPED ACCESS ELEVATOR ADDITION AND 2 HANDICAPPED PARKING STALLS FOR EXISTING CHURCH,B7620,PUBLIC & QUASI-PUBLIC BUILDING,Discretionary,RM-7,RESIDENTIAL HIGH DENSITY MULTI-DWELLING DISTRICT,Lapsed,1991-09-09T00:00:00.000,1991-10-17T00:00:00.000,,1992-10-17T00:00:00.000,Approval,Development Authority,BLN,BELTLINE,8,SW,51.039073503400566,-114.08504869427603,1,Titled Parcel,1009 15 AV SW,"{""type"":""Point"",""coordinates"":[-114.0850487,51.0390735]}",POINT (-114.08504869427603 51.039073503400566),,,,,
"{'type': 'Point', 'coordinates': [-113.99122655008739, 51.034154221057314]}",DP2010-1461,2046 BIRCH CR SE,HANDYCAP MOBILITY SPECIALISTS,Home Occupation Class 2,HOME OCCUPATION - CLASS 2: HANDICAP AUTO EQUIPPING (3 YEARS),C1730,HOME OCCUPATION - CLASS 2,Discretionary,R-C1,Residential - Contextual One Dwelling,Expired,2010-04-20T00:00:00.000,2010-05-11T00:00:00.000,2010-06-08T00:00:00.000,2012-05-11T00:00:00.000,Approval,Development Authority,SOV,SOUTHVIEW,9,SE,51.034154221057314,-113.99122655008739,2,Titled Parcel;Building,2046 BIRCH CR SE;2046 BIRCH CR SE,"{""type"":""MultiPoint"",""coordinates"":[[-113.9912266,51.0341542],[-113.9911514,51.03409]]}","MULTIPOINT (-113.99122655008739 51.034154221057314,-113.9911514259156 51.03409004656181)",,,,,
"{'type': 'Point', 'coordinates': [-113.99122655008739, 51.034154221057314]}",DP2013-0773,2046 BIRCH CR SE,HANDYCAP MOBILITY SPECIALISTS,Home Occupation Class 2,HOME OCCUPATION - CLASS 2: HANDICAP AUTO EQUIPPING (5 YEARS),C1730,HOME OCCUPATION - CLASS 2,Discretionary,R-C1,Residential - Contextual One Dwelling,Expired,2013-02-26T00:00:00.000,2013-04-05T00:00:00.000,2013-04-29T00:00:00.000,2015-04-05T00:00:00.000,Approval,Development Authority,SOV,SOUTHVIEW,9,SE,51.034154221057314,-113.99122655008739,2,Titled Parcel;Building,2046 BIRCH CR SE;2046 BIRCH CR SE,"{""type"":""MultiPoint"",""coordinates"":[[-113.9912266,51.0341542],[-113.9911514,51.03409]]}","MULTIPOINT (-113.99122655008739 51.034154221057314,-113.9911514259156 51.03409004656181)",,,,,
"{'type': 'Point', 'coordinates': [-114.18205480529157, 51.046460228333046]}",DP2011-2086,12 STRATHAVEN CI SW,HEALTH RESULTS,Home Occupation Class 2,HOME OCCUPATION - CLASS 2: MICRO-CURRENT FACELIFT (3 YEARS),C1730,HOME OCCUPATION - CLASS 2,Discretionary,R-C1,Residential - Contextual One Dwelling,Expired,2011-06-08T00:00:00.000,2011-07-05T00:00:00.000,2011-08-02T00:00:00.000,2012-07-05T00:00:00.000,Approval,Development Authority,STR,STRATHCONA PARK,6,SW,51.046460228333046,-114.18205480529157,2,Titled Parcel;Building,12 STRATHAVEN CI SW;12 STRATHAVEN CI SW,"{""type"":""MultiPoint"",""coordinates"":[[-114.1820548,51.0464602],[-114.1818367,51.046419]]}","MULTIPOINT (-114.18205480529157 51.046460228333046,-114.18183671885966 51.04641899027774)",,,,,
"{'type': 'Point', 'coordinates': [-114.05432327012257, 51.073469935794314]}",DP1999-1597,436 23 AV NE,,,CONVERTED JOB - ADD BSMT LEVEL ENTRY AND JULIETTE BALCONY,B8172,SINGLE-DETACHED DWELLING,Discretionary,R-2,RESIDENTIAL LOW DENSITY DISTRICT,Cancelled,1999-05-18T00:00:00.000,,,,N/A,Development Authority,WIN,WINSTON HEIGHTS/MOUNTVIEW,7,NE,51.073469935794314,-114.05432327012257,1,Titled Parcel,436 23 AV NE,"{""type"":""Point"",""coordinates"":[-114.0543233,51.0734699]}",POINT (-114.05432327012257 51.073469935794314),1999-05-31T00:00:00.000,,,,
"{'type': 'Point', 'coordinates': [-114.09290787204802, 50.998159985336834]}",DP2002-0711,1416 BEVERLEY PL SW,,,ADDITION TO DWELLING (ELEVATOR & SECOND STOREY),B8172,SINGLE-DETACHED DWELLING,Permitted,RR-1,RESTRICTED RESIDENTIAL SINGLE-DETACHED DISTRICT,Cancelled,2002-03-18T00:00:00.000,,,,,,BEL,BEL-AIRE,11,SW,50.998159985336834,-114.09290787204802,1,Titled Parcel,1416 BEVERLEY PL SW,"{""type"":""Point"",""coordinates"":[-114.0929079,50.99816]}",POINT (-114.09290787204802 50.998159985336834),2002-03-22T00:00:00.000,,,,
"{'type': 'Point', 'coordinates': [-114.05066164020191, 50.93461917119316]}",DP2004-1829,111 LAKE TAHOE GR SE,PRIDE CONSTRUCTION,Relaxation - New - Residential,REAR YARD  RELAXATION FOR DECK (WITH WHEEL CHAIR RAMP),B8172,SINGLE-DETACHED DWELLING,Permitted with a Relaxation,R-1,RESIDENTIAL SINGLE-DETACHED DISTRICT,Released,2004-06-23T00:00:00.000,2004-06-29T00:00:00.000,2004-07-26T00:00:00.000,2005-06-29T00:00:00.000,Approval,Development Authority,LKB,LAKE BONAVISTA,14,SE,50.93461917119316,-114.05066164020191,2,Titled Parcel;Building,111 LAKE TAHOE GR SE;111 LAKE TAHOE GR SE,"{""type"":""MultiPoint"",""coordinates"":[[-114.0506616,50.9346192],[-114.050793,50.9344897]]}","MULTIPOINT (-114.05066164020191 50.93461917119316,-114.05079301293102 50.93448974940585)",,,,,
"{'type': 'Point', 'coordinates': [-114.06477883714284, 51.02937850034495]}",DP1995-2379,105 26 AV SW,,,CONVERTED JOB - WHEELCHAIR RAMP,B1300,APARTMENT BUILDING,Discretionary,DC,DIRECT CONTROL DISTRICT,Lapsed,1995-06-14T00:00:00.000,1995-07-13T00:00:00.000,,1996-07-13T00:00:00.000,Approval,Development Authority,MIS,MISSION,11,SW,51.02937850034495,-114.06477883714284,1,Titled Parcel,105 26 AV SW,"{""type"":""Point"",""coordinates"":[-114.0647788,51.0293785]}",POINT (-114.06477883714284 51.02937850034495),,,,,
"{'type': 'Point', 'coordinates': [-114.13099631836185, 51.09285728180203]}",DP2004-2256,23 BRADEN CR NW,,Relaxation - Existing - Residential,SKATEBOARD RAMP,B9996,OTHER RESIDENTIAL,Discretionary,R-1,RESIDENTIAL SINGLE-DETACHED DISTRICT,Refused,2004-07-30T00:00:00.000,2004-09-09T00:00:00.000,,2005-09-09T00:00:00.000,Refusal,Development Authority,BRE,BRENTWOOD,4,NW,51.09285728180203,-114.13099631836185,1,Titled Parcel,23 BRADEN CR NW,"{""type"":""Point"",""coordinates"":[-114.1309963,51.0928573]}",POINT (-114.13099631836185 51.09285728180203),2004-09-14T00:00:00.000,,,,
"{'type': 'Point', 'coordinates': [-114.04352645952112, 51.0509277667895]}",DP2016-2334,830 MCDOUGALL RD NE,ZULUETA ARCHITECTURE,Residential - Multi-Family,"REVISION: MULTI-RESIDENTIAL DEVELOPMENT(GARBAGE ENCLOSURE RAMP, RETAINING WALLS,EXTERIOR FINISHES, 4TH FLOOR DECK, STEPS, IRRIGATION,)",C1572; C2050,EXTERIOR RENOVATIONS; MULTI-RESIDENTIAL DEVELOPMENT,Discretionary,M-C1,Multi-Residential - Contextual Low Profile,Released,2016-06-10T00:00:00.000,2016-09-09T00:00:00.000,2016-09-29T00:00:00.000,2018-09-07T00:00:00.000,Approval,Development Authority,BRD,BRIDGELAND/RIVERSIDE,9,NE,51.05092776678949,-114.04352645952112,2,Titled Parcel;Building,830 MCDOUGALL RD NE;830 MCDOUGALL RD NE,"{""type"":""MultiPoint"",""coordinates"":[[-114.0435265,51.0509278],[-114.0434273,51.0510264]]}","MULTIPOINT (-114.04352645952112 51.05092776678949,-114.04342725598792 51.051026358032935)",,,,,
"{'type': 'Point', 'coordinates': [-114.15982251529657, 51.00957258276376]}",DP2016-2939,5010 50 ST SW,RICK BALBI ARCHITECT,Residential - Multi-Family - Renovations,ADDITION: MULTI-RESIDENTIAL DEVELOPMENT (ELEVATOR ON SOUTH ELEVATION),C2050,MULTI-RESIDENTIAL DEVELOPMENT,Discretionary,M-C1,Multi-Residential - Contextual Low Profile,Released,2016-07-18T00:00:00.000,2016-08-18T00:00:00.000,2016-09-13T00:00:00.000,2018-08-18T00:00:00.000,Approval,Development Authority,GLA,GLAMORGAN,6,SW,51.00957258276376,-114.15982251529657,2,Titled Parcel;Building,5010 50 ST SW;5010 50 ST SW,"{""type"":""MultiPoint"",""coordinates"":[[-114.1598225,51.0095726],[-114.1593984,51.0098184]]}","MULTIPOINT (-114.15982251529657 51.00957258276376,-114.15939838446603 51.009818403705594)",,,,,
"{'type': 'Point', 'coordinates': [-114.107234638003, 51.17068017285899]}",DP2007-3317,419 EVANSDALE WY NW,CALGARY HABITAT FOR HUMANITY,Relaxation - Existing - Residential,SIDE YARD  RELAXATION FOR EXISTING DWELLING (HANDICAP LANDING],B8172,SINGLE-DETACHED DWELLING,Permitted with a Relaxation,R-1A,RESIDENTIAL NARROW LOT SINGLE DETACHED DISTRICT,Released,2007-09-17T00:00:00.000,2007-09-20T00:00:00.000,2007-10-17T00:00:00.000,2009-09-20T00:00:00.000,Approval,Development Authority,EVN,EVANSTON,2,NW,51.17068017285899,-114.107234638003,1,Titled Parcel,419 EVANSDALE WY NW,"{""type"":""Point"",""coordinates"":[-114.1072346,51.1706802]}",POINT (-114.107234638003 51.17068017285899),,,,,
"{'type': 'Point', 'coordinates': [-113.99122655008739, 51.034154221057314]}",DP2009-0594,2046 BIRCH CR SE,HANDYCAP MOBILITY SPECIALISTS,Home Occupation Class 2,HOME OCCUPATION - CLASS 2: HANDICAP AUTO EQUIPPING (1 YEAR),C1730,HOME OCCUPATION - CLASS 2,Discretionary,R-C1,Residential - Contextual One Dwelling,Expired,2009-02-27T00:00:00.000,2009-04-08T00:00:00.000,2009-05-11T00:00:00.000,2011-04-08T00:00:00.000,Approval,Development Authority,SOV,SOUTHVIEW,9,SE,51.034154221057314,-113.99122655008739,2,Titled Parcel;Building,2046 BIRCH CR SE;2046 BIRCH CR SE,"{""type"":""MultiPoint"",""coordinates"":[[-113.9912266,51.0341542],[-113.9911514,51.03409]]}","MULTIPOINT (-113.99122655008739 51.034154221057314,-113.9911514259156 51.03409004656181)",,,,,
"{'type': 'Point', 'coordinates': [-114.04343263500049, 51.03541195785628]}",DP1994-1971,1918 ALEXANDER ST SE,,,CONVERTED JOB - FRONT YARD RELAXATION FOR PROPOSED RAMP/DECK,B8172,SINGLE-DETACHED DWELLING,Discretionary,R-2,RESIDENTIAL LOW DENSITY DISTRICT,Released,1994-06-01T00:00:00.000,1994-07-27T00:00:00.000,,1997-09-22T00:00:00.000,Approval,Development Authority,RAM,RAMSAY,9,SE,51.03541195785628,-114.04343263500047,1,Titled Parcel,1918 ALEXANDER ST SE,"{""type"":""Point"",""coordinates"":[-114.0434326,51.035412]}",POINT (-114.04343263500047 51.03541195785628),1994-10-13T00:00:00.000,,1970-08-19T19:08:42.000,Appeal Denied  -  Application Approved,
"{'type': 'Point', 'coordinates': [-114.04566991320303, 51.05888380219417]}",DP2016-1461,802 7 AV NE,INERTIA,Change of Use - With Change to Site Plan,CHANGES TO SITE PLAN: ASSISTED LIVING(PARKING AND RAMP); CHANGE OF USE: ASSISTED LIVING,C1110,ASSISTED LIVING,Discretionary,R-C2,Residential - Contextual One/Two Dwelling,Released,2016-04-18T00:00:00.000,2016-08-12T00:00:00.000,2017-03-02T00:00:00.000,2018-08-12T00:00:00.000,Approval,Development Authority,REN,RENFREW,9,NE,51.05888380219417,-114.04566991320303,2,Titled Parcel;Building,802 7 AV NE;802 7 AV NE,"{""type"":""MultiPoint"",""coordinates"":[[-114.0456699,51.0588838],[-114.0456281,51.0590099]]}","MULTIPOINT (-114.04566991320303 51.05888380219417,-114.04562812661915 51.05900987224959)",,,,,
"{'type': 'Point', 'coordinates': [-114.24672706028298, 51.128980081917405]}",DP2013-3615,2 TUSCANY VALLEY HT NW,,Relaxation - Existing - Accessory Building,RELAXATION: ACCESSORY RESIDENTIAL BUILDING (EXISTING SKATEBOARD RAMP) - PROHIBITED OBJECT,C1020,ACCESSORY RESIDENTIAL BUILDING,Permitted with a Relaxation,R-C1N,Residential - Contextual Narrow Parcel One Dwelling,Refused,2013-08-28T00:00:00.000,2013-11-06T00:00:00.000,,,Refusal,Development Authority,TUS,TUSCANY,1,NW,51.128980081917405,-114.24672706028298,2,Titled Parcel;Building,2 TUSCANY VALLEY HT NW;2 TUSCANY VALLEY HT NW,"{""type"":""MultiPoint"",""coordinates"":[[-114.2467271,51.1289801],[-114.2467679,51.1290669]]}","MULTIPOINT (-114.24672706028298 51.128980081917405,-114.24676793972566 51.12906690731975)",2013-11-07T00:00:00.000,SDAB2013-0177,1970-08-22T02:28:36.000,Appeal Denied  -  Application Refused,1970-08-22T02:28:51.000
"{'type': 'Point', 'coordinates': [-113.96621249183248, 51.070511984524465]}",DP1996-1462,4759 RUNDLEHORN DR NE,,,CONVERTED JOB - HOME OCCUPATION - TRAMPOLINE REPAIR (RENEWAL OF DP#94/1662) (FIVE YEARS),B5550,HOME OCCUPATION - CLASS 2,Discretionary,R-1,RESIDENTIAL SINGLE-DETACHED DISTRICT,Released,1996-05-31T00:00:00.000,1996-06-26T00:00:00.000,,1997-06-26T00:00:00.000,Approval,Development Authority,RUN,RUNDLE,10,NE,51.070511984524465,-113.96621249183248,1,Titled Parcel,4759 RUNDLEHORN DR NE,"{""type"":""Point"",""coordinates"":[-113.9662125,51.070512]}",POINT (-113.96621249183248 51.070511984524465),1996-07-23T00:00:00.000,,,,
"{'type': 'Point', 'coordinates': [-114.07626678762168, 50.93558105651846]}",DP1991-2871,108 CANTRELL DR SW,,,CONVERTED JOB - HOME OCCUPATION - DESK & TELEPHONE FOR ELEVATOR CO. (3 YEARS),B5540,HOME OCCUPATION,Discretionary,R-1,RESIDENTIAL SINGLE-DETACHED DISTRICT,Expired,1991-11-22T00:00:00.000,1991-12-19T00:00:00.000,,1994-12-19T00:00:00.000,Approval,Development Authority,CAN,CANYON MEADOWS,13,SW,50.93558105651846,-114.07626678762168,1,Titled Parcel,108 CANTRELL DR SW,"{""type"":""Point"",""coordinates"":[-114.0762668,50.9355811]}",POINT (-114.07626678762168 50.93558105651846),,,,,
"{'type': 'Point', 'coordinates': [-114.08687404833452, 51.03708435731385]}",DP2006-2522,1716 10 ST SW,RICK BALBI ARCHITECT LTD,Residential - Multi-Family - Renovations,ADDITION TO EXISTING APARTMENT BUILDING (PENTHOUSE SUITE) AND SIDE YARD RELAXATION FOR ELEVATOR SHAFT,B1300,APARTMENT BUILDING,Discretionary,RM-5,RESIDENTIAL MEDIUM DENSITY MULTI-DWELL DISTRICT,Lapsed,2006-07-25T00:00:00.000,2006-09-06T00:00:00.000,2006-10-03T00:00:00.000,2008-09-06T00:00:00.000,Approval,Development Authority,LMR,MOUNT ROYAL LOWER,8,SW,51.03708435731385,-114.08687404833452,1,Titled Parcel,1716 10 ST SW,"{""type"":""Point"",""coordinates"":[-114.086874,51.0370844]}",POINT (-114.08687404833452 51.03708435731385),,,,,
"{'type': 'Point', 'coordinates': [-114.08049413510987, 51.09322730332031]}",DP2006-1288,419 NORTHMOUNT DR NW,HIGHWOOD LUTHERAN CHURCH OF CALGARY ALTA.,Change of Use - Discretionary Use or Relaxations Required,ADDITION TO CHURCH (FOYER AND WHEEL CHAIR LIFT),B7620,PUBLIC & QUASI-PUBLIC BUILDING,Discretionary,R-2,RESIDENTIAL LOW DENSITY DISTRICT,Released,2006-04-21T00:00:00.000,2006-05-24T00:00:00.000,2006-06-20T00:00:00.000,2007-05-24T00:00:00.000,Approval,Development Authority,HIW,HIGHWOOD,4,NW,51.09322730332031,-114.08049413510987,1,Titled Parcel,419 NORTHMOUNT DR NW,"{""type"":""Point"",""coordinates"":[-114.0804941,51.0932273]}",POINT (-114.08049413510987 51.09322730332031),,,,,
"{'type': 'Point', 'coordinates': [-114.1555254984984, 51.02331655056239]}",DP2016-1967,4725 33 AV SW,HFKS ARCHITECTS,Change of Use - With Change to Site Plan,EXTERIOR RENOVATIONS: CHANGES TO SITE PLAN: SCHOOL AUTHORITY - SCHOOL (BARRIER FREE ENTRANCES AND ENTRANCE CANOPIES),C2580,SCHOOL AUTHORITY - SCHOOL,Permitted,R-C2; S-CS; S-SPR,"Residential - Contextual One/Two Dwelling; Special Purpose - Community Service; Special Purpose - School, Park and Community Reserve",Released,2016-05-20T00:00:00.000,2016-06-16T00:00:00.000,2016-06-17T00:00:00.000,2018-06-15T00:00:00.000,Approval,Development Authority,GBK,GLENBROOK,6,SW,51.02331655056239,-114.15552549849839,3,Titled Parcel;Titled Parcel;Building,4725 33 AV SW;4712 35 AV SW;4725 33 AV SW,"{""type"":""MultiPoint"",""coordinates"":[[-114.1555255,51.0233166],[-114.1547336,51.0224434],[-114.1549975,51.0235114]]}","MULTIPOINT (-114.15552549849839 51.02331655056239,-114.15473360087425 51.02244341822243,-114.15499749343424 51.02351140419994)",,,,,
"{'type': 'Point', 'coordinates': [-114.18205480529157, 51.046460228333046]}",DP2010-1252,12 STRATHAVEN CI SW,,Home Occupation Class 2,HOME OCCUPATION - CLASS 2: MICRO-CURRENT FACELIFT (1 YEAR),C1730,HOME OCCUPATION - CLASS 2,Discretionary,R-C1,Residential - Contextual One Dwelling,Expired,2010-04-06T00:00:00.000,2010-05-19T00:00:00.000,2010-06-15T00:00:00.000,2011-05-19T00:00:00.000,Approval,Development Authority,STR,STRATHCONA PARK,6,SW,51.046460228333046,-114.18205480529157,2,Titled Parcel;Building,12 STRATHAVEN CI SW;12 STRATHAVEN CI SW,"{""type"":""MultiPoint"",""coordinates"":[[-114.1820548,51.0464602],[-114.1818367,51.046419]]}","MULTIPOINT (-114.18205480529157 51.046460228333046,-114.18183671885966 51.04641899027774)",,,,,
"{'type': 'Point', 'coordinates': [-114.2548902112604, 51.09344623478361]}",DP2011-0465,84 VALLEY RIDGE GR NW,,Relaxation - Existing - Residential,RELAXATION: SKATEBOARD RAMP (1 YEAR),C9999,OTHER,Discretionary,R-C1,Residential - Contextual One Dwelling,Expired,2011-02-10T00:00:00.000,2011-02-22T00:00:00.000,2011-03-22T00:00:00.000,2012-02-22T00:00:00.000,Approval,Development Authority,VAL,VALLEY RIDGE,1,NW,51.09344623478361,-114.2548902112604,1,Titled Parcel,84 VALLEY RIDGE GR NW,"{""type"":""Point"",""coordinates"":[-114.2548902,51.0934462]}",POINT (-114.2548902112604 51.09344623478361),,,,,
"{'type': 'Point', 'coordinates': [-114.03226392345469, 51.03924544880914]}",DP2011-4911,1401 10 AV SE,LANTERN COMMUNITY CHRISTIAN REFORMED CHURCH OF CALGARY.,Renovations - Non-Residential,NEW: EXTERIOR RENOVATIONS (WHEELCHAIR RAMP),C1572,EXTERIOR RENOVATIONS,Discretionary,R-C2,Residential - Contextual One/Two Dwelling,Released,2011-12-21T00:00:00.000,2012-01-26T00:00:00.000,2012-02-21T00:00:00.000,2014-01-26T00:00:00.000,Approval,Development Authority,ING,INGLEWOOD,9,SE,51.03924544880914,-114.03226392345469,2,Titled Parcel;Building,1401 10 AV SE;1401 10 AV SE,"{""type"":""MultiPoint"",""coordinates"":[[-114.0322639,51.0392454],[-114.0323995,51.039114]]}","MULTIPOINT (-114.03226392345469 51.03924544880914,-114.03239954839111 51.03911399025303)",,,,,
"{'type': 'Point', 'coordinates': [-114.05927726675013, 51.06611794948619]}",DP2016-2284,210 15 AV NE,NORR ARCHITECTS ENGINEERS PLANNERS,Residential - Multi-Family - Renovations,CHANGES TO SITE PLAN: MULTI-RESIDENTIAL DEVELOPMENT (ADDING BARRIER FREE RAMP & LANDSCAPING),C2050,MULTI-RESIDENTIAL DEVELOPMENT,Discretionary,M-C2,Multi-Residential - Contextual Medium Profile,Released,2016-06-08T00:00:00.000,2016-08-18T00:00:00.000,2016-09-19T00:00:00.000,2018-08-18T00:00:00.000,Approval,Development Authority,CRE,CRESCENT HEIGHTS,7,NE,51.06611794948619,-114.05927726675013,2,Titled Parcel;Building,210 15 AV NE;210 15 AV NE,"{""type"":""MultiPoint"",""coordinates"":[[-114.0592773,51.0661179],[-114.0592759,51.0662271]]}","MULTIPOINT (-114.05927726675013 51.06611794948619,-114.05927589382614 51.06622709414083)",,,,,
"{'type': 'Point', 'coordinates': [-114.06872099961814, 51.03238781690439]}",DP2016-3533,2210 2 ST SW,,Change of Use - With Change to Site Plan,ADDITION: RESIDENTIAL CARE - TEMPORARY ELEVATOR - 3 YEARS,C2440,RESIDENTIAL CARE,Discretionary,DC,Direct Control (1P2007),Cancelled,2016-08-25T00:00:00.000,2016-10-06T00:00:00.000,2016-11-08T00:00:00.000,2019-10-06T00:00:00.000,Approval,Development Authority,MIS,MISSION,11,SW,51.03238781690439,-114.06872099961814,2,Titled Parcel;Building,2210 2 ST SW;2210 2 ST SW,"{""type"":""MultiPoint"",""coordinates"":[[-114.068721,51.0323878],[-114.0670812,51.0324335]]}","MULTIPOINT (-114.06872099961814 51.03238781690439,-114.06708120103387 51.03243349365928)",,,,,
"{'type': 'Point', 'coordinates': [-114.22813113261826, 51.11968568600476]}",DP2017-1783,636 SCHOONER CV NW,DBH BARRISTERS & SOLICITORS,Relaxation - Existing - Residential,"RELAXATION: EAVES (EXISTING) - PROJECTION INTO SIDE SETBACK, SKATEBOARD RAMP (EXISTING) - LENGTH",C2730,SINGLE DETACHED DWELLING,Discretionary,R-C1,Residential - Contextual One Dwelling,Released,2017-05-02T00:00:00.000,2017-06-08T00:00:00.000,2017-07-05T00:00:00.000,2019-06-08T00:00:00.000,Approval,Development Authority,SCE,SCENIC ACRES,1,NW,51.11968568600476,-114.22813113261826,2,Titled Parcel;Building,636 SCHOONER CV NW;636 SCHOONER CV NW,"{""type"":""MultiPoint"",""coordinates"":[[-114.2281311,51.1196857],[-114.2282298,51.1195923]]}","MULTIPOINT (-114.22813113261826 51.11968568600476,-114.22822981556904 51.11959226198168)",,,,,
"{'type': 'Point', 'coordinates': [-114.16612211766554, 51.08001325794005]}",DP2017-1894,2111 52 ST NW,FORM 3 DESIGN 2004,Commercial - Other Areas,CHANGES TO SITE PLAN: PLACE OF WORSHIP - SMALL (BARRIER-FREE STALLS); ADDITION: PLACE OF WORSHIP - SMALL (FRONT ENTRY),C2280,PLACE OF WORSHIP - SMALL,Discretionary,R-C1,Residential - Contextual One Dwelling,Released,2017-05-09T00:00:00.000,2017-06-23T00:00:00.000,2017-07-17T00:00:00.000,2019-06-23T00:00:00.000,Approval,Development Authority,MON,MONTGOMERY,7,NW,51.08001325794005,-114.16612211766552,2,Titled Parcel;Building,2111 52 ST NW;2111 52 ST NW,"{""type"":""MultiPoint"",""coordinates"":[[-114.1661221,51.0800133],[-114.1662358,51.0803102]]}","MULTIPOINT (-114.16612211766552 51.08001325794005,-114.16623582652939 51.080310178470825)",,,,,
"{'type': 'Point', 'coordinates': [-114.08098265541425, 51.054015294592034]}",DP2004-2139,934 MEMORIAL DR NW,M C P CONSULTANTS INC,Residential - Multi-Family - Renovations,ADDITION TO MULTI-DWELLING RESIDENTIAL (HANDICAP RAMP),B1300,APARTMENT BUILDING,Discretionary,RM-2,RESIDENTIAL LOW DENSITY MULTI-DWELLING DISTRICT,Released,2004-07-21T00:00:00.000,2004-08-31T00:00:00.000,2005-06-07T00:00:00.000,2005-08-31T00:00:00.000,Approval,Development Authority,SSD,SUNNYSIDE,7,NW,51.054015294592034,-114.08098265541425,1,Titled Parcel,934 MEMORIAL DR NW,"{""type"":""Point"",""coordinates"":[-114.0809827,51.0540153]}",POINT (-114.08098265541425 51.054015294592034),,,,,
"{'type': 'Point', 'coordinates': [-113.93665994616123, 51.087839777427]}",DP1996-1847,16 TEMPLESON WY NE,,,CONVERTED JOB - FRONT YARD RELAXATION FOR EXISTING RAMP/DECK,B8172,SINGLE-DETACHED DWELLING,Permitted,R-1,RESIDENTIAL SINGLE-DETACHED DISTRICT,Released,1996-07-08T00:00:00.000,1996-07-11T00:00:00.000,,1998-07-11T00:00:00.000,Approval,Development Authority,TEM,TEMPLE,10,NE,51.087839777427,-113.93665994616123,1,Titled Parcel,16 TEMPLESON WY NE,"{""type"":""Point"",""coordinates"":[-113.9366599,51.0878398]}",POINT (-113.93665994616123 51.087839777427),1996-08-02T00:00:00.000,,,,
"{'type': 'Point', 'coordinates': [-114.06217303380755, 51.101262860860274]}",DP2015-5022,5600 CENTRE ST NE,GEC ARCHITECTURE,Renovations - Non-Residential,EXTERIOR RENOVATIONS: COMMUNITY RECREATION FACILITY (REFURBISH EXTERIOR STAIRS AND RAMPS),C1350,COMMUNITY RECREATION FACILITY,Discretionary,R-C2,Residential - Contextual One/Two Dwelling,Released,2015-12-03T00:00:00.000,2015-12-16T00:00:00.000,2016-01-12T00:00:00.000,2017-12-16T00:00:00.000,Approval,Development Authority,THO,THORNCLIFFE,4,NE,51.101262860860274,-114.06217303380755,2,Titled Parcel;Building,5600 CENTRE ST NE;5600 CENTRE ST NE,"{""type"":""MultiPoint"",""coordinates"":[[-114.062173,51.1012629],[-114.061685,51.1014933]]}","MULTIPOINT (-114.06217303380755 51.101262860860274,-114.06168501808098 51.101493263267244)",,,,,
"{'type': 'Point', 'coordinates': [-114.12502066792617, 51.067737184973986]}",DP2020-5254,2727 16 AV NW,ZEIDLER ARCHITECTURE,Renovations - Non-Residential,EXTERIOR RENOVATIONS: ASSISTED LIVING (ELEVATOR SHAFT IN COURTYARD),C1110,ASSISTED LIVING,Discretionary,M-C2,Multi-Residential - Contextual Medium Profile,Released,2020-08-21T00:00:00.000,2020-09-28T00:00:00.000,2020-10-23T00:00:00.000,2022-09-28T00:00:00.000,Approval,Development Authority,STA,ST. ANDREWS HEIGHTS,7,NW,51.067737184973986,-114.12502066792617,2,Titled Parcel;Building,2727 16 AV NW;2727 16 AV NW,"{""type"":""MultiPoint"",""coordinates"":[[-114.1250207,51.0677372],[-114.1249277,51.0672898]]}","MULTIPOINT (-114.12502066792617 51.067737184973986,-114.12492770804577 51.06728981293443)",,,,,
"{'type': 'Point', 'coordinates': [-114.06014345181295, 51.11101878656903]}",DP2017-4154,#501 6505 HUNTRIDGE HL NE,1838766 ALBERTA,Change of Use - With Change to Site Plan,"CHANGES TO SITE PLAN: MULTI-RESIDENTIAL DEVELOPMENT (NEW RAMP, PARKING RECONFIGURATION), CHANGE OF USE: CHILD CARE SERVICE (60 CHILDREN), NEW: SIGN-CLASS B",C1310; C2050,CHILD CARE SERVICE; MULTI-RESIDENTIAL DEVELOPMENT,Discretionary,M-C1,Multi-Residential - Contextual Low Profile,Released,2017-09-12T00:00:00.000,2017-12-20T00:00:00.000,2018-02-20T00:00:00.000,2019-12-20T00:00:00.000,Approval,Development Authority,HUN,HUNTINGTON HILLS,4,NE,51.11101878656903,-114.06014345181295,6,Titled Parcel;Building;Building Suite;Building Suite;Building Suite;Building Suite,6505 HUNTRIDGE HL NE;#500 6505 HUNTRIDGE HL NE;#503 6505 HUNTRIDGE HL NE;#501 6505 HUNTRIDGE HL NE;#502 6505 HUNTRIDGE HL NE;#504 6505 HUNTRIDGE HL NE,"{""type"":""MultiPoint"",""coordinates"":[[-114.0601435,51.1110188],[-114.0602481,51.1108528],[-114.0601957,51.1108115],[-114.0603001,51.1108942],[-114.0603015,51.1108105],[-114.0601943,51.1108957]]}","MULTIPOINT (-114.06014345181295 51.11101878656903,-114.0602480872979 51.110852847032454,-114.06019567950104 51.11081145878788,-114.06030008095833 51.11089417253939,-114.06030148578947 51.110810451373666,-114.0601942893786 51.11089565639521)",,,,,
"{'type': 'Point', 'coordinates': [-113.99122655008739, 51.034154221057314]}",DP2018-0842,2046 BIRCH CR SE,HANDYCAP MOBILITY SPECIALISTS,Home Occupation Class 2,TEMPORARY USE: HOME OCCUPATION - CLASS 2 (HANDICAP AUTO EQUIPPING) - 5 YEARS,C1730,HOME OCCUPATION - CLASS 2,Discretionary,R-C1,Residential - Contextual One Dwelling,Released,2018-03-02T00:00:00.000,2018-03-22T00:00:00.000,2018-04-24T00:00:00.000,2020-03-22T00:00:00.000,Approval,Development Authority,SOV,SOUTHVIEW,9,SE,51.034154221057314,-113.99122655008739,2,Titled Parcel;Building,2046 BIRCH CR SE;2046 BIRCH CR SE,"{""type"":""MultiPoint"",""coordinates"":[[-113.9912266,51.0341542],[-113.9911514,51.03409]]}","MULTIPOINT (-113.99122655008739 51.034154221057314,-113.9911514259156 51.03409004656181)",,,,,
"{'type': 'Point', 'coordinates': [-114.11670626927634, 51.183452101354185]}",DP2020-4815,2000 144 AV NW,,Temporary Structure,TEMPORARY USE: UTILITIES (SANITARY LIFT STATION),C2900,UTILITIES,Permitted,R-G,Residential - Low Density Mixed Housing,Cancelled,2020-08-04T00:00:00.000,2021-02-11T00:00:00.000,,2023-02-11T00:00:00.000,Approval,Development Authority,ABT,AMBLETON,2,NW,51.183,-114.117,1,Titled Parcel,2000 144 AV NW,"{""type"":""Point"",""coordinates"":[-114.1167063,51.1834521]}",POINT (-114.11670626927634 51.183452101354185),2022-03-22T00:00:00.000,,,,
"{'type': 'Point', 'coordinates': [-114.09606771480352, 51.07157914405794]}",DP2019-1502,1522 21 AV NW,NEXT ARCHITECTURE,Change of Use - With Change to Site Plan,CHANGES TO SITE PLAN: COMMUNITY RECREATION FACILITY (LANDSCAPING); EXTERIOR RENOVATIONS: COMMUNITY RECREATION FACILITY (RAMP); ACCESSORY RESIDENTIAL BUILDING (GARAGE),C1350,COMMUNITY RECREATION FACILITY,Discretionary,R-C2,Residential - Contextual One/Two Dwelling,Released,2019-03-29T00:00:00.000,2019-07-08T00:00:00.000,2019-08-07T00:00:00.000,2021-07-08T00:00:00.000,Approval,Development Authority,CAP,CAPITOL HILL,7,NW,51.071579144057935,-114.09606771480352,2,Titled Parcel;Building,1522 21 AV NW;1522 21 AV NW,"{""type"":""MultiPoint"",""coordinates"":[[-114.0960677,51.0715791],[-114.0960642,51.0716687]]}","MULTIPOINT (-114.09606771480352 51.071579144057935,-114.09606423301751 51.07166865730321)",,,,,
"{'type': 'Point', 'coordinates': [-114.15049281759931, 51.07805533299043]}",DP2019-5183,383 SMITH ST NW,S2 ARCHITECTURE,Change of Use - With Change to Site Plan,"REVISION: MULTI-RESIDENTIAL DEVELOPMENT (CHANGES TO DP2017-5129 - MOTOR VEHICLE PARKING STALL VOLUMETRIC CLEARANCE, RAMP, RELOCATION OF TRANSFORMER, RELAXATION OF 1 PARKING STALL)",C2050,MULTI-RESIDENTIAL DEVELOPMENT,Discretionary,M-2,Multi-Residential - Medium Profile,In Advertising,2019-10-04T00:00:00.000,2019-11-06T00:00:00.000,,2021-11-06T00:00:00.000,Approval,Development Authority,UND,UNIVERSITY DISTRICT,7,NW,51.07805533299043,-114.15049281759931,2,Titled Parcel;Building,383 SMITH ST NW;383 SMITH ST NW,"{""type"":""MultiPoint"",""coordinates"":[[-114.1504928,51.0780553],[-114.1506238,51.0780988]]}","MULTIPOINT (-114.15049281759931 51.07805533299043,-114.15062375138778 51.078098818295)",,,,,
"{'type': 'Point', 'coordinates': [-113.97781032187457, 50.87545807503309]}",DP2020-8033,11 CRANARCH PT SE,,Relaxation - Existing - Residential,RELAXATION: SKATEBOARD RAMP (EXISTING) - HEIGHT AND LENGTH,C2730,SINGLE DETACHED DWELLING,Permitted with a Relaxation,R-1,Residential - One Dwelling,Pending Appeal,2020-12-11T00:00:00.000,2021-05-21T00:00:00.000,,,Refusal,Development Authority,CRA,CRANSTON,12,SE,50.87545807503309,-113.97781032187457,1,Titled Parcel,11 CRANARCH PT SE,"{""type"":""Point"",""coordinates"":[-113.9778103,50.8754581]}",POINT (-113.97781032187457 50.87545807503309),2021-05-25T00:00:00.000,SDAB2021-0041,2021-08-05T00:00:00.000,Appeal Denied  -  Application Refused,2021-08-20T00:00:00.000
"{'type': 'Point', 'coordinates': [-113.97161855152004, 51.064879074998494]}",DP2021-4293,1436 43 ST NE,,Relaxation - New - Residential,"RELAXATION: RETAINING WALL (WHEELCHAIR RAMP) - HEIGHT, DECK - HEIGHT",C1455; C2535,DECK; RETAINING WALL,Discretionary,R-C1,Residential - Contextual One Dwelling,Released,2021-06-12T00:00:00.000,2021-10-04T00:00:00.000,2021-10-29T00:00:00.000,2023-10-04T00:00:00.000,Approval,Development Authority,MRL,MARLBOROUGH,10,NE,51.065,-113.972,2,Titled Parcel;Building,1436 43 ST NE;1436 43 ST NE,"{""type"":""MultiPoint"",""coordinates"":[[-113.9716186,51.0648791],[-113.97144,51.0648862]]}","MULTIPOINT ((-113.97161855152004 51.064879074998494),(-113.97143996940628 51.06488617831734))",,,,,
"{'type': 'Point', 'coordinates': [-114.082270840016, 50.992217198703564]}",DP2019-3841,911 68 AV SW,MC2DESIGN,Renovations - Non-Residential,CHANGES TO SITE PLAN: PLACE OF WORSHIP - MEDIUM (RAMP),C2270,PLACE OF WORSHIP - MEDIUM,Discretionary,M-C1; R-C2,Multi-Residential - Contextual Low Profile; Residential - Contextual One/Two Dwelling,Released,2019-07-26T00:00:00.000,2019-08-22T00:00:00.000,2019-10-09T00:00:00.000,2021-08-22T00:00:00.000,Approval,Development Authority,KIN,KINGSLAND,11,SW,50.992217198703564,-114.082270840016,3,Titled Parcel;Titled Parcel;Titled Parcel,915 68 AV SW;911 68 AV SW;921 68 AV SW,"{""type"":""MultiPoint"",""coordinates"":[[-114.0822708,50.9922172],[-114.0820525,50.9922175],[-114.0826282,50.9922187]]}","MULTIPOINT (-114.082270840016 50.992217198703564,-114.08205252893235 50.9922175320253,-114.08262815246363 50.992218690570745)",,,,,
"{'type': 'Point', 'coordinates': [-114.21741963677307, 51.01453858810917]}",DP2018-5161,30 DISCOVERY RIDGE MR SW,L C P CONTRACTING & RENOVATIONS,Residential - Additions 10 sq metres and under,ADDITION: SINGLE DETACHED DWELLING (ELEVATOR TOWER) - BUILDING SETBACK FROM REAR PROPERTY LINE,C2730,SINGLE DETACHED DWELLING,Permitted with a Relaxation,R-1,Residential - One Dwelling,Released,2018-11-01T00:00:00.000,2018-11-23T00:00:00.000,2018-12-21T00:00:00.000,2020-11-23T00:00:00.000,Approval,Development Authority,DIS,DISCOVERY RIDGE,6,SW,51.01453858810917,-114.21741963677307,2,Titled Parcel;Building,30 DISCOVERY RIDGE MR SW;30 DISCOVERY RIDGE MR SW,"{""type"":""MultiPoint"",""coordinates"":[[-114.2174196,51.0145386],[-114.2174281,51.0144078]]}","MULTIPOINT (-114.21741963677307 51.01453858810917,-114.21742806050739 51.01440778892275)",,,,,
"{'type': 'Point', 'coordinates': [-114.1021310243799, 51.015067080875426]}",DP2020-4127,4403 16A ST SW,,Relaxation - New - Residential,RELAXATION: SKATEBOARD AND SPORTS RAMP - LENGTH AND HEIGHT,C9999,OTHER,Discretionary,R-C2,Residential - Contextual One/Two Dwelling,Released,2020-07-06T00:00:00.000,2020-08-06T00:00:00.000,2020-09-08T00:00:00.000,2022-08-06T00:00:00.000,Approval,Development Authority,ALT,ALTADORE,8,SW,51.015067080875426,-114.1021310243799,2,Titled Parcel;Building,4403 16A ST SW;4403 16A ST SW,"{""type"":""MultiPoint"",""coordinates"":[[-114.102131,51.0150671],[-114.1023142,51.0150751]]}","MULTIPOINT (-114.1021310243799 51.015067080875426,-114.10231417412496 51.01507506539893)",,,,,
"{'type': 'Point', 'coordinates': [-114.06094901272334, 51.02170330219689]}",DP2018-3423,3645 MACLEOD TR SW,RIDDELL KURCZABA ARCHITECTURE,Change of Use - With Change to Site Plan,"REVISION: MULTI-USE COMMERCIAL (REVISIONS TO DP2015-4607 - ADDITION OF PARKING AT PARKADE LEVEL, CHANGES TO SURFACE PARKING AND RAMPS, MINOR CHANGES TO CONVENIENCE STORE AND CAR WASH ELEVATIONS)",C1260; C1400; C1540; C1680; C1910,CAR WASH - SINGLE VEHICLE; CONVENIENCE FOOD STORE; DWELLING UNIT; GAS BAR; LIQUOR STORE,Discretionary,C-COR2 f3.0h30,Commercial - Corridor 2,Released,2018-07-17T00:00:00.000,2018-08-20T00:00:00.000,2019-01-28T00:00:00.000,2020-08-20T00:00:00.000,Approval,Development Authority,PKH,PARKHILL,11,SW,51.02170330219689,-114.06094901272334,5,Titled Parcel;Building;Building;Building Suite;Building Suite,8 MISSION RD SW;8 MISSION RD SW;3623 MACLEOD TR SW;12 MISSION RD SW;3645 MACLEOD TR SW,"{""type"":""MultiPoint"",""coordinates"":[[-114.060949,51.0217033],[-114.0608118,51.0218202],[-114.0603178,51.0224294],[-114.0609854,51.0217594],[-114.0607314,51.0218855]]}","MULTIPOINT (-114.06094901272334 51.02170330219689,-114.06081178983175 51.0218202137223,-114.06031778086813 51.02242938277041,-114.0609853758282 51.02175935241916,-114.06073135657742 51.02188552127744)",,,,,
"{'type': 'Point', 'coordinates': [-114.07496424632988, 51.0190809621263]}",DP2019-4192,317 39 AV SW,,Relaxation - Existing - Residential,TEMPORARY USE: SKATEBOARD RAMP (EXISTING)- SETBACK FROM SIDE AND REAR PROPERTY LINE - 5 YEARS,C9999,OTHER,Discretionary,R-C1,Residential - Contextual One Dwelling,Released,2019-08-15T00:00:00.000,2019-09-25T00:00:00.000,2019-10-25T00:00:00.000,2021-09-25T00:00:00.000,Approval,Development Authority,EPK,ELBOW PARK,11,SW,51.0190809621263,-114.07496424632988,2,Titled Parcel;Building,317 39 AV SW;317 39 AV SW,"{""type"":""MultiPoint"",""coordinates"":[[-114.0749642,51.019081],[-114.0749584,51.0189905]]}","MULTIPOINT (-114.07496424632988 51.0190809621263,-114.07495841365136 51.01899051974772)",,,,,
"{'type': 'Point', 'coordinates': [-114.12845069677533, 51.02301075753911]}",DP2019-5829,#216B 3504 SARCEE RD SW,SAHURI + PARTNERS ARCHITECTURE,Commercial - Other Areas,"ADDITION: RESIDENTIAL CARE (ELEVATOR SHAFT, SOUTH ELEVATION)",C2440,RESIDENTIAL CARE,Discretionary,S-CI,Special Purpose - Community Institution,Released,2019-11-13T00:00:00.000,2019-12-31T00:00:00.000,2020-02-04T00:00:00.000,2021-12-31T00:00:00.000,Approval,Development Authority,RUT,RUTLAND PARK,8,SW,51.02301075753911,-114.12845069677533,3,Titled Parcel;Building;Building Suite,3504 SARCEE RD SW;3504 SARCEE RD SW;#216B 3504 SARCEE RD SW,"{""type"":""MultiPoint"",""coordinates"":[[-114.1284507,51.0230108],[-114.1270155,51.0221314],[-114.1270155,51.0221314]]}","MULTIPOINT (-114.12845069677533 51.02301075753911,-114.12701548483783 51.02213136460245,-114.12701548483783 51.02213136460245)",,,,,
"{'type': 'Point', 'coordinates': [-114.07171163481888, 51.006816380684455]}",DP2021-0711,401 52 AV SW,,Change of Use - With Change to Site Plan,CHANGES TO SITE PLAN: ASSISTED LIVING (RAMP ADDITION AND FRONT PATIO),C1110,ASSISTED LIVING,Discretionary,R-C2,Residential - Contextual One/Two Dwelling,Released,2021-02-04T00:00:00.000,2021-03-19T00:00:00.000,2021-04-22T00:00:00.000,,Approval,Development Authority,WND,WINDSOR PARK,11,SW,51.006816380684455,-114.07171163481888,3,Titled Parcel;Building;Building,401 52 AV SW;401 52 AV SW;403 52 AV SW,"{""type"":""MultiPoint"",""coordinates"":[[-114.0717116,51.0068164],[-114.0717157,51.0067171],[-114.0718181,51.0067173]]}","MULTIPOINT (-114.07171163481888 51.006816380684455,-114.07171571367813 51.00671709490457,-114.07181807859796 51.00671730172555)",,,,,
"{'type': 'Point', 'coordinates': [-114.050166165411, 50.9686820320057]}",DP2018-4447,9427 ABBOTT PL SE,,Relaxation - Existing - Accessory Building,RELAXATION: SKATEBOARD AND SPORTS RAMP (EXISTING) - LENGTH,C9999,OTHER,Discretionary,R-C1,Residential - Contextual One Dwelling,Released,2018-09-17T00:00:00.000,2018-10-25T00:00:00.000,2018-11-27T00:00:00.000,2020-10-25T00:00:00.000,Approval,Development Authority,ACA,ACADIA,11,SE,50.9686820320057,-114.05016616541099,1,Titled Parcel,9427 ABBOTT PL SE,"{""type"":""Point"",""coordinates"":[-114.0501662,50.968682]}",POINT (-114.05016616541099 50.9686820320057),,,,,
"{'type': 'Point', 'coordinates': [-114.07919484980332, 51.037033384520925]}",DP2019-0167,1720 7 ST SW,MODERN OFFICE OF DESIGN & ARCHITECTURE,Change of Use - With Change to Site Plan,CHANGES TO SITE PLAN: MULTI-RESIDENTIAL DEVELOPMENT (LANDSCAPING AND RAMP),C2050,MULTI-RESIDENTIAL DEVELOPMENT,Discretionary,M-C2,Multi-Residential - Contextual Medium Profile,Released,2019-01-11T00:00:00.000,2019-02-21T00:00:00.000,2019-03-28T00:00:00.000,2021-02-21T00:00:00.000,Approval,Development Authority,LMR,MOUNT ROYAL LOWER,8,SW,51.037033384520925,-114.07919484980332,1,Titled Parcel,1720 7 ST SW,"{""type"":""Point"",""coordinates"":[-114.0791948,51.0370334]}",POINT (-114.07919484980332 51.037033384520925),,,,,
"{'type': 'Point', 'coordinates': [-114.07179134466377, 51.077703960495754]}",DP2024-07629,501 28 AV NW,,Residential - Multi-Family,"NEW: ROWHOUSE BUILDING (1 BUILDING), SECONDARY SUITE (4 SUITES), ACCESSORY RESIDENTIAL BUILDING (GARAGE, MOBILITY STORAGE, WASTE AND RECYCLING ENCLOSURE - 2)",C1020; C2540; C2626,ACCESSORY RESIDENTIAL BUILDING; ROWHOUSE BUILDING; SECONDARY SUITE,Discretionary,R-CG,Residential - Grade-Oriented Infill,Cancelled,2024-10-25T00:00:00.000,,,,,,MOP,MOUNT PLEASANT,7,NW,51.078,-114.072,2,Titled Parcel;Building,501 28 AV NW;501 28 AV NW,"{""type"":""MultiPoint"",""coordinates"":[[-114.0717913,51.077704],[-114.0717781,51.0776337]]}","MULTIPOINT ((-114.07179134466377 51.077703960495754),(-114.0717780783767 51.077633741233456))",2025-01-15T00:00:00.000,,,,
"{'type': 'Point', 'coordinates': [-113.98032958578024, 51.04039825106401]}",DP2023-08972,1511 37 ST SE,,Residential - Multi-Family,"NEW: DWELLING UNITS (2 BUILDINGS), SECONDARY SUITES (5 SUITES), ACCESSORY RESIDENTIAL BUILDING (MOBILITY STORAGE)",C9999,OTHER,Permitted,R-CG,Residential - Grade-Oriented Infill,Cancelled,2023-12-19T00:00:00.000,,,,,,FLN,FOREST LAWN,9,SE,51.040,-113.980,1,Titled Parcel,1511 37 ST SE,"{""type"":""Point"",""coordinates"":[-113.9803296,51.0403983]}",POINT (-113.98032958578024 51.04039825106401),2025-05-17T00:00:00.000,,,,
"{'type': 'Point', 'coordinates': [-114.07336098261909, 51.043734549953065]}",DP2025-02854,550 10 AV SW,O2 PLANNING AND DESIGN,Change of Use - With Change to Site Plan,"REVISION: CHANGES TO SITE PLAN: MULTI-RESIDENTIAL DEVELOPMENT, RETAIL AND CONSUMER SERVICE (ADDING OUTDOOR SAUNAS, POOLS, PATIO & RELOCATING PUBLICLY ACCESSIBLE PRIVATE OPEN SPACE)",C2050; C2515,MULTI-RESIDENTIAL DEVELOPMENT; RETAIL AND CONSUMER SERVICE,Discretionary,DC,Direct Control (1P2007),Released,2025-05-15T00:00:00.000,2025-07-28T00:00:00.000,2025-10-01T00:00:00.000,2028-07-28T00:00:00.000,Approval,Development Authority,BLN,BELTLINE,8,SW,51.044,-114.073,2,Titled Parcel;Building Suite,538 10 AV SW;550 10 AV SW,"{""type"":""MultiPoint"",""coordinates"":[[-114.073361,51.0437345],[-114.0734572,51.0439317]]}","MULTIPOINT ((-114.07336098261909 51.043734549953065),(-114.07345716652824 51.04393167940032))",,,,,
"{'type': 'Point', 'coordinates': [-114.07123196618336, 51.08428842466935]}",DP2025-04911,458 35 AV NW,,Renovations - Non-Residential,ADDITION: PLACE OF WORSHIP - SMALL (COVERED ENTRANCE); CHANGES TO SITE PLAN: PLACE OF WORSHIP - SMALL (NEW STAIRS & RAMP),C2280,PLACE OF WORSHIP - SMALL,Discretionary,R-CG,Residential - Grade-Oriented Infill,Released,2025-08-25T00:00:00.000,2025-11-07T00:00:00.000,2025-12-11T00:00:00.000,2027-11-07T00:00:00.000,Approval,Development Authority,HPK,HIGHLAND PARK,4,NW,51.084,-114.071,2,Titled Parcel;Building,458 35 AV NW;458 35 AV NW,"{""type"":""MultiPoint"",""coordinates"":[[-114.071232,51.0842884],[-114.0712189,51.0844276]]}","MULTIPOINT ((-114.07123196618336 51.08428842466935),(-114.07121894908813 51.084427646678876))",,,,,
"{'type': 'Point', 'coordinates': [-114.16147140828443, 51.077679119805936]}",DP2024-02680,4932 21 AV NW,,Residential - Multi-Family,"NEW: SEMI-DETACHED DWELLING (2 BUILDINGS); SECONDARY SUITES (4 SUITES); ACCESSORY RESIDENTIAL BUILDING (GARAGE, MOBILITY STORAGE - 4)",C9999,OTHER,Discretionary,R-CG,Residential - Grade-Oriented Infill,Released,2024-04-17T00:00:00.000,2024-09-11T00:00:00.000,2025-01-07T00:00:00.000,2026-12-23T00:00:00.000,Approval,Development Authority,MON,MONTGOMERY,7,NW,51.078,-114.161,2,Titled Parcel;Building,4932 21 AV NW;4932 21 AV NW,"{""type"":""MultiPoint"",""coordinates"":[[-114.1614714,51.0776791],[-114.1613805,51.0777215]]}","MULTIPOINT ((-114.16147140828443 51.077679119805936),(-114.16138046547509 51.0777215148991))",,SDAB2024-0061,2024-12-09T00:00:00.000,Appeal Allowed in Part - Conditions Revised,2024-12-23T00:00:00.000
"{'type': 'Point', 'coordinates': [-114.05679149188906, 51.076166936582624]}",DP2024-03938,312 26 AV NE,FORMED ALLIANCE ARCHITECTURE STUDIO,Residential - Multi-Family,"NEW: SEMI-DETACHED DWELLING (2 BUILDING), SECONDARY SUITE (4 SUITES), ACCESSORY RESIDENTIAL BUILDING (GARAGE, MOBILITY STORAGE - 4)",C9999,OTHER,Discretionary,R-CG,Residential - Grade-Oriented Infill,Released,2024-06-03T00:00:00.000,2024-12-16T00:00:00.000,2025-05-05T00:00:00.000,2026-12-16T00:00:00.000,Approval,Development Authority,TUX,TUXEDO PARK,7,NE,51.076,-114.057,2,Titled Parcel;Building,312 26 AV NE;312 26 AV NE,"{""type"":""MultiPoint"",""coordinates"":[[-114.0567915,51.0761669],[-114.0567522,51.0762436]]}","MULTIPOINT ((-114.05679149188906 51.076166936582624),(-114.05675215684109 51.07624358376169))",,,,,
"{'type': 'Point', 'coordinates': [-114.19199886680063, 51.08368350728608]}",DP2025-02275,7311 34 AV NW,CALGARY CATHOLIC SCHOOL DISTRICT,Renovations - Non-Residential,EXTERIOR RENOVATIONS: SCHOOL AUTHORITY - SCHOOL (NEW ELEVATOR),C2580,SCHOOL AUTHORITY - SCHOOL,Permitted,R-CG,Residential - Grade-Oriented Infill,Released,2025-04-17T00:00:00.000,2025-05-21T00:00:00.000,2025-05-21T00:00:00.000,2027-05-21T00:00:00.000,Approval,Development Authority,BOW,BOWNESS,1,NW,51.084,-114.192,2,Titled Parcel;Building,7311 34 AV NW;7311 34 AV NW,"{""type"":""MultiPoint"",""coordinates"":[[-114.1919989,51.0836835],[-114.1913503,51.0832996]]}","MULTIPOINT ((-114.19199886680063 51.08368350728608),(-114.19135026251764 51.083299614412745))",,,,,
"{'type': 'Point', 'coordinates': [-114.14097840382287, 51.032538744473854]}",DP2023-06498,2416 37 ST SW,FORMED ALLIANCE ARCHITECTURE STUDIO,Residential - Multi-Family,"NEW: DWELLING UNITS & SECONDARY SUITES (2 BUILDINGS), ACCESSORY RESIDENTIAL BUILDING (MOBILITY STORAGE)",C2626,SECONDARY SUITE,Permitted with a Relaxation,H-GO,Housing - Grade Oriented District (H-GO),Released,2023-09-15T00:00:00.000,2024-03-07T00:00:00.000,2024-09-30T00:00:00.000,2026-03-07T00:00:00.000,Approval,Development Authority,KIL,KILLARNEY/GLENGARRY,8,SW,51.033,-114.141,1,Titled Parcel,2416 37 ST SW,"{""type"":""Point"",""coordinates"":[-114.1409784,51.0325387]}",POINT (-114.14097840382287 51.032538744473854),,,,,
"{'type': 'Point', 'coordinates': [-113.96577023818467, 51.15615012959926]}",DP2025-02315,26 SKYVIEW SHORES PL NE,,Relaxation - New - Residential,NEW: DECK (WHEELCHAIR RAMP) - PROJECTION INTO FRONT SETBACK,C1455,DECK,Permitted with a Relaxation,R-G,Residential - Low Density Mixed Housing,Cancelled,2025-04-21T00:00:00.000,,,,,,SKR,SKYVIEW RANCH,5,NE,51.156,-113.966,2,Titled Parcel;Building,26 SKYVIEW SHORES PL NE;26 SKYVIEW SHORES PL NE,"{""type"":""MultiPoint"",""coordinates"":[[-113.9657702,51.1561501],[-113.9656125,51.1560743]]}","MULTIPOINT ((-113.96577023818467 51.15615012959926),(-113.9656125069098 51.156074337296054))",2025-05-26T00:00:00.000,,,,
"{'type': 'Point', 'coordinates': [-114.11454678317335, 51.05355868207075]}",DP2024-01804,2328 1 AV NW,JOHN TRINH & ASSOCIATES,Residential - Multi-Family,"NEW: ROWHOUSE BUILDING (1 BUILDING), TOWNHOUSE (1 BUILDING), SECONDARY SUITES (6 SUITES), ACCESSORY RESIDENTIAL BUILDING (GARAGE, MOBILITY STORAGE LOCKERS - 4, BICYCLE LOCKERS - 2)",C9999,OTHER,Discretionary,R-CG,Residential - Grade-Oriented Infill,Released,2024-03-14T00:00:00.000,2024-10-24T00:00:00.000,2025-12-09T00:00:00.000,2027-03-13T00:00:00.000,Approval,Development Authority,WHL,WEST HILLHURST,7,NW,51.054,-114.115,1,Titled Parcel,2328 1 AV NW,"{""type"":""Point"",""coordinates"":[-114.1145468,51.0535587]}",POINT (-114.11454678317335 51.05355868207075),,SDAB2024-0076,2025-02-20T00:00:00.000,Appeal Denied  -  Application Approved,2025-03-13T00:00:00.000
"{'type': 'Point', 'coordinates': [-114.05173119297649, 51.07593875441184]}",DP2024-08812,511 26 AV NE,,Residential - Multi-Family,"NEW:  TOWNHOUSE (1 BUILDING), SECONDARY SUITE (4 SUITES), ACCESSORY RESIDENTIAL BUILDING (MOBILITY STORAGE)",C1020; C2626; C2870,ACCESSORY RESIDENTIAL BUILDING; SECONDARY SUITE; TOWNHOUSE,Discretionary,R-CG,Residential - Grade-Oriented Infill,Cancelled,2024-12-16T00:00:00.000,,,,,,WIN,WINSTON HEIGHTS/MOUNTVIEW,4,NE,51.076,-114.052,1,Titled Parcel,511 26 AV NE,"{""type"":""Point"",""coordinates"":[-114.0517312,51.0759388]}",POINT (-114.05173119297649 51.07593875441184),2026-03-05T00:00:00.000,,,,
"{'type': 'Point', 'coordinates': [-113.97995802938652, 51.0396755476559]}",DP2023-08971,1536 37 ST SE,FORMED ALLIANCE ARCHITECTURE STUDIO,Residential - Multi-Family,"NEW: DWELLING UNITS (2 BUILDING), SECONDARY SUITES (5 SUITES), ACCESSORY RESIDENTIAL BUILDING (MOBILITY STORAGE)",C9999,OTHER,Permitted,R-CG,Residential - Grade-Oriented Infill,Pending Release,2023-12-19T00:00:00.000,2024-11-28T00:00:00.000,,2026-11-28T00:00:00.000,Approval,Development Authority,FLN,FOREST LAWN,9,SE,51.040,-113.980,2,Titled Parcel;Building,1536 37 ST SE;1536 37 ST SE,"{""type"":""MultiPoint"",""coordinates"":[[-113.979958,51.0396755],[-113.979822,51.0396815]]}","MULTIPOINT ((-113.97995802938652 51.0396755476559),(-113.97982195244622 51.03968151140937))",,,,,
"{'type': 'Point', 'coordinates': [-114.14386181546615, 51.04412301753299]}",DP2025-01496,924 39 ST SW,MARCEL DESIGN STUDIO,Residential - Multi-Family,"NEW: MULTI-RESIDENTIAL DEVELOPMENT (1 BUILDING), SECONDARY SUITE (4 SUITES), ACCESSORY RESIDENTIAL BUILDING (GARAGE, MOBILITY STORAGE - 2)",C1020; C2050; C2626,ACCESSORY RESIDENTIAL BUILDING; MULTI-RESIDENTIAL DEVELOPMENT; SECONDARY SUITE,Discretionary,M-C1,Multi-Residential - Contextual Low Profile,Pending Release,2025-03-14T00:00:00.000,2025-08-18T00:00:00.000,,2027-08-18T00:00:00.000,Approval,Development Authority,RCK,ROSSCARROCK,8,SW,51.044,-114.144,2,Titled Parcel;Building,924 39 ST SW;924 39 ST SW,"{""type"":""MultiPoint"",""coordinates"":[[-114.1438618,51.044123],[-114.1436737,51.0442641]]}","MULTIPOINT ((-114.14386181546615 51.04412301753299),(-114.14367374288138 51.044264064157595))",,,,,
"{'type': 'Point', 'coordinates': [-114.12970935057811, 51.040238032553326]}",DP2024-01065,1435 29 ST SW,MARCEL DESIGN STUDIO,Residential - Multi-Family - Minor and Rowhouses,"NEW: ROWHOUSE BUILDING (1 BUILDING), SECONDARY SUITE (4 SUITES), ACCESSORY RESIDENTIAL BUILDING (GARAGE AND MOBILITY STORAGE)",C2540; C2626,ROWHOUSE BUILDING; SECONDARY SUITE,Permitted,R-CG,Residential - Grade-Oriented Infill,Released,2024-02-14T00:00:00.000,2024-05-14T00:00:00.000,2025-09-22T00:00:00.000,2026-05-14T00:00:00.000,Approval,Development Authority,SHG,SHAGANAPPI,8,SW,51.040,-114.130,1,Titled Parcel,1435 29 ST SW,"{""type"":""Point"",""coordinates"":[-114.1297094,51.040238]}",POINT (-114.12970935057811 51.040238032553326),,,,,
"{'type': 'Point', 'coordinates': [-114.0780216351302, 50.97996248719369]}",DP2025-02808,8247 4A ST SW,PHASE ONE,Residential - Multi-Family,"NEW: DWELLING UNIT (2 BUILDINGS), SECONDARY SUITE (4 SUITES), ACCESSORY RESIDENTIAL BUILDING (MOBILITY STORAGE)",C1020; C1540; C2626,ACCESSORY RESIDENTIAL BUILDING; DWELLING UNIT; SECONDARY SUITE,Permitted,H-GO,Housing - Grade Oriented District (H-GO),Pending Release,2025-05-13T00:00:00.000,2025-08-14T00:00:00.000,,2027-08-14T00:00:00.000,Approval,Development Authority,KIN,KINGSLAND,11,SW,50.980,-114.078,2,Titled Parcel;Building,8247 4A ST SW;8247 4A ST SW,"{""type"":""MultiPoint"",""coordinates"":[[-114.0780216,50.9799625],[-114.0781665,50.9799779]]}","MULTIPOINT ((-114.0780216351302 50.97996248719369),(-114.07816651818943 50.97997787982683))",,,,,
"{'type': 'Point', 'coordinates': [-114.09631067022774, 51.02026811504199]}",DP2025-02655,1530 38 AV SW,AMAYA ARCHITECTURAL DESIGN,Residential - Multi-Family,"NEW: ROWHOUSE BUILDING (1 BUILDING), ACCESSORY RESIDENTIAL BUILDING (MOBILITY STORAGE) SECONDARY SUITE (4 SUITES)",C1020; C2540; C2626,ACCESSORY RESIDENTIAL BUILDING; ROWHOUSE BUILDING; SECONDARY SUITE,Discretionary,R-CG,Residential - Grade-Oriented Infill,Pending Release,2025-05-06T00:00:00.000,2025-09-04T00:00:00.000,,2027-09-04T00:00:00.000,Approval,Development Authority,ALT,ALTADORE,8,SW,51.020,-114.096,2,Titled Parcel;Building,3829 14A ST SW;1530 38 AV SW,"{""type"":""MultiPoint"",""coordinates"":[[-114.0963107,51.0202681],[-114.0964157,51.0202595]]}","MULTIPOINT ((-114.09631067022774 51.02026811504199),(-114.09641569779224 51.020259452190075))",,,,,
"{'type': 'Point', 'coordinates': [-114.10572979719106, 51.055506432416074]}",DP2025-06007,401 19 ST NW,JOHN TRINH & ASSOCIATES,Residential - Multi-Family,"NEW: ROWHOUSE BUILDING (1 BUILDING), ACCESSORY RESIDENTIAL BUILDING (GARAGE, MOBILITY STORAGE AND WASTE AND RECYCLING ENCLOSURE)",C1020; C2540,ACCESSORY RESIDENTIAL BUILDING; ROWHOUSE BUILDING,Discretionary,R-CG,Residential - Grade-Oriented Infill,Hold,2025-10-22T00:00:00.000,,,,,,WHL,WEST HILLHURST,7,NW,51.056,-114.106,2,Titled Parcel;Building,401 19 ST NW;401 19 ST NW,"{""type"":""MultiPoint"",""coordinates"":[[-114.1057298,51.0555064],[-114.1058726,51.0555138]]}","MULTIPOINT ((-114.10572979719106 51.055506432416074),(-114.1058725818809 51.05551384555001))",,,,,
"{'type': 'Point', 'coordinates': [-114.11245409026057, 51.08845421926244]}",DP2025-06578,4 CHEYENNE CR NW,,Residential - Multi-Family,"NEW: ROWHOUSE BUILDING (1 BUILDING), ACCESSORY RESIDENTIAL BUILDING (GARAGE AND MOBILITY STORAGE), SECONDARY SUITE (4 SUITES)",C1020; C2626; C2870,ACCESSORY RESIDENTIAL BUILDING; SECONDARY SUITE; TOWNHOUSE,Discretionary,R-CG,Residential - Grade-Oriented Infill,Hold,2025-11-20T00:00:00.000,,,,,,CHW,CHARLESWOOD,4,NW,51.088,-114.112,2,Titled Parcel;Building,4 CHEYENNE CR NW;4 CHEYENNE CR NW,"{""type"":""MultiPoint"",""coordinates"":[[-114.1124541,51.0884542],[-114.112329,51.0884782]]}","MULTIPOINT ((-114.11245409026057 51.08845421926244),(-114.11232896476176 51.08847821610458))",,,,,
"{'type': 'Point', 'coordinates': [-114.0561105902434, 51.08162223146797]}",DP2025-07093,324 32 AV NE,TRICOR DESIGN GROUP,Residential - Multi-Family,"NEW: TOWNHOUSE (1 BUILDING), ACCESSORY RESIDENTIAL BUILDING (GARAGE AND MOBILITY STORAGE), SECONDARY SUITES (BASEMENT)",C1020; C2626; C2870,ACCESSORY RESIDENTIAL BUILDING; SECONDARY SUITE; TOWNHOUSE,Discretionary,R-CG,Residential - Grade-Oriented Infill,In Circulation,2025-12-09T00:00:00.000,,,,,,HPK,HIGHLAND PARK,4,NE,51.082,-114.056,2,Titled Parcel;Building,324 32 AV NE;324 32 AV NE,"{""type"":""MultiPoint"",""coordinates"":[[-114.0561106,51.0816222],[-114.0561366,51.0817234]]}","MULTIPOINT ((-114.0561105902434 51.08162223146797),(-114.05613661628631 51.08172338879704))",,,,,
"{'type': 'Point', 'coordinates': [-114.07894710102822, 50.96279575011567]}",DP2025-00828,603 101 AV SW,PHASE ONE,Residential - Multi-Family,"NEW: DWELLING UNITS (1 BUILDING), SECONDARY SUITES (5 SUITES), ACCESSORY RESIDENTIAL BUILDINGS (GARAGE, MOBILITY STORAGE, WASTE AND RECYCLING -3)",C1020; C1540; C2626,ACCESSORY RESIDENTIAL BUILDING; DWELLING UNIT; SECONDARY SUITE,Permitted,H-GO,Housing - Grade Oriented District (H-GO),Pending Release,2025-02-13T00:00:00.000,2025-11-10T00:00:00.000,,2027-11-10T00:00:00.000,Approval,Development Authority,SOW,SOUTHWOOD,11,SW,50.963,-114.079,2,Titled Parcel;Building,10271 SACRAMENTO DR SW;603 101 AV SW,"{""type"":""MultiPoint"",""coordinates"":[[-114.0789471,50.9627958],[-114.0791211,50.9629513]]}","MULTIPOINT ((-114.07894710102822 50.96279575011567),(-114.0791211240514 50.962951255859835))",,,,,
"{'type': 'Point', 'coordinates': [-114.18344994183586, 51.082341293097]}",DP2024-06812,6507 33 AV NW,TRICOR DESIGN GROUP,Residential - Multi-Family,"NEW: ROWHOUSE BUILDING (1 BUILDING), SEMI-DETACHED DWELLING (1 BUILDING), SECONDARY SUITE (5 SUITES), ACCESSORY RESIDENTIAL BUILDING (MOBILITY STORAGE) (2 PHASES)",C1020; C2540; C2626; C2640,ACCESSORY RESIDENTIAL BUILDING; ROWHOUSE BUILDING; SECONDARY SUITE; SEMI-DETACHED DWELLING,Discretionary,R-CG,Residential - Grade-Oriented Infill,Released,2024-09-18T00:00:00.000,2025-01-31T00:00:00.000,2025-07-02T00:00:00.000,2027-01-31T00:00:00.000,Approval,Development Authority,BOW,BOWNESS,1,NW,51.082,-114.183,2,Titled Parcel;Building,6507 33 AV NW;6507 33 AV NW,"{""type"":""MultiPoint"",""coordinates"":[[-114.1834499,51.0823413],[-114.1835154,51.0822499]]}","MULTIPOINT ((-114.18344994183586 51.082341293097),(-114.18351540367541 51.08224990910339))",,,,,
"{'type': 'Point', 'coordinates': [-114.20652894914954, 51.087401767623604]}",DP2025-00668,8128 33 AV NW,WIZ DESIGN & BUILD,Residential - Multi-Family,"NEW: SEMI-DETACHED DWELLING (2 BUILDINGS), SECONDARY SUITE (4 SUITES), ACCESSORY RESIDENTIAL BUILDING (MOBILITY STORAGE LOCKER)",C1020; C2626; C2640,ACCESSORY RESIDENTIAL BUILDING; SECONDARY SUITE; SEMI-DETACHED DWELLING,Discretionary,R-CG,Residential - Grade-Oriented Infill,Released,2025-02-05T00:00:00.000,2025-05-05T00:00:00.000,2025-11-04T00:00:00.000,2027-05-05T00:00:00.000,Approval,Development Authority,BOW,BOWNESS,1,NW,51.087,-114.207,1,Titled Parcel,8128 33 AV NW,"{""type"":""Point"",""coordinates"":[-114.2065289,51.0874018]}",POINT (-114.20652894914954 51.087401767623604),,,,,
"{'type': 'Point', 'coordinates': [-114.19332913731019, 51.084352547769825]}",DP2026-01830,3512 73 ST NW,,Residential - Multi-Family,"REVISION: ROWHOUSE BUILDING, SECONDARY SUITE, ACCESSORY RESIDENTIAL BUILDING (LANDSCAPING AND MOBILITY STORAGE)",C1020; C2540; C2626,ACCESSORY RESIDENTIAL BUILDING; ROWHOUSE BUILDING; SECONDARY SUITE,Discretionary,R-CG,Residential - Grade-Oriented Infill,Cancelled,2026-03-31T00:00:00.000,,,,,,BOW,BOWNESS,1,NW,51.084,-114.193,1,Titled Parcel,3512 73 ST NW,"{""type"":""Point"",""coordinates"":[-114.1933291,51.0843525]}",POINT (-114.19332913731019 51.084352547769825),2026-04-08T00:00:00.000,,,,
"{'type': 'Point', 'coordinates': [-114.0658531007475, 50.92120313521838]}",DP2026-02501,51 PROVIDENCE BV SE,LOLA ARCHITECTURE,Change of Use - With Change to Site Plan,"CHANGES TO SITE PLAN: RESIDENTIAL CARE (GATE, RAMP & PARKING STALL)",C2440,RESIDENTIAL CARE,Discretionary,S-CI,Special Purpose - Community Institution,Hold,2026-04-29T00:00:00.000,,,,,,MID,MIDNAPORE,14,SE,50.921,-114.066,2,Titled Parcel;Building,51 PROVIDENCE BV SE;51 PROVIDENCE BV SE,"{""type"":""MultiPoint"",""coordinates"":[[-114.0658531,50.9212031],[-114.0658284,50.9210266]]}","MULTIPOINT ((-114.0658531007475 50.92120313521838),(-114.06582843099774 50.921026569010486))",,,,,
"{'type': 'Point', 'coordinates': [-114.00090056190025, 50.98309452430728]}",DP2025-02626,2515 78 AV SE,LEMAY ARCHITECTURE & DESIGN,Change of Use - With Change to Site Plan,"CHANGES TO SITE PLAN: PROTECTIVE AND EMERGENCY SERVICE (BARRIER-FREE PARKING, WASTE AND RECYCLING ENCLOSURE AND REFURBISH BUILDING FAÇADE); NEW: SIGN - CLASS A (ADDRESS SIGN), SIGN - CLASS B (FASCIA SIGNS - 3)",C2370; C2680,PROTECTIVE AND EMERGENCY SERVICE; SIGN - CLASS B,Discretionary,R-CG,Residential - Grade-Oriented Infill,Released,2025-05-05T00:00:00.000,2025-09-24T00:00:00.000,2025-10-27T00:00:00.000,2027-09-24T00:00:00.000,Approval,Development Authority,OGD,OGDEN,9,SE,50.983,-114.001,2,Titled Parcel;Building,2515 78 AV SE;2515 78 AV SE,"{""type"":""MultiPoint"",""coordinates"":[[-114.0009006,50.9830945],[-114.0011766,50.9828851]]}","MULTIPOINT ((-114.00090056190025 50.98309452430728),(-114.00117664689101 50.98288513076572))",,,,,
"{'type': 'Point', 'coordinates': [-114.14981725671363, 51.02160901156643]}",DP2024-07376,3719 43 ST SW,,Residential - Multi-Family,"NEW: SEMI-DETACHED DWELLING (2 BUILDINGS), SECONDARY SUITES (4 SUITES) ACCESSORY RESIDENTIAL BUILDING (GARAGE, MOBILITY STORAGE LOCKERS - 2)",C9999,OTHER,Discretionary,R-CG,Residential - Grade-Oriented Infill,Cancelled,2024-10-16T00:00:00.000,,,,,,GBK,GLENBROOK,6,SW,51.022,-114.150,1,Titled Parcel,3719 43 ST SW,"{""type"":""Point"",""coordinates"":[-114.1498173,51.021609]}",POINT (-114.14981725671363 51.02160901156643),2026-04-30T00:00:00.000,,,,
"{'type': 'Point', 'coordinates': [-113.97655636146565, 51.03483290344861]}",DP2024-06797,4012 21 AV SE,K5 DESIGNS,Residential - Multi-Family,"NEW: ROWHOUSE BUILDING (1 BUILDING), SECONDARY SUITE (4 SUITES), ACCESSORY RESIDENTIAL BUILDING (MOBILITY STORAGE LOCKER)",C1020; C2540; C2626,ACCESSORY RESIDENTIAL BUILDING; ROWHOUSE BUILDING; SECONDARY SUITE,Discretionary,R-CG,Residential - Grade-Oriented Infill,Released,2024-09-18T00:00:00.000,2025-02-12T00:00:00.000,2025-06-19T00:00:00.000,2027-02-12T00:00:00.000,Approval,Development Authority,FLN,FOREST LAWN,9,SE,51.035,-113.977,1,Titled Parcel,4012 21 AV SE,"{""type"":""Point"",""coordinates"":[-113.9765564,51.0348329]}",POINT (-113.97655636146565 51.03483290344861),,,,,
"{'type': 'Point', 'coordinates': [-113.96577023818467, 51.15615012959926]}",DP2025-03245,26 SKYVIEW SHORES PL NE,KSQUARE DESIGN STUDIO,Change of Use - With Change to Site Plan,CHANGES TO SITE PLAN: RESIDENTIAL CARE (WHEELCHAIR RAMPS),C2440,RESIDENTIAL CARE,Discretionary,R-G,Residential - Low Density Mixed Housing,Released,2025-06-02T00:00:00.000,2025-10-06T00:00:00.000,2026-04-14T00:00:00.000,2027-10-06T00:00:00.000,Approval,Development Authority,SKR,SKYVIEW RANCH,5,NE,51.156,-113.966,2,Titled Parcel;Building,26 SKYVIEW SHORES PL NE;26 SKYVIEW SHORES PL NE,"{""type"":""MultiPoint"",""coordinates"":[[-113.9657702,51.1561501],[-113.9656125,51.1560743]]}","MULTIPOINT ((-113.96577023818467 51.15615012959926),(-113.9656125069098 51.156074337296054))",,,,,
"{'type': 'Point', 'coordinates': [-114.15402925577634, 51.021258094582834]}",DP2024-05928,3739 GLENBROOK DR SW,ANDISON RESIDENTIAL DESIGN,Residential - Multi-Family,"NEW: ROWHOUSE BUILDING (1 BUILDING), TOWNHOUSE (1 BUILDING), SECONDARY SUITE (8 SUITES), ACCESSORY RESIDENTIAL BUILDING (MOBILITY STORAGE LOCKERS)",C2540; C2626,ROWHOUSE BUILDING; SECONDARY SUITE,Discretionary,R-CG,Residential - Grade-Oriented Infill,Released,2024-08-14T00:00:00.000,2025-02-27T00:00:00.000,2025-10-22T00:00:00.000,2027-02-27T00:00:00.000,Approval,Development Authority,GBK,GLENBROOK,6,SW,51.021,-114.154,2,Titled Parcel;Titled Parcel,3739 GLENBROOK DR SW;3741 GLENBROOK DR SW,"{""type"":""MultiPoint"",""coordinates"":[[-114.1540293,51.0212581],[-114.1540349,51.021126]]}","MULTIPOINT ((-114.15402925577634 51.021258094582834),(-114.15403487574847 51.021125991403565))",,,,,
"{'type': 'Point', 'coordinates': [-114.08285060674297, 50.99905743344902]}",DP2024-08134,6016 ELBOW DR SW,MIDNIGHT DESIGN STUDIO,Residential - Multi-Family,"NEW: TOWNHOUSE (1 BUILDING), ACCESSORY RESIDENTIAL BUILDINGS (GARAGE, MOBILITY STORAGE -3)",C1020; C2626; C2870,ACCESSORY RESIDENTIAL BUILDING; SECONDARY SUITE; TOWNHOUSE,Discretionary,R-CG,Residential - Grade-Oriented Infill,Released,2024-11-15T00:00:00.000,2025-07-03T00:00:00.000,2026-02-05T00:00:00.000,2027-07-03T00:00:00.000,Approval,Development Authority,MEA,MEADOWLARK PARK,11,SW,50.999,-114.083,2,Titled Parcel;Building,6016 ELBOW DR SW;6016 ELBOW DR SW,"{""type"":""MultiPoint"",""coordinates"":[[-114.0828506,50.9990574],[-114.0827439,50.9990481]]}","MULTIPOINT ((-114.08285060674297 50.99905743344902),(-114.08274389719708 50.999048114721305))",,,,,
"{'type': 'Point', 'coordinates': [-114.0828868941279, 50.983583540292756]}",DP2023-06550,7820 ELBOW DR SW,FORMED ALLIANCE ARCHITECTURE STUDIO,Residential - Multi-Family,"NEW: DWELLING UNITS & SECONDARY SUITES (2 BUILDINGS), ACCESSORY RESIDENTIAL BUILDING (MOBILITY STORAGE & WASTE STORAGE)",C1020; C1540; C2626,ACCESSORY RESIDENTIAL BUILDING; DWELLING UNIT; SECONDARY SUITE,Permitted with a Relaxation,H-GO,Housing - Grade Oriented District (H-GO),Released,2023-09-18T00:00:00.000,2024-05-30T00:00:00.000,2025-09-17T00:00:00.000,2026-05-30T00:00:00.000,Approval,Development Authority,KIN,KINGSLAND,11,SW,50.984,-114.083,2,Titled Parcel;Building,7820 ELBOW DR SW;7820 ELBOW DR SW,"{""type"":""MultiPoint"",""coordinates"":[[-114.0828869,50.9835835],[-114.0826678,50.9835969]]}","MULTIPOINT ((-114.0828868941279 50.983583540292756),(-114.0826678491175 50.983596892568514))",,,,,
"{'type': 'Point', 'coordinates': [-114.08510742312944, 50.97344372636473]}",DP2024-08716,1007 89 AV SW,SAVELICA DESIGN,Residential - Multi-Family,"NEW: DWELLING UNITS (1 BUILDING), SECONDARY SUITES (5 SUITES), ACCESSORY RESIDENTIAL BUILDING (GARAGE): MOBILITY STORAGE, TREES",C1020; C1540; C2626,ACCESSORY RESIDENTIAL BUILDING; DWELLING UNIT; SECONDARY SUITE,Permitted with a Relaxation,H-GO,Housing - Grade Oriented District (H-GO),Revoked,2024-12-12T00:00:00.000,2025-05-30T00:00:00.000,,2027-05-30T00:00:00.000,Approval,Development Authority,HAY,HAYSBORO,11,SW,50.973,-114.085,2,Titled Parcel;Building,1007 89 AV SW;1007 89 AV SW,"{""type"":""MultiPoint"",""coordinates"":[[-114.0851074,50.9734437],[-114.0850874,50.9733675]]}","MULTIPOINT ((-114.08510742312944 50.97344372636473),(-114.08508737799932 50.97336748909799))",2025-07-28T00:00:00.000,SDAB2025-0082,2025-07-17T00:00:00.000,Appeal Allowed -  Permit Revoked,2025-07-28T00:00:00.000
"{'type': 'Point', 'coordinates': [-114.06548562406128, 51.081394717792584]}",DP2024-03723,207 32 AV NW,NINES DESIGN,Residential - Multi-Family,"NEW: TOWNHOUSE (1 BUILDING), SEMI - DETACHED DWELLING, SECONDARY SUITES (5 SUITES), ACCESSORY RESIDENTIAL BUILDING (MOBILITY STORAGE)",C1020; C2626; C9999,ACCESSORY RESIDENTIAL BUILDING; SECONDARY SUITE; OTHER,Discretionary,R-CG,Residential - Grade-Oriented Infill,Released,2024-05-27T00:00:00.000,2025-01-29T00:00:00.000,2025-11-18T00:00:00.000,2027-01-29T00:00:00.000,Approval,Development Authority,TUX,TUXEDO PARK,7,NW,51.081,-114.065,1,Titled Parcel,207 32 AV NW,"{""type"":""Point"",""coordinates"":[-114.0654856,51.0813947]}",POINT (-114.06548562406128 51.081394717792584),,,,,
"{'type': 'Point', 'coordinates': [-114.07980159558522, 51.04898546674628]}",DP2026-02507,820 5 AV SW,FENIX ENGINEERING,Change of Use - With Change to Site Plan,CHANGES TO SITE PLAN: CHANGES TO SITE PLAN (LOADING RAMP - SOUTH ELEVATION),C9999,OTHER,Discretionary,CR20-C20/R20,Commercial Residential District,Hold,2026-04-30T00:00:00.000,,,,,,DNC,DOWNTOWN COMMERCIAL CORE,7,SW,51.049,-114.080,1,Titled Parcel,820 5 AV SW,"{""type"":""Point"",""coordinates"":[-114.0798016,51.0489855]}",POINT (-114.07980159558522 51.04898546674628),,,,,
"{'type': 'Point', 'coordinates': [-114.20536382268433, 51.09333518928044]}",DP2025-06905,4639 81 ST NW,LASTING LEGACIES,Residential - Multi-Family,"NEW: TOWNHOUSE (1 BUILDING), SECONDARY SUITES (4 SUITES), ACCESSORY RESIDENTIAL BUILDING (GARAGE AND MOBILITY STORAGE)",C1020; C2626; C2870,ACCESSORY RESIDENTIAL BUILDING; SECONDARY SUITE; TOWNHOUSE,Discretionary,R-CG,Residential - Grade-Oriented Infill,Pending Appeal,2025-12-02T00:00:00.000,2026-03-30T00:00:00.000,,2028-03-30T00:00:00.000,Approval,Development Authority,BOW,BOWNESS,1,NW,51.093,-114.205,2,Titled Parcel;Building,4639 81 ST NW;4639 81 ST NW,"{""type"":""MultiPoint"",""coordinates"":[[-114.2053638,51.0933352],[-114.2055151,51.0933549]]}","MULTIPOINT ((-114.20536382268433 51.09333518928044),(-114.20551507438407 51.093354925537454))",,,,,
"{'type': 'Point', 'coordinates': [-114.07303198602011, 51.07065895327857]}",DP2024-08908,526 20 AV NW,JOHN TRINH & ASSOCIATES,Residential - Multi-Family,"NEW: DWELLING UNIT, (2 BUILDINGS), SECONDARY SUITE, ACCESSORY RESIDENTIAL BUILDING (GARAGE); MOBILITY STORAGE LOCKER; HEIGHT CHAMFER",C1020; C1540; C2626,ACCESSORY RESIDENTIAL BUILDING; DWELLING UNIT; SECONDARY SUITE,Permitted with a Relaxation,H-GO,Housing - Grade Oriented District (H-GO),Released,2024-12-18T00:00:00.000,2025-06-02T00:00:00.000,2025-06-27T00:00:00.000,2027-06-02T00:00:00.000,Approval,Development Authority,MOP,MOUNT PLEASANT,7,NW,51.071,-114.073,1,Titled Parcel,526 20 AV NW,"{""type"":""Point"",""coordinates"":[-114.073032,51.070659]}",POINT (-114.07303198602011 51.07065895327857),,,,,
"{'type': 'Point', 'coordinates': [-114.19332913731019, 51.084352547769825]}",DP2026-01974,3512 73 ST NW,ANDISON RESIDENTIAL DESIGN,Residential - Multi-Family,"REVISION: REVISION TO DP2024-07085; ROWHOUSE BUILDING, SECONDARY SUITE, ACCESSORY RESIDENTIAL BUILDING (LANDSCAPING AND MOBILITY STORAGE)",C1020; C2540; C2626,ACCESSORY RESIDENTIAL BUILDING; ROWHOUSE BUILDING; SECONDARY SUITE,Discretionary,R-CG,Residential - Grade-Oriented Infill,In Circulation,2026-04-08T00:00:00.000,,,,,,BOW,BOWNESS,1,NW,51.084,-114.193,1,Titled Parcel,3512 73 ST NW,"{""type"":""Point"",""coordinates"":[-114.1933291,51.0843525]}",POINT (-114.19332913731019 51.084352547769825),,,,,
"{'type': 'Point', 'coordinates': [-114.0796942645342, 50.979733681558066]}",DP2024-08882,708 HERITAGE DR SW,COLLECTIVE DESIGN YYC,Residential - Multi-Family,"NEW: DWELLING UNITS (2 BUILDINGS), ACCESSORY RESIDENTIAL BUILDING (CARPORT AND MOBILITY STORAGE), SECONDARY SUITES (6 SUITES)",C1020; C1540; C2626,ACCESSORY RESIDENTIAL BUILDING; DWELLING UNIT; SECONDARY SUITE,Permitted with a Relaxation,H-GO,Housing - Grade Oriented District (H-GO),Pending Release,2024-12-18T00:00:00.000,2025-04-04T00:00:00.000,,2027-04-04T00:00:00.000,Approval,Development Authority,KIN,KINGSLAND,11,SW,50.980,-114.080,2,Titled Parcel;Building,708 HERITAGE DR SW;708 HERITAGE DR SW,"{""type"":""MultiPoint"",""coordinates"":[[-114.0796943,50.9797337],[-114.0797355,50.9798302]]}","MULTIPOINT ((-114.0796942645342 50.979733681558066),(-114.07973552860219 50.97983024019179))",,,,,
"{'type': 'Point', 'coordinates': [-114.17464690235538, 51.082295038286794]}",DP2025-03552,6123 33 AV NW,WIZ DESIGN & BUILD,Residential - Multi-Family,"NEW: ACCESSORY RESIDENTIAL BUILDING (GARAGE); CHANGES TO SITE PLAN: TOWNHOUSE (COMMON AMENITY SPACE, MOBILITY STORAGE LOCKERS, BICYCLE STALLS, LANDSCAPING)",C1020; C2870,ACCESSORY RESIDENTIAL BUILDING; TOWNHOUSE,Discretionary,R-CG,Residential - Grade-Oriented Infill,Pending Release,2025-06-18T00:00:00.000,2025-10-23T00:00:00.000,,2027-10-23T00:00:00.000,Approval,Development Authority,BOW,BOWNESS,1,NW,51.082,-114.175,1,Titled Parcel,6123 33 AV NW,"{""type"":""Point"",""coordinates"":[-114.1746469,51.082295]}",POINT (-114.17464690235538 51.082295038286794),,,,,
"{'type': 'Point', 'coordinates': [-114.0509659853479, 51.06100223237459]}",DP2023-08822,1009 5 ST NE,MARCEL DESIGN STUDIO,Residential - Multi-Family,"NEW: SEMI-DETACHED DWELLING (2 BUILDINGS), SECONDARY SUITE (3), ACCESSORY RESIDENTIAL BUILDING (MOBILITY STORAGE LOCKERS)",C2640,SEMI-DETACHED DWELLING,Discretionary,R-CG,Residential - Grade-Oriented Infill,Pending Release,2023-12-15T00:00:00.000,2024-05-24T00:00:00.000,,2028-05-24T00:00:00.000,Approval,Development Authority,REN,RENFREW,9,NE,51.061,-114.051,1,Titled Parcel,1009 5 ST NE,"{""type"":""Point"",""coordinates"":[-114.050966,51.0610022]}",POINT (-114.0509659853479 51.06100223237459),,,,,
"{'type': 'Point', 'coordinates': [-114.15592810068576, 51.039124617050916]}",DP2024-06022,1635 47 ST SW,SHUGARMAN ARCHITECTURE AND DESIGN,Residential - Multi-Family,"NEW: ROWHOUSE BUILDING, SEMI-DETACHED, SECONDARY SUITE (12 SUITES), ACCESSORY RESIDENTIAL BUILDING (CARPORT, MOBILITY STORAGE)    ",C2540,ROWHOUSE BUILDING,Discretionary,R-CG,Residential - Grade-Oriented Infill,Pending Release,2024-08-16T00:00:00.000,2025-02-06T00:00:00.000,,2027-04-28T00:00:00.000,Approval,Development Authority,WGT,WESTGATE,6,SW,51.039,-114.156,6,Titled Parcel;Titled Parcel;Titled Parcel;Building;Building;Building,1627 47 ST SW;1635 47 ST SW;1631 47 ST SW;1635 47 ST SW;1631 47 ST SW;1627 47 ST SW,"{""type"":""MultiPoint"",""coordinates"":[[-114.1559281,51.0391246],[-114.1559348,51.0387953],[-114.1559411,51.0389602],[-114.1561259,51.0388081],[-114.1560766,51.0389852],[-114.1560821,51.039117]]}","MULTIPOINT ((-114.15592810068576 51.039124617050916),(-114.15593475225108 51.038795331653695),(-114.15594106636519 51.03896024017509),(-114.15612586323601 51.03880808468121),(-114.15607658106366 51.038985239570245),(-114.15608209977145 51.0391169589891))",,SDAB2025-0023,2025-04-10T00:00:00.000,Appeal Struck  -  Application Approved,2025-04-28T00:00:00.000
"{'type': 'Point', 'coordinates': [-114.11866961598119, 51.182757933869745]}",DP2023-02603,180 EVANSBOROUGH CR NW,,Relaxation - Existing - Residential,"ADDITION: SINGLE DETACHED DWELLING (EAST SIDE - COVERED WHEELCHAIR RAMP, REAR - BASEMENT) - SETBACK FROM SIDE & REAR PROPERTY LINE; NEW: DECK - PROJECTION INTO REAR SETBACK AREA",C2730,SINGLE DETACHED DWELLING,Permitted with a Relaxation,R-G,Residential - Low Density Mixed Housing,Released,2023-04-26T00:00:00.000,2025-06-27T00:00:00.000,2025-07-26T00:00:00.000,2027-06-27T00:00:00.000,Approval,Development Authority,EVN,EVANSTON,2,NW,51.183,-114.119,2,Titled Parcel;Building,180 EVANSBOROUGH CR NW;180 EVANSBOROUGH CR NW,"{""type"":""MultiPoint"",""coordinates"":[[-114.1186696,51.1827579],[-114.1185838,51.1828818]]}","MULTIPOINT ((-114.11866961598119 51.182757933869745),(-114.118583828714 51.1828818245673))",,,,,
"{'type': 'Point', 'coordinates': [-114.02715247243631, 51.0415789030092]}",DP2024-05493,45 NEW ST SE,BOLD WORKSHOP ARCHITECTURE,Residential - Multi-Family,"NEW: DWELLING UNITS (2 BUILDINGS), ACCESSORY RESIDENTIAL BUILDING (MOBILITY STORAGE LOCKERS)",C1020; C1540,ACCESSORY RESIDENTIAL BUILDING; DWELLING UNIT,Permitted,H-GO,Housing - Grade Oriented District (H-GO),Released,2024-07-25T00:00:00.000,2025-02-27T00:00:00.000,2025-07-31T00:00:00.000,2027-02-27T00:00:00.000,Approval,Development Authority,ING,INGLEWOOD,9,SE,51.042,-114.027,2,Titled Parcel;Building,45 NEW ST SE;45 NEW ST SE,"{""type"":""MultiPoint"",""coordinates"":[[-114.0271525,51.0415789],[-114.0271945,51.0414977]]}","MULTIPOINT ((-114.02715247243631 51.0415789030092),(-114.02719449087996 51.04149767994518))",,SDAB2025-0032,2025-05-22T00:00:00.000,Appeal Struck  -  Application Approved,2025-06-06T00:00:00.000
